CASE_ID,ACCIDENT_YEAR,PROC_DATE,JURIS,COLLISION_DATE,COLLISION_TIME,OFFICER_ID,REPORTING_DISTRICT,DAY_OF_WEEK,CHP_SHIFT,POPULATION,CNTY_CITY_LOC,SPECIAL_COND,BEAT_TYPE,CHP_BEAT_TYPE,CITY_DIVISION_LAPD,CHP_BEAT_CLASS,BEAT_NUMBER,PRIMARY_RD,SECONDARY_RD,DISTANCE,DIRECTION,INTERSECTION,WEATHER_1,WEATHER_2,STATE_HWY_IND,CALTRANS_COUNTY,CALTRANS_DISTRICT,STATE_ROUTE,ROUTE_SUFFIX,POSTMILE_PREFIX,POSTMILE,LOCATION_TYPE,RAMP_INTERSECTION,SIDE_OF_HWY,TOW_AWAY,COLLISION_SEVERITY,NUMBER_KILLED,NUMBER_INJURED,PARTY_COUNT,PRIMARY_COLL_FACTOR,PCF_CODE_OF_VIOL,PCF_VIOL_CATEGORY,PCF_VIOLATION,PCF_VIOL_SUBSECTION,HIT_AND_RUN,TYPE_OF_COLLISION,MVIW,PED_ACTION,ROAD_SURFACE,ROAD_COND_1,ROAD_COND_2,LIGHTING,CONTROL_DEVICE,CHP_ROAD_TYPE,PEDESTRIAN_ACCIDENT,BICYCLE_ACCIDENT,MOTORCYCLE_ACCIDENT,TRUCK_ACCIDENT,NOT_PRIVATE_PROPERTY,ALCOHOL_INVOLVED,STWD_VEHTYPE_AT_FAULT,CHP_VEHTYPE_AT_FAULT,COUNT_SEVERE_INJ,COUNT_VISIBLE_INJ,COUNT_COMPLAINT_PAIN,COUNT_PED_KILLED,COUNT_PED_INJURED,COUNT_BICYCLIST_KILLED,COUNT_BICYCLIST_INJURED,COUNT_MC_KILLED,COUNT_MC_INJURED,PRIMARY_RAMP,SECONDARY_RAMP,LATITUDE,LONGITUDE,COUNTY,CITY,POINT_X,POINT_Y
6612052,2014,2014-09-16,1602,2014-08-19,1410,1429,48,2,5,4,1602,0,0,0,,0,003,"N REDINGTON ST","7TH ST",0.00,,Y,A,-,N,,,,,,,,,,Y,4,0,1,2,A,-,12,21453,A,N,D,C,A,A,H,-,A,A,0,,,,,Y,,D,22,0,0,1,0,0,0,0,0,0,"- ","- ",,,KINGS,HANFORD,-119.64888996000001,36.3261301
6612056,2014,2014-09-22,1602,2014-08-28,1235,1429,46,4,5,4,1602,0,0,0,,0,003,"11TH AV","7TH ST",60.00,S,N,A,-,N,,,,,,,,,,Y,4,0,2,3,A,-,03,22350,,N,C,C,A,A,D,-,A,A,0,,,,,Y,,A,07,0,0,2,0,0,0,0,0,0,"- ","- ",36.324660000000002,-119.65523,KINGS,HANFORD,-119.65518283999999,36.325045320000001
6612496,2014,2014-09-16,1602,2014-08-21,2000,1465,30,4,5,4,1602,0,0,0,,0,001,"MERRITT ST","CENTENNIAL DR",0.00,,Y,A,-,N,,,,,,,,,,Y,3,0,1,2,A,-,09,21802,A,N,H,J,A,A,H,-,C,D,0,,,Y,,Y,,A,01,0,1,0,0,0,0,0,0,1,"- ","- ",36.33305,-119.66692,KINGS,HANFORD,-119.68001996,36.33474004
6612524,2014,2014-09-16,1602,2014-08-26,1306,1429,34,2,5,4,1602,0,0,0,,0,002,"W GRANGEVILLE BL","N IRWIN ST",0.00,,Y,A,-,N,,,,,,,,,,Y,4,0,2,2,A,-,09,21802,A,N,D,D,A,A,H,-,A,A,0,,,,,Y,,A,07,0,0,2,0,0,0,0,0,0,"- ","- ",,,KINGS,HANFORD,-119.64766985999999,36.342700020000002
6629469,2014,2016-05-11,9440,2014-08-14,1655,018484,,4,2,9,1600,0,1,3,,1,430,"RT 43","JACKSON AV",0.00,,Y,A,-,Y,KIN,6,43,-,-,13.390,I,5,N,Y,4,0,1,2,A,-,09,21802,A,N,D,C,A,A,H,-,A,A,0,,,,,Y,,A,01,0,0,1,0,0,0,0,0,0,"- ","- ",36.254910000000002,-119.60077,KINGS,UNINCORPORATED,-119.60073172,36.254927780000003
6629472,2014,2014-10-07,9440,2014-08-06,1255,16585,,3,1,9,1600,0,3,5,,2,010,"IONA AV","9TH AV",2640.00,W,N,A,-,N,,,,,,,,,,Y,4,0,1,1,A,-,03,22350,,N,E,I,A,A,B,D,A,D,0,,,,,Y,,D,22,0,0,1,0,0,0,0,0,0,"- ","- ",36.283740000000002,-119.62363999999999,KINGS,UNINCORPORATED,-119.62787714,36.284046930000002
6629475,2014,2014-10-08,9440,2014-08-15,0740,012323,,5,1,9,1600,0,2,4,,1,067,"14TH AV","EVERETT AV",16.00,S,N,A,-,N,,,,,,,,,,Y,4,0,1,2,A,-,05,21752,D,N,D,C,A,A,H,-,A,D,0,,,,Y,Y,,A,01,0,0,1,0,0,0,0,0,0,"- ","- ",36.391500000000001,-119.70889,KINGS,UNINCORPORATED,-119.70896999999999,36.391526079999998
6629476,2014,2014-10-07,9440,2014-08-22,1745,018484,,5,2,9,1600,0,2,4,,1,067,"14TH AV","HANFORD ARMONA RD",15.00,S,N,A,-,N,,,,,,,,,,N,4,0,2,2,A,-,21,22106,,N,C,C,A,A,H,-,A,A,0,,,,,Y,,D,22,0,0,2,0,0,0,0,0,0,"- ","- ",36.313519999999997,-119.70901000000001,KINGS,UNINCORPORATED,-119.70903152,36.31351884
6629479,2014,2016-05-10,9440,2014-08-30,2135,018566,,6,2,9,1600,0,1,3,,1,410,"RT 41","LACEY BL",1056.00,N,N,A,-,Y,KIN,6,41,-,-,43.350,H,-,S,Y,3,0,5,2,A,-,01,23152,A,N,C,C,A,A,H,-,D,D,5,,,,,Y,Y,A,01,0,2,3,0,0,0,0,0,0,"- ","- ",36.33135,-119.80826999999999,KINGS,UNINCORPORATED,-119.80818692,36.330819900000002
6629480,2014,2014-11-05,9440,2014-09-01,1515,018566,,1,2,9,1600,0,2,4,,1,070,"22ND AV","GRANGEVILLE BL",0.00,,Y,A,-,N,,,,,,,,,,Y,3,0,3,2,A,-,12,22450,A,N,D,C,A,A,H,-,A,A,0,,,,,Y,,D,22,0,3,0,0,0,0,0,0,0,"- ","- ",36.34404,-119.85084000000001,KINGS,UNINCORPORATED,-119.85126986,36.343970069999997
6629482,2014,2016-01-15,9440,2014-08-25,1940,016774,,1,2,9,1600,0,2,4,,1,043,"FLINT AV","RT 43",1056.00,W,N,A,-,N,,,,,,,,,,N,3,0,1,1,A,-,08,22107,,N,E,I,A,A,H,-,B,D,0,,,,,Y,,D,22,0,1,0,0,0,0,0,0,0,"- ","- ",36.372010000000003,-119.64205,KINGS,UNINCORPORATED,-119.64062388000001,36.371940000000002
6629490,2014,2016-05-10,9440,2014-08-01,1525,015975,,5,2,9,1600,0,1,3,,1,410,"RT 41","GRANGEVILLE BL",0.00,,Y,A,-,Y,KIN,6,41,-,R,44.153,I,5,N,Y,3,0,1,2,A,-,12,21453,A,N,D,C,A,A,H,-,A,A,5,,,,Y,Y,,G,26,0,1,0,0,0,0,0,0,0,"- ","- ",36.342559999999999,-119.8079,KINGS,UNINCORPORATED,-119.80784763,36.342477469999999
6629492,2014,2014-10-06,9440,2014-07-26,2300,18566,,6,3,9,1600,0,2,4,,1,040,"AVENAL CUTOFF RD","25TH AV",0.00,,Y,A,-,N,,,,,,,,,,N,3,0,2,3,A,-,03,22350,,F,D,E,F,A,H,-,C,A,0,Y,,,,Y,Y,D,22,0,2,0,0,1,0,0,0,0,"- ","- ",36.220610000000001,-119.90537999999999,KINGS,UNINCORPORATED,-119.90520993,36.220830079999999
6629495,2014,2014-10-07,9440,2014-07-22,1455,17312,,2,2,9,1600,0,2,4,,1,041,"EXCELSIOR AV","12TH AV",0.00,,Y,A,-,N,,,,,,,,,,Y,3,0,1,3,A,-,12,22450,A,N,D,C,A,A,H,-,A,A,0,,,,,Y,Y,D,22,0,1,0,0,0,0,0,0,0,"- ","- ",36.401130000000002,-119.67298,KINGS,UNINCORPORATED,-119.67293998,36.401130049999999
6629799,2014,2016-05-10,9495,2014-09-13,1810,019834,,6,2,9,1600,0,1,3,,1,010,"RT 41","BERNARD DR",10.00,N,N,A,-,Y,KIN,6,41,-,-,16.730,H,-,S,N,4,0,1,2,A,-,03,22350,,N,C,C,A,A,H,-,A,A,0,,,,,Y,,A,01,0,0,1,0,0,0,0,0,0,"- ","- ",35.988329999999998,-119.95968999999999,KINGS,UNINCORPORATED,-119.95977404,35.988086619999997
6629803,2014,2016-05-12,9495,2014-09-03,0001,019424,,3,3,9,1600,0,1,1,,2,004,"RT 5","RT 41",5386.00,S,N,A,-,Y,KIN,6,5,-,-,15.550,H,-,N,Y,4,0,1,1,A,-,01,23152,A,N,E,I,A,A,H,-,D,D,1,,,,,Y,Y,A,07,0,0,1,0,0,0,0,0,0,"- ","- ",35.966009999999997,-119.94447,KINGS,UNINCORPORATED,-119.94830646,35.970182829999999
6629811,2014,2016-05-12,9495,2014-09-09,0110,019610,,2,3,9,1600,0,1,1,,2,004,"RT 5","UTICA AV",3696.00,N,N,A,-,Y,KIN,6,5,-,-,13.060,H,-,N,Y,4,0,1,1,A,-,08,22107,,N,E,I,A,A,H,-,D,D,1,,,,,Y,,A,01,0,0,1,0,0,0,0,0,0,"- ","- ",35.923099999999998,-119.9091,KINGS,UNINCORPORATED,-119.91982212000001,35.942366110000002
6629936,2014,2016-05-10,9440,2014-08-08,0735,012806,,5,1,9,1600,0,1,3,,1,410,"RT 41","KINGS RIVER BRIDGE 45-07",657.00,S,N,A,-,Y,KIN,6,41,-,-,32.190,H,-,N,Y,3,0,4,1,A,-,05,21650,,N,E,I,A,A,H,-,A,D,0,,,,,Y,,A,07,0,2,2,0,0,0,0,0,0,"- ","- ",36.179079999999999,-119.83512,KINGS,UNINCORPORATED,-119.83528235,36.179231590000001
6629940,2014,2014-09-26,9440,2014-08-12,1836,016961,,2,2,9,1600,0,2,4,,1,048,"HOUSTON AV","SHAW PL",2.00,E,N,A,-,N,,,,,,,,,,N,3,0,1,2,A,-,12,22450,A,N,D,C,A,A,H,-,A,A,0,,,Y,,Y,Y,C,02,0,1,0,0,0,0,0,0,1,"- ","- ",36.298659999999998,-119.63111000000001,KINGS,UNINCORPORATED,-119.63124322,36.298619870000003
6629944,2014,2014-09-26,9440,2014-08-02,0500,012806,,6,3,9,1600,0,2,4,,1,049,"JACKSON AV","AVENAL CUTOFF RD",3168.00,E,N,A,-,N,,,,,,,,,,Y,3,0,1,1,A,-,01,23152,A,N,E,I,A,A,H,-,D,A,0,,,,,Y,Y,A,01,0,1,0,0,0,0,0,0,0,"- ","- ",36.255830000000003,-119.85832000000001,KINGS,UNINCORPORATED,-119.85919740999999,36.255710059999998
6629948,2014,2014-09-26,9440,2014-08-09,2000,018566,,6,2,9,1600,0,3,5,,2,010,"IDAHO AV","RT 43",2640.00,E,N,A,-,N,,,,,,,,,,Y,3,0,1,1,A,-,01,23152,A,N,E,I,A,A,H,-,A,D,0,,,,,Y,Y,A,01,0,1,0,0,0,0,0,0,0,"- ","- ",36.26952,-119.59649,KINGS,UNINCORPORATED,-119.59175974,36.269431609999998
6629952,2014,2014-09-26,9440,2014-08-15,1025,16585,,5,1,9,1600,0,3,5,,2,020,"15TH AV","HANFORD ARMONA RD",358.00,S,N,A,-,N,,,,,,,,,,Y,2,0,1,1,A,-,"- ",,,N,H,F,A,A,H,-,A,A,0,,,,,Y,,A,01,1,0,0,0,0,0,0,0,0,"- ","- ",36.312460000000002,-119.73698,KINGS,UNINCORPORATED,-119.7269778,36.312547549999998
6631009,2014,2016-05-26,9495,2014-09-14,0850,019015,,7,1,9,1600,0,1,3,,1,010,"RT 41","UTICA AV",3696.00,N,N,A,-,Y,KIN,6,41,-,-,12.350,H,-,S,Y,4,0,1,1,A,-,08,22107,,N,F,A,A,A,H,-,A,D,0,,,,,Y,,A,01,0,0,1,0,0,0,0,0,0,"- ","- ",35.943300000000001,-120.00955999999999,KINGS,UNINCORPORATED,-120.008916,35.943876090000003
6631131,2014,2014-10-02,1602,2014-08-29,0921,1462,38,5,5,4,1602,0,0,0,,0,001,"WEST LACEY BL","MATHER DR",21.00,W,N,A,-,N,,,,,,,,,,Y,4,0,1,3,A,-,09,21802,,N,D,D,A,A,H,-,A,A,0,,,,,Y,,A,01,0,0,1,0,0,0,0,0,0,"- ","- ",36.327979999999997,-119.66728999999999,KINGS,HANFORD,-119.66657124,36.328139640000003
6631139,2014,2014-10-27,1602,2014-08-02,1838,1466,36,6,5,4,1602,0,0,0,,0,002,"N 10TH AV","E CAMERON",0.00,,Y,A,-,N,,,,,,,,,,N,4,0,1,2,A,-,05,21650,1,F,G,B,A,A,H,-,A,D,0,,Y,,,Y,,L,04,0,0,1,0,0,0,1,0,0,"- ","- ",,,KINGS,HANFORD,-119.63705988,36.337210110000001
6631147,2014,2014-10-22,1602,2014-08-28,2149,1458,60,4,5,4,1602,0,0,0,,0,003,"HUME AV","MONTEREY DR",0.00,,Y,A,-,N,,,,,,,,,,Y,4,0,1,1,A,-,03,22350,,N,E,I,A,A,H,-,C,D,0,,,,,Y,,A,01,0,0,1,0,0,0,0,0,0,"- ","- ",36.315849999999998,-119.64512000000001,KINGS,HANFORD,-119.66754985,36.305630090000001
6631179,2014,2015-11-19,1600,2014-08-08,2044,126,KINGS,5,5,3,1690,0,0,0,,0,002,"7TH AV","SHASTA ST",107.00,N,N,A,-,N,,,,,,,,,,Y,3,0,1,3,A,-,08,22107,,N,C,E,A,A,H,-,D,D,0,,,,,Y,Y,-,,0,1,0,0,0,0,0,0,0,"- ","- ",,,KINGS,AVENAL,-120.12891534000001,36.00215378
6632574,2014,2014-09-26,9440,2014-07-13,1930,017161,,7,2,9,1600,0,2,4,,1,062,"10TH AV","WHITLEY AV",1584.00,N,N,A,-,N,,,,,,,,,,N,3,0,1,1,A,-,01,23152,A,N,F,A,A,A,H,-,A,D,0,,,,,Y,Y,A,01,0,1,0,0,0,0,0,0,0,"- ","- ",36.100239999999999,-119.64433,KINGS,UNINCORPORATED,-119.64424778,36.102307670000002
6633367,2014,2014-10-02,9440,2014-08-31,2139,016961,,7,2,9,1600,0,2,4,,1,050,"KANSAS AV","10 1/2 AV",140.00,E,N,A,-,N,,,,,,,,,,Y,4,0,2,2,A,-,01,23152,A,N,C,C,A,A,H,-,D,D,0,,,,,Y,Y,E,22,0,0,2,0,0,0,0,0,0,"- ","- ",36.211820000000003,-119.64541,KINGS,UNINCORPORATED,-119.6454358,36.211269999999999
6633371,2014,2014-10-02,9440,2014-08-27,0750,018625,,3,1,9,1600,0,3,5,,2,010,"BENECIA AV","5 1/2 AV",25.00,E,N,A,-,N,,,,,,,,,,Y,3,0,3,1,A,-,08,22107,,N,F,A,A,A,H,-,A,D,0,,,,,Y,,D,22,0,1,2,0,0,0,0,0,0,"- ","- ",36.481310000000001,-119.55864,KINGS,UNINCORPORATED,-119.55723503,36.481370140000003
6633379,2014,2016-05-10,9440,2014-09-04,1359,012806,,4,1,9,1600,0,1,3,,1,410,"RT 41","JACKSON AV",0.00,,Y,A,-,Y,KIN,6,41,-,R,37.792,I,5,N,Y,3,0,3,2,A,-,09,21802,A,N,D,C,A,A,H,-,A,A,0,,,,,Y,,D,22,0,2,1,0,0,0,0,0,0,"- ","- ",36.254530000000003,-119.80875,KINGS,UNINCORPORATED,-119.80875,36.254530000000003
6633383,2014,2016-05-10,9440,2014-09-11,1233,012806,,4,1,9,1600,0,1,3,,1,410,"RT 41","GRANGEVILLE BL",68.00,S,N,A,-,Y,KIN,6,41,-,R,44.140,H,-,S,Y,4,0,1,2,A,-,09,21802,A,N,C,C,A,A,H,-,A,A,5,,,,,Y,,A,08,0,0,1,0,0,0,0,0,0,"- ","- ",36.34205,-119.80831000000001,KINGS,UNINCORPORATED,-119.80821281,36.342287040000002
6633391,2014,2014-11-03,9440,2014-09-09,1345,013492,,2,1,9,1600,0,2,4,,1,065,"12TH AV","DOVER AV",0.00,,Y,A,-,N,,,,,,,,,,Y,4,0,1,2,A,-,05,21752,D,N,D,C,A,A,H,-,A,D,0,,,,,Y,,D,22,0,0,1,0,0,0,0,0,0,"- ","- ",36.41581,-119.67279000000001,KINGS,UNINCORPORATED,-119.67274992,36.415830010000001
6633411,2014,2014-10-10,9440,2014-09-06,2133,018994,,6,2,9,1600,0,3,5,,2,030,"19TH AV","KANSAS AV",0.00,,Y,A,-,N,,,,,,,,,,Y,3,0,2,2,A,-,12,22450,A,N,D,C,A,A,H,-,D,A,0,,,,,Y,,D,22,0,2,0,0,0,0,0,0,0,"- ","- ",,,KINGS,UNINCORPORATED,-119.79814996,36.211420109999999
6633441,2014,2016-05-16,9440,2014-09-01,1140,013492,,1,1,9,1600,0,1,3,,1,198,"RT 198","7TH AV",2864.00,E,N,A,-,Y,KIN,6,198,-,R,22.860,H,-,E,Y,3,0,5,1,A,-,08,22107,,N,E,I,A,A,H,-,A,D,0,,,,,Y,,A,01,0,2,3,0,0,0,0,0,0,"- ","- ",36.32826,-119.57371000000001,KINGS,UNINCORPORATED,-119.56709660999999,36.328157009999998
6633497,2014,2014-10-30,9440,2014-09-17,0830,015975,,3,1,9,1600,0,2,4,,1,045,"GRANGEVILLE BL","CROSS CREEK BRIDGE",372.00,E,N,A,-,N,,,,,,,,,,Y,4,0,1,1,A,-,08,22107,,N,F,A,A,A,H,-,A,D,0,,,,,Y,,A,01,0,0,1,0,0,0,0,0,0,"- ","- ",36.343069999999997,-119.53435,KINGS,UNINCORPORATED,-119.53430772,36.343121259999997
6633501,2014,2014-10-30,9440,2014-09-01,1150,014363,,1,1,9,1600,0,2,4,,1,065,"12TH AV","IDAHO AV",2112.00,S,N,A,-,N,,,,,,,,,,Y,3,0,1,1,A,-,08,22107,,N,F,A,A,A,H,-,A,D,0,,,,,Y,,A,01,0,1,0,0,0,0,0,0,0,"- ","- ",36.262419999999999,-119.67283999999999,KINGS,UNINCORPORATED,-119.67273527,36.263492820000003
6633505,2014,2014-10-30,9440,2014-09-04,0610,012806,,4,1,9,1600,0,3,5,,2,030,"LINCOLN AV","20TH AV",191.00,E,N,A,-,N,,,,,,,,,,Y,2,0,1,1,A,-,08,22107,,N,F,A,A,A,H,-,B,D,0,,,,,Y,,A,01,1,0,0,0,0,0,0,0,0,"- ","- ",36.181989999999999,-119.81596,KINGS,UNINCORPORATED,-119.81538326,36.18206515
6633509,2014,2014-10-30,9440,2014-09-04,1205,015975,,4,1,9,1600,0,2,4,,1,046,"LACEY BL","13TH AV",0.00,,Y,A,-,N,,,,,,,,,,Y,3,0,2,2,A,-,12,22450,A,N,A,C,A,A,H,-,A,A,0,,,,,Y,,A,01,0,1,1,0,0,0,0,0,0,"- ","- ",36.328009999999999,-119.69064,KINGS,UNINCORPORATED,-119.69098993999999,36.32807004
6633513,2014,2014-10-30,9440,2014-09-09,1550,016774,,2,2,9,1600,0,2,4,,1,041,"EXCELSIOR AV","12 3/4 AV",3.00,W,N,A,-,N,,,,,,,,,,Y,3,0,1,2,A,-,04,21703,,N,C,C,A,A,H,-,A,A,0,,,,,Y,,A,01,0,1,0,0,0,0,0,0,0,"- ","- ",36.401150000000001,-119.68687,KINGS,UNINCORPORATED,-119.68649019,36.401179980000002
6633514,2014,2014-10-30,9440,2014-09-14,1214,014363,,7,1,9,1600,0,2,4,,1,046,"LACEY BL","15TH AV",18.00,E,N,A,-,N,,,,,,,,,,Y,4,0,2,2,A,-,21,22106,,N,D,C,A,A,H,-,A,D,0,,,,,Y,,A,01,0,0,2,0,0,0,0,0,0,"- ","- ",36.328020000000002,-119.72673,KINGS,UNINCORPORATED,-119.72681894,36.328059930000002
6634260,2014,2016-05-16,9440,2014-08-19,1437,018625,,2,2,9,1600,0,1,3,,1,198,"RT 198","12TH AV",528.00,W,N,A,-,Y,KIN,6,198,-,R,16.740,R,1,E,N,4,0,2,2,A,-,03,22350,,N,C,C,A,A,H,-,A,D,1,,,,,Y,,A,01,0,0,2,0,0,0,0,0,0,TO,"- ",,,KINGS,UNINCORPORATED,-119.67599183999999,36.31807019
6634569,2014,2014-09-26,9440,2014-08-16,2340,18994,,6,3,9,1600,0,3,5,,2,010,"DAVID ST","CURTIS ST",137.00,N,N,A,-,N,,,,,,,,,,N,2,0,1,1,A,-,21,22106,,N,H,A,A,A,H,-,C,D,0,,,,,Y,,A,01,1,0,0,0,0,0,0,0,0,"- ","- ",36.325879999999998,-119.61046,KINGS,UNINCORPORATED,-119.61046,36.325696030000003
6634570,2014,2016-05-10,9440,2014-08-27,0755,11652,,3,1,9,1600,0,1,3,,1,410,"RT 41","GRANGEVILLE BL",450.00,N,N,A,-,Y,KIN,6,41,-,R,44.240,H,-,S,N,4,0,1,2,A,-,03,22350,,N,C,C,A,A,H,-,A,A,5,,,,,Y,,A,01,0,0,1,0,0,0,0,0,0,"- ","- ",36.343769999999999,-119.80817,KINGS,UNINCORPORATED,-119.8082338,36.343744839999999
6634573,2014,2016-05-16,9440,2014-08-25,1120,13492,,1,1,9,1600,0,1,3,,1,198,"RT 198","1 1/2 AV",513.00,E,N,A,-,Y,KIN,6,198,-,-,27.930,H,-,E,Y,4,0,1,1,A,-,08,22107,,N,F,A,A,A,H,-,A,D,0,,,,,Y,,A,01,0,0,1,0,0,0,0,0,0,"- ","- ",36.328150000000001,-119.48241,KINGS,UNINCORPORATED,-119.48241142000001,36.327825249999997
6634574,2014,2016-05-16,9440,2014-08-24,2259,16961,,7,3,9,1600,0,1,3,,1,198,"RT 198","HANFORD ARMONA RD",290.00,W,N,A,-,Y,KIN,6,198,-,R,15.700,H,-,E,Y,4,0,1,2,A,-,03,22350,,N,C,C,A,A,D,-,C,D,5,,,,,Y,,A,01,0,0,1,0,0,0,0,0,0,"- ","- ",36.185099999999998,-119.41330000000001,KINGS,UNINCORPORATED,-119.69384524,36.313684010000003
6634579,2014,2016-05-16,9440,2014-08-31,2115,16774,,7,2,9,1600,0,1,3,,1,137,"RT 137","RT 43",0.00,,Y,A,-,Y,KIN,6,43,-,-,1.456,I,5,N,Y,3,0,1,2,A,-,09,21802,A,N,D,C,A,A,H,-,C,A,0,,,,,Y,,A,01,0,1,0,0,0,0,0,0,0,"- ","- ",36.098120000000002,-119.54568,KINGS,UNINCORPORATED,-119.54577845,36.09808786
6634580,2014,2016-05-10,9440,2014-08-23,0500,18576,,6,3,9,1600,0,1,3,,1,410,"RT 41","QUAIL AV",5280.00,N,N,A,-,Y,KIN,6,41,-,-,21.040,H,-,S,Y,3,0,2,1,A,-,01,23152,A,N,F,A,A,A,H,-,D,D,0,,,,,Y,Y,A,01,0,2,0,0,0,0,0,0,0,"- ","- ",36.046669999999999,-119.94855,KINGS,UNINCORPORATED,-119.94801022,36.046820410000002
6637330,2014,2014-10-01,9440,2014-08-31,1310,011652,,7,1,9,1600,0,2,4,,1,046,"LACEY BL","13TH AV",0.00,,Y,A,-,N,,,,,,,,,,Y,3,0,4,3,A,-,12,22450,A,N,D,C,A,A,H,-,A,A,0,,,,,Y,Y,A,07,0,2,2,0,0,0,0,0,0,"- ","- ",36.326039999999999,-119.69099,KINGS,UNINCORPORATED,-119.69098993999999,36.32807004
6643264,2014,2014-10-07,9440,2014-08-23,1950,018994,,6,2,9,1600,0,2,4,,1,049,"JACKSON AV","17TH AV",20.00,E,N,A,-,N,,,,,,,,,,Y,4,0,1,2,A,-,01,23152,E,N,C,C,A,A,H,-,D,A,0,,,,,Y,,A,01,0,0,1,0,0,0,0,0,0,"- ","- ",36.254570000000001,-119.75261,KINGS,UNINCORPORATED,-119.76279221999999,36.254640799999997
6643265,2014,2014-10-07,9440,2014-08-22,2225,019226,,5,3,9,1600,0,2,4,,1,066,"12 3/4 AV","DOUGLAS AV",60.00,N,N,A,-,N,,,,,,,,,,N,3,0,1,1,A,-,08,22107,,M,E,I,A,A,H,-,D,D,0,,,,,Y,,A,01,0,1,0,0,0,0,0,0,0,"- ","- ",36.422939999999997,-119.68635999999999,KINGS,UNINCORPORATED,-119.68634068999999,36.423160090000003
6645888,2014,2014-10-17,1602,2014-09-09,1302,1457,34,2,5,4,1602,0,0,0,,0,002,"CAMERON ST","KAWEAH ST",0.00,,Y,A,-,N,,,,,,,,,,Y,4,0,1,2,A,-,09,21800,A,N,D,D,A,A,H,-,A,D,0,,,,Y,Y,,A,01,0,0,1,0,0,0,0,0,0,"- ","- ",,,KINGS,HANFORD,-119.65062994,36.336730009999997
6645896,2014,2014-10-17,1602,2014-09-10,1708,1461,61,3,5,4,1602,0,0,0,,0,003,"KIMBALL AV","MILPAS ST",21.00,S,N,A,-,N,,,,,,,,,,N,4,0,1,2,A,-,10,21950,A,N,G,B,D,A,H,-,A,D,0,Y,,,,Y,,-,,0,0,1,0,1,0,0,0,0,"- ","- ",,,KINGS,HANFORD,-119.66141924,36.310082360000003
6645900,2014,2014-10-20,1602,2014-09-18,1455,1433,25,4,5,4,1602,0,0,0,,0,002,"N 11TH AV","JANA WY",0.00,,Y,A,-,N,,,,,,,,,,Y,4,0,1,3,A,-,09,21801,A,N,B,C,A,A,H,-,A,A,0,,,,,Y,,A,08,0,0,1,0,0,0,0,0,0,"- ","- ",,,KINGS,HANFORD,-119.65506993,36.345420009999998
6645904,2014,2014-10-15,1602,2014-08-27,1840,1440,52,3,5,4,1602,0,0,0,,0,003,"S 12TH AV","POLE 4635482E",5.00,N,N,A,-,N,,,,,,,,,,N,4,0,2,2,A,-,03,22350,,N,C,C,A,A,H,-,A,D,0,,,,,Y,,D,22,0,0,2,0,0,0,0,0,0,"- ","- ",36.314509999999999,-119.67310000000001,KINGS,HANFORD,,
6645908,2014,2014-10-15,1602,2014-08-29,2500,1466,25,5,5,4,1602,0,0,0,,0,002,"N 11TH AV","NEVILLE ST",0.00,,Y,A,-,N,,,,,,,,,,N,4,0,1,2,A,-,09,21801,A,N,B,C,A,A,H,-,A,D,0,,,,,Y,,A,01,0,0,1,0,0,0,0,0,0,"- ","- ",36.340969999999999,-119.64332,KINGS,HANFORD,-119.65513994,36.340840010000001
6646964,2014,2014-10-24,1602,2014-09-07,0207,1466,4,7,5,4,1602,0,0,0,,0,002,"W WINDSOR DR",TARRAGON,0.00,,Y,A,-,N,,,,,,,,,,N,3,0,1,1,A,-,01,23152,A,N,E,J,A,A,H,-,D,D,0,,,Y,,Y,Y,C,02,0,1,0,0,0,0,0,0,1,"- ","- ",36.369109999999999,-119.62598,KINGS,HANFORD,-119.65442985,36.36417007
6646996,2014,2014-10-24,1602,2014-09-04,1513,1433,12,4,5,4,1602,0,0,0,,0,001,"N 13TH AV","GRANGEVILLE BL",639.00,S,N,A,-,N,,,,,,,,,,Y,4,0,1,2,A,-,03,22350,,N,C,C,A,A,H,-,A,D,0,,,,,Y,,A,01,0,0,1,0,0,0,0,0,0,"- ","- ",,,KINGS,HANFORD,-119.69100505,36.340845999999999
6648355,2014,2014-10-21,9440,2014-09-21,1410,014363,,7,2,9,1600,0,2,4,,1,062,"10TH AV","HOME AV",0.00,,Y,A,-,N,,,,,,,,,,N,4,0,1,2,A,-,09,21801,A,N,D,C,A,A,H,-,A,D,0,,,,,Y,,D,22,0,0,1,0,0,0,0,0,0,"- ","- ",36.304099999999998,-119.63687,KINGS,UNINCORPORATED,-119.63694996,36.30421011
6648367,2014,2016-05-26,9440,2014-09-27,2215,19226,,6,3,9,1600,0,1,3,,1,410,"RT 41","HANFORD ARMONA RD",0.00,,Y,A,-,Y,KIN,6,41,-,R,42.148,I,5,N,Y,3,0,3,2,A,-,01,23152,A,F,D,C,A,A,H,-,C,A,0,,,,,Y,Y,A,01,0,2,1,0,0,0,0,0,0,"- ","- ",36.313420000000001,-119.80766,KINGS,UNINCORPORATED,-119.80775441,36.313354330000003
6648379,2014,2014-12-10,9440,2014-09-26,0805,12806,,5,1,9,1600,0,2,4,,1,045,"GRANGEVILLE BL","21 1/2 AV",16.00,E,N,B,-,N,,,,,,,,,,Y,4,0,1,2,A,-,05,21752,D,N,B,C,A,A,H,-,A,D,0,,,,,Y,,A,07,0,0,1,0,0,0,0,0,0,"- ","- ",36.344009999999997,-119.84287999999999,KINGS,UNINCORPORATED,-119.84286571,36.34400024