CASE_ID,ACCIDENT_YEAR,PROC_DATE,JURIS,COLLISION_DATE,COLLISION_TIME,OFFICER_ID,REPORTING_DISTRICT,DAY_OF_WEEK,CHP_SHIFT,POPULATION,CNTY_CITY_LOC,SPECIAL_COND,BEAT_TYPE,CHP_BEAT_TYPE,CITY_DIVISION_LAPD,CHP_BEAT_CLASS,BEAT_NUMBER,PRIMARY_RD,SECONDARY_RD,DISTANCE,DIRECTION,INTERSECTION,WEATHER_1,WEATHER_2,STATE_HWY_IND,CALTRANS_COUNTY,CALTRANS_DISTRICT,STATE_ROUTE,ROUTE_SUFFIX,POSTMILE_PREFIX,POSTMILE,LOCATION_TYPE,RAMP_INTERSECTION,SIDE_OF_HWY,TOW_AWAY,COLLISION_SEVERITY,NUMBER_KILLED,NUMBER_INJURED,PARTY_COUNT,PRIMARY_COLL_FACTOR,PCF_CODE_OF_VIOL,PCF_VIOL_CATEGORY,PCF_VIOLATION,PCF_VIOL_SUBSECTION,HIT_AND_RUN,TYPE_OF_COLLISION,MVIW,PED_ACTION,ROAD_SURFACE,ROAD_COND_1,ROAD_COND_2,LIGHTING,CONTROL_DEVICE,CHP_ROAD_TYPE,PEDESTRIAN_ACCIDENT,BICYCLE_ACCIDENT,MOTORCYCLE_ACCIDENT,TRUCK_ACCIDENT,NOT_PRIVATE_PROPERTY,ALCOHOL_INVOLVED,STWD_VEHTYPE_AT_FAULT,CHP_VEHTYPE_AT_FAULT,COUNT_SEVERE_INJ,COUNT_VISIBLE_INJ,COUNT_COMPLAINT_PAIN,COUNT_PED_KILLED,COUNT_PED_INJURED,COUNT_BICYCLIST_KILLED,COUNT_BICYCLIST_INJURED,COUNT_MC_KILLED,COUNT_MC_INJURED,PRIMARY_RAMP,SECONDARY_RAMP,LATITUDE,LONGITUDE,COUNTY,CITY,POINT_X,POINT_Y
6945623,2015,2015-06-15,1602,2015-04-25,0559,1466,9,6,5,4,1602,0,0,0,,0,002,"W FARGO AV","W FARGO AV 632",0.00,,N,C,-,N,,,,,,,,,,N,3,0,1,4,A,-,01,23152,E,N,A,I,A,B,H,-,A,D,0,,,,,Y,,A,01,0,1,0,0,0,0,0,0,0,"- ","- ",,,KINGS,HANFORD,-119.65433031000001,36.357250190000002
6946363,2015,2015-07-11,9440,2015-06-01,2105,18484,,1,2,9,1600,0,2,4,,1,041,"EXCELSIOR AV","14TH AV",1882.00,E,N,A,-,N,,,,,,,,,,Y,4,0,1,2,A,-,01,23152,A,F,A,C,A,A,H,-,D,A,0,,,,,Y,Y,A,07,0,0,1,0,0,0,0,0,0,"- ","- ",36.401229999999998,-119.70265000000001,KINGS,UNINCORPORATED,-119.70259965,36.401157959999999
6946391,2015,2015-07-11,1602,2015-06-03,1553,1457,34,3,5,4,1602,0,0,0,,0,002,"NEVILLE ST","KAWEAH ST",0.00,,Y,A,-,N,,,,,,,,,,Y,4,0,1,2,A,-,09,21803,A,N,D,C,A,A,H,-,A,A,0,,,,,Y,,A,01,0,0,1,0,0,0,0,0,0,"- ","- ",,,KINGS,HANFORD,-119.65056986,36.340830009999998
6946668,2015,2016-11-05,9440,2015-05-19,1735,14363,,2,2,9,1600,0,1,3,,1,198,"RT 198","HANFORD ARMONA RD",404.00,E,N,A,-,Y,KIN,6,198,-,R,15.860,H,-,E,Y,3,0,3,3,A,-,03,22350,,N,C,C,A,A,D,-,A,A,5,,,,,Y,,D,22,0,1,2,0,0,0,0,0,0,"- ","- ",36.314120000000003,-119.69238,KINGS,UNINCORPORATED,-119.69122938,36.314506799999997
6946669,2015,2015-06-11,9440,2015-04-26,2150,17161,,7,2,9,1600,0,3,5,,2,010,"1ST AV","HOUSTON AV",0.00,,Y,A,-,N,,,,,,,,,,Y,3,0,3,2,A,-,12,22450,A,N,D,C,A,A,H,-,D,A,0,,,,,Y,,D,22,0,1,2,0,0,0,0,0,0,"- ","- ",36.297919999999998,-119.47436999999999,KINGS,UNINCORPORATED,-119.47433993999999,36.297890090000003
6946670,2015,2015-06-18,9440,2015-05-24,0340,18484,,7,3,9,1600,0,2,4,,1,050,"KANSAS AV","13TH AV",241.00,W,N,A,-,N,,,,,,,,,,Y,4,0,3,2,A,-,01,23152,A,N,D,C,A,A,H,-,D,D,0,,,,,Y,Y,A,01,0,0,3,0,0,0,0,0,0,"- ","- ",36.211179999999999,-119.6918,KINGS,UNINCORPORATED,-119.69146632,36.211109319999998
6946671,2015,2015-06-17,9440,2015-05-01,1841,18576,,5,2,9,1600,0,2,4,,1,045,"GRANGEVILLE BL","2ND AV",0.00,,Y,A,-,N,,,,,,,,,,Y,2,0,1,2,A,-,09,21801,A,N,D,C,A,A,H,-,A,D,0,,,,Y,Y,,A,07,1,0,0,0,0,0,0,0,0,"- ","- ",36.34281,-119.49361,KINGS,UNINCORPORATED,-119.49300986,36.342740030000002
6946724,2015,2016-11-05,9440,2015-05-20,1430,19226,,3,2,9,1600,0,1,3,,1,198,"RT 198","7TH AV",1467.00,E,N,A,-,Y,KIN,6,198,-,-,22.590,H,-,W,Y,3,0,1,1,A,-,08,22107,,N,F,A,A,A,H,-,A,D,0,,,,,Y,,A,01,0,1,0,0,0,0,0,0,0,"- ","- ",36.328110000000002,-119.5784,KINGS,UNINCORPORATED,-119.57816772,36.328164350000002
6946725,2015,2016-11-05,9440,2015-05-18,0746,16961,,1,1,9,1600,0,1,3,,1,410,"RT 41","GRANGEVILLE BL",2640.00,S,N,B,-,Y,KIN,6,41,-,R,43.550,H,-,S,N,4,0,1,2,A,-,03,22350,,N,C,C,A,A,H,-,A,D,5,,,,,Y,,A,01,0,0,1,0,0,0,0,0,0,"- ","- ",36.332920000000001,-119.80812,KINGS,UNINCORPORATED,-119.80818861,36.333725020000003
6946726,2015,2015-06-27,9440,2015-05-24,1623,16961,,7,2,9,1600,0,2,4,,1,041,"EXCELSIOR AV","12TH AV",0.00,,Y,A,-,N,,,,,,,,,,Y,3,0,4,2,A,-,01,23152,A,N,D,C,A,A,H,-,A,A,0,,,,,Y,Y,A,01,0,2,2,0,0,0,0,0,0,"- ","- ",36.401249999999997,-119.67236,KINGS,UNINCORPORATED,-119.67293998,36.401130049999999
6946727,2015,2015-06-27,9440,2015-05-20,1100,19226,,3,1,9,1600,0,2,4,,1,041,"EXCELSIOR AV","6TH AV",0.00,,Y,A,-,N,,,,,,,,,,Y,3,0,1,2,A,-,09,21802,A,N,D,C,A,A,H,-,A,A,0,,,,,Y,,A,07,0,1,0,0,0,0,0,0,0,"- ","- ",36.400970000000001,-119.565,KINGS,UNINCORPORATED,-119.56491995,36.401370040000003
6946728,2015,2015-06-27,9440,2015-05-16,1210,16585,,6,1,9,1600,0,3,5,,2,020,"13TH AV","HOUSTON AV",3.00,N,N,A,-,N,,,,,,,,,,Y,4,0,1,2,A,-,09,21802,A,N,D,C,A,A,H,-,A,A,0,,,,,Y,,A,07,0,0,1,0,0,0,0,0,0,"- ","- ",36.29636,-119.69119000000001,KINGS,UNINCORPORATED,-119.69120995,36.298358229999998
6946729,2015,2015-06-27,9440,2015-05-09,0145,18566,,6,3,9,1600,0,2,4,,1,045,"GRANGEVILLE BL","13TH AV",60.00,W,N,A,-,N,,,,,,,,,,Y,3,0,1,1,A,-,08,22107,,M,F,A,A,A,H,-,D,D,0,,,,,Y,,A,07,0,1,0,0,0,0,0,0,0,"- ","- ",36.342599999999997,-119.69264,KINGS,UNINCORPORATED,-119.69121358,36.342599999999997
6948934,2015,2016-11-05,9440,2015-05-12,1608,15399,,2,2,9,1600,0,1,3,,1,198,"RT 198","16TH AV",4752.00,E,N,A,-,Y,KIN,6,198,-,-,13.600,H,-,E,Y,3,0,3,2,A,-,03,22350,,N,C,C,A,A,D,-,A,A,5,,,,,Y,,A,07,0,2,1,0,0,0,0,0,0,"- ","- ",36.304029999999997,-119.72857999999999,KINGS,UNINCORPORATED,-119.73148906999999,36.303389090000003
6948938,2015,2016-11-05,9440,2015-05-19,1550,19226,,2,2,9,1600,0,1,3,,1,198,"RT 198","14TH AV",2112.00,E,N,A,-,Y,KIN,6,198,-,R,15.170,H,-,E,N,4,0,1,2,A,-,03,22350,,N,C,C,A,A,D,-,A,A,5,,,,,Y,,A,01,0,0,1,0,0,0,0,0,0,"- ","- ",36.312089999999998,-119.69862000000001,KINGS,UNINCORPORATED,-119.70249920000001,36.310933800000001
6948942,2015,2016-11-05,9440,2015-05-12,0750,14363,,2,1,9,1600,0,1,3,,1,198,"RT 198","HANFORD ARMONA RD",200.00,E,N,A,-,Y,KIN,6,198,-,-,15.820,H,-,E,Y,3,0,2,2,A,-,03,22350,,N,C,C,A,A,D,-,A,A,5,,,,,Y,,A,01,0,1,1,0,0,0,0,0,0,"- ","- ",36.314410000000002,-119.69186000000001,KINGS,UNINCORPORATED,-119.69462244,36.313433029999999
6948946,2015,2016-11-05,9440,2015-05-12,2340,16934,,2,3,9,1600,0,1,3,,1,410,"RT 41","22ND AV",3696.00,N,N,A,-,Y,KIN,6,41,-,-,31.320,H,-,S,Y,3,0,1,1,A,-,01,23152,F,N,F,A,A,A,H,-,D,D,0,,,,,Y,Y,A,07,0,1,0,0,0,0,0,0,0,"- ","- ",36.169350000000001,-119.84251999999999,KINGS,UNINCORPORATED,-119.84322754,36.16831088
6951399,2015,2016-11-05,9495,2015-05-18,0335,019313,,1,3,9,1600,0,1,1,,2,004,"RT 5","RT 41",1056.00,N,N,A,-,Y,KIN,6,5,-,-,16.830,H,-,N,Y,4,0,2,1,A,-,08,22107,,N,F,A,A,A,H,-,D,D,1,,,,,Y,,A,01,0,0,2,0,0,0,0,0,0,"- ","- ",35.985509999999998,-119.96389000000001,KINGS,UNINCORPORATED,-119.9629075,35.9844723
6952015,2015,2016-11-05,9495,2015-05-26,1322,018253,,2,1,9,1600,0,1,1,,2,004,"RT 5","WATERLOO AV",1056.00,S,N,A,-,Y,KIN,6,5,-,-,6.090,H,-,N,Y,4,0,1,2,A,-,07,21658,A,N,B,C,A,A,H,-,A,D,1,,,,,Y,,A,01,0,0,1,0,0,0,0,0,0,"- ","- ",35.872880000000002,-119.84998,KINGS,UNINCORPORATED,-119.84143438,35.863924509999997
6952087,2015,2016-11-05,9495,2015-06-02,1345,17312,,2,1,9,1600,0,1,1,,2,004,"RT 5","KINGS/KERN CO LINE",4752.00,N,N,A,-,Y,KIN,6,5,-,-,0.900,H,-,N,Y,3,0,1,1,A,-,08,22107,,N,F,A,A,A,H,-,A,D,1,,,,,Y,,A,07,0,1,0,0,0,0,0,0,0,"- ","- ",35.8005,-119.79065,KINGS,UNINCORPORATED,-119.79084407000001,35.801237239999999
6953601,2015,2016-11-04,9495,2015-05-30,0615,019205,,6,1,9,1600,0,1,3,,1,007,"RT 33","RT 41",11616.00,S,N,A,-,Y,KIN,6,33,-,-,5.700,H,-,N,Y,4,0,1,1,A,-,08,22107,,N,E,I,A,A,H,-,A,D,0,,,,,Y,,A,01,0,0,1,0,0,0,0,0,0,"- ","- ",35.862299999999998,-120.03071,KINGS,UNINCORPORATED,-120.03075665,35.862445829999999
6953943,2015,2015-07-11,1602,2015-06-16,1214,1457,32,2,5,4,1602,0,0,0,,0,001,"W ELM ST","GREENFIELD AV",0.00,,Y,A,-,N,,,,,,,,,,Y,3,0,2,2,A,-,09,21802,A,N,D,C,A,A,H,-,A,A,0,,,,Y,Y,,F,26,0,2,0,0,0,0,0,0,0,"- ","- ",,,KINGS,HANFORD,-119.65742996,36.333110050000002
6953947,2015,2015-07-11,1602,2015-06-19,1221,1433,49,5,5,4,1602,0,0,0,,0,004,"S DOUTY ST","5TH ST",0.00,,Y,A,-,N,,,,,,,,,,Y,4,0,1,2,A,-,09,21801,A,N,D,C,A,A,H,-,A,D,0,,,,,Y,,A,01,0,0,1,0,0,0,0,0,0,"- ","- ",,,KINGS,HANFORD,-119.64524989,36.324700030000002
6953951,2015,2015-07-11,1602,2015-06-18,2105,1446,53,4,5,4,1602,0,0,0,,0,003,"HANFORD ARMONA RD","BENGSTON RD",126.00,E,N,A,-,N,,,,,,,,,,N,3,0,1,2,A,-,08,22107,,M,C,E,A,A,H,-,C,D,0,,,,,Y,Y,D,72,0,1,0,0,0,0,0,0,0,"- ","- ",36.313429999999997,-119.66661999999999,KINGS,HANFORD,-119.66647268,36.31347641
6953979,2015,2015-07-11,1602,2015-06-19,0847,1461,54,5,5,4,1602,0,0,0,,0,003,"W DAVIS ST","S RICHMOND AV",21.00,E,N,A,-,N,,,,,,,,,,Y,4,0,1,2,A,-,03,22350,,N,C,E,A,A,H,-,A,D,0,,,,,Y,,A,07,0,0,1,0,0,0,0,0,0,"- ","- ",,,KINGS,HANFORD,-119.65621878,36.317739400000001
6953983,2015,2015-07-14,1602,2015-06-23,1444,1429,55,2,5,4,1602,0,0,0,,0,004,"3RD ST",PHILLIPS,0.00,,Y,A,-,N,,,,,,,,,,Y,2,0,2,6,A,-,12,22450,,N,D,D,A,A,H,-,A,A,0,,,,,Y,,A,01,2,0,0,0,0,0,0,0,0,"- ","- ",,,KINGS,HANFORD,-119.64953996,36.321750020000003
6954198,2015,2015-07-08,1602,2015-06-12,1100,1426,36,5,5,4,1602,0,0,0,,0,002,"N 10TH AV","GRANGEVILLE BL",0.00,,Y,A,-,N,,,,,,,,,,N,4,0,1,2,A,-,08,22107,,N,B,C,A,A,H,-,A,D,0,,,,,Y,,A,01,0,0,1,0,0,0,0,0,0,"- ","- ",36.340989999999998,-119.64336,KINGS,HANFORD,-119.63705997,36.34269003
6954202,2015,2015-07-08,1602,2015-06-04,1537,1471,40,4,5,4,1602,0,0,0,,0,001,"N 11TH AV","ELM ST",0.00,,Y,A,-,N,,,,,,,,,,N,4,0,1,2,A,-,08,22107,,N,A,C,A,A,H,-,A,A,0,,,,,Y,,A,01,0,0,1,0,0,0,0,0,0,"- ","- ",36.330500000000001,-119.66692,KINGS,HANFORD,-119.65516992000001,36.33382005
6955042,2015,2015-07-11,1602,2015-06-14,1502,1475,55,7,5,4,1602,0,0,0,,0,004,"2ND ST","PHILLIPS ST",0.00,,Y,A,-,N,,,,,,,,,,N,4,0,1,2,A,-,08,22107,,N,C,E,A,A,H,-,A,A,0,,,,,Y,,A,01,0,0,1,0,0,0,0,0,0,"- ","- ",36.315849999999998,-119.64512000000001,KINGS,HANFORD,-119.64922994,36.320670110000002
6955046,2015,2016-06-02,1602,2015-06-18,1837,1461,48,4,5,4,1602,0,0,0,,0,003,"6TH ST","IRWIN ST",10.00,N,N,A,-,N,,,,,,,,,,N,4,0,1,2,A,-,10,21950,A,N,G,B,C,A,H,-,A,D,0,Y,,,,Y,,A,01,0,0,1,0,1,0,0,0,0,"- ","- ",36.331490000000002,-119.63637,KINGS,HANFORD,-119.64697658,36.325324680000001
6955078,2015,2015-07-11,1602,2015-06-14,1717,1417,40,7,5,4,1602,0,0,0,,0,001,"PARK AV","IVY ST",0.00,,Y,A,-,N,,,,,,,,,,Y,4,0,1,2,A,-,12,22450,,N,D,C,A,A,H,-,A,A,0,,,,,Y,,A,01,0,0,1,0,0,0,0,0,0,"- ","- ",,,KINGS,HANFORD,-119.6528299,36.332160039999998
6955097,2015,2016-11-05,9495,2015-06-21,2105,19834,,7,2,9,1600,0,1,3,,1,010,"RT 41","RT 33",150.00,S,N,A,-,Y,KIN,6,41,-,-,8.070,H,-,N,Y,4,0,1,2,A,-,03,22350,,N,C,C,A,A,H,-,C,A,0,,,,,Y,,A,07,0,0,1,0,0,0,0,0,0,"- ","- ",35.89143,-120.0461,KINGS,UNINCORPORATED,-120.04663105,35.888542209999997
6956242,2015,2016-11-04,9440,2015-05-27,1025,16774,,3,1,9,1600,0,1,3,,1,430,"RT 43","LANSING AV",0.00,,Y,A,-,Y,KIN,6,43,-,-,9.360,I,5,N,Y,3,0,2,2,A,-,09,21802,A,N,F,A,A,A,H,-,A,A,0,,,,Y,Y,,M,46,0,1,1,0,0,0,0,0,0,"- ","- ",36.196860000000001,-119.6003,KINGS,UNINCORPORATED,-119.60035259999999,36.196393
6956245,2015,2015-07-10,9440,2015-06-06,1305,012806,,6,1,9,1600,0,2,4,,1,043,"FLINT AV","12TH AV",0.00,,Y,A,-,N,,,,,,,,,,Y,4,0,4,2,A,-,09,21802,A,N,D,C,A,A,H,-,A,A,0,,,,,Y,,D,22,0,0,4,0,0,0,0,0,0,"- ","- ",36.371789999999997,-119.67301,KINGS,UNINCORPORATED,-119.67304993,36.371740070000001
6962685,2015,2015-07-01,1602,2015-06-05,1338,1473,25,5,5,4,1602,0,0,0,,0,002,"REDINGTON ST","GRANGEVILLE BL",0.00,,Y,A,-,N,,,,,,,,,,N,4,0,1,2,A,-,12,21453,A,N,D,C,A,A,H,-,A,A,0,,,,,Y,,A,01,0,0,1,0,0,0,0,0,0,"- ","- ",36.342190000000002,-119.64976,KINGS,HANFORD,-119.64930987,36.342680090000002
6962693,2015,2015-07-01,1602,2015-06-13,1645,1461,53,6,5,4,1602,0,0,0,,0,003,"W HANFORD ARMONA RD","MANOR AV",12.00,E,N,A,-,N,,,,,,,,,,Y,2,0,1,2,A,-,09,21802,A,N,B,C,A,A,H,-,A,D,0,,,,,Y,,D,22,1,0,0,0,0,0,0,0,0,"- ","- ",36.31335,-119.66486,KINGS,HANFORD,-119.66486930000001,36.3134704
6962722,2015,2015-07-15,1602,2015-06-09,1615,1433,48,2,5,4,1602,0,0,0,,0,005,"REDINGTON ST","7TH ST",0.00,,Y,A,-,N,,,,,,,,,,Y,4,0,2,3,A,-,12,21453,A,N,D,C,A,A,H,-,A,A,0,,,,,Y,,A,01,0,0,2,0,0,0,0,0,0,"- ","- ",,,KINGS,HANFORD,-119.64888996000001,36.3261301
6962726,2015,2015-07-15,1602,2015-06-12,1315,1473,25,5,5,4,1602,0,0,0,,0,002,"N DOUTY","E TERRACE ST",0.00,,Y,A,-,N,,,,,,,,,,N,4,0,1,2,A,-,03,22350,,N,C,C,A,A,H,-,A,A,0,,,,,Y,,A,01,0,0,1,0,0,0,0,0,0,"- ","- ",36.346699999999998,-119.64583,KINGS,HANFORD,-119.64603988,36.346760109999998
6962730,2015,2015-07-15,1602,2015-06-09,1711,1457,28,2,5,4,1602,0,0,0,,0,002,"N 10TH AV","MOFFAT ST",0.00,,Y,A,-,N,,,,,,,,,,Y,3,0,4,2,A,-,09,21801,A,N,B,C,A,A,H,-,A,A,0,,,,,Y,,A,01,0,1,3,0,0,0,0,0,0,"- ","- ",,,KINGS,HANFORD,-119.63712990000001,36.348270050000004
6962734,2015,2015-07-15,1602,2015-06-04,1251,1473,17,4,5,4,1602,0,0,0,,0,002,"10TH AV","LELAND WAY",0.00,,Y,A,-,N,,,,,,,,,,N,4,0,1,2,A,-,12,21453,,N,D,C,A,A,H,-,A,A,0,,,,,Y,,A,07,0,0,1,0,0,0,0,0,0,"- ","- ",36.340969999999999,-119.64332,KINGS,HANFORD,-119.63711988999999,36.349930039999997
6963252,2015,2015-07-10,1602,2015-06-09,1617,1475,38,2,5,4,1602,0,0,0,,0,001,"WEST LACEY BL","12TH AV",300.00,W,N,A,-,N,,,,,,,,,,Y,4,0,2,2,A,-,09,21804,A,N,D,D,A,A,H,-,A,A,0,,,,,Y,,A,07,0,0,2,0,0,0,0,0,0,"- ","- ",36.328159999999997,-119.67505,KINGS,HANFORD,-119.67401718000001,36.328119999999998
6963256,2015,2015-07-10,1602,2015-06-07,1549,1461,54,7,5,4,1602,0,0,0,,0,003,"S 11TH AV","DAVIS ST",12.00,N,N,A,-,N,,,,,,,,,,Y,2,0,1,2,A,-,12,21453,A,N,D,G,A,A,H,-,A,A,0,,Y,,,Y,,L,04,1,0,0,0,0,0,1,0,0,"- ","- ",36.318040000000003,-119.65521,KINGS,HANFORD,-119.65510999999999,36.317762940000001
6963260,2015,2015-07-16,1602,2015-06-07,1004,1461,52,7,5,4,1602,0,0,0,,0,003,"W HANFORD ARMONA RD","S 12TH AV",36.00,E,N,A,-,N,,,,,,,,,,Y,4,0,1,2,A,-,12,21453,A,N,D,C,A,A,H,-,A,A,0,,,,,Y,,A,01,0,0,1,0,0,0,0,0,0,"- ","- ",36.313929999999999,-119.67289,KINGS,HANFORD,-119.67286790999999,36.313498549999998
6964101,2015,2016-11-05,9495,2015-06-08,2200,19733,,1,3,9,1600,0,1,1,,2,004,"RT 5","QUEBEC AV",2112.00,S,N,A,-,Y,KIN,6,5,-,-,23.880,H,-,N,Y,2,0,1,1,A,-,01,23152,A,N,E,I,A,A,H,-,D,D,1,,,,,Y,Y,D,22,1,0,0,0,0,0,0,0,0,"- ","- ",36.04569,-120.05001,KINGS,UNINCORPORATED,-120.05790716999999,36.05036527
6964367,2015,2015-07-10,9440,2015-06-04,1315,018576,,4,1,9,1600,0,2,4,,1,049,"JACKSON AV","AVENAL CUTOFF RD",63.00,E,N,A,-,N,,,,,,,,,,Y,4,0,2,1,A,-,08,22107,,N,E,I,A,A,H,-,A,D,0,,,,,Y,,A,01,0,0,2,0,0,0,0,0,0,"- ","- ",36.25441,-119.86830999999999,KINGS,UNINCORPORATED,-119.86930699,36.254112169999999
6964368,2015,2016-11-05,9440,2015-06-03,0705,013492,,3,1,9,1600,0,1,3,,1,198,"RT 198","KINGS RIVER BRIDGE",449.00,E,N,A,-,Y,KIN,6,198,-,-,5.790,H,-,W,Y,3,0,1,1,A,-,08,22107,,N,E,I,A,A,H,-,A,D,5,,,,,Y,,D,22,0,1,0,0,0,0,0,0,0,"- ","- ",36.261249999999997,-119.85599000000001,KINGS,UNINCORPORATED,-119.85687842999999,36.260854809999998
6964369,2015,2016-11-07,9440,2015-06-02,0705,013492,,2,1,9,1600,0,1,3,,1,198,"RT 198","RT 41",3796.00,W,N,A,-,Y,KIN,6,198,-,-,8.180,H,-,W,Y,4,0,4,3,A,-,03,22350,,N,C,C,A,A,H,-,A,D,5,,,,,Y,,A,01,0,0,4,0,0,0,0,0,0,"- ","- ",36.277349999999998,-119.81923,KINGS,UNINCORPORATED,-119.81935721000001,36.277340209999998
6964370,2015,2016-11-05,9440,2015-06-05,1005,012806,,5,1,9,1600,0,1,3,,1,410,"RT 41","22ND AV",2112.00,N,N,A,-,Y,KIN,6,41,-,-,31.020,H,-,S,Y,3,0,1,1,A,-,08,22107,,N,F,A,A,A,H,-,A,D,0,,,,,Y,,A,07,0,1,0,0,0,0,0,0,0,"- ","- ",36.167999999999999,-119.84341999999999,KINGS,UNINCORPORATED,-119.84674725000001,36.165070129999997
6964371,2015,2015-07-10,9440,2015-06-09,1731,016979,,2,2,9,1600,0,3,5,,2,030,"19TH AV","JERSEY AV",0.00,,Y,B,-,N,,,,,,,,,,Y,4,0,4,2,A,-,09,21801,A,N,D,C,A,A,H,-,A,A,0,,,,,Y,,A,01,0,0,4,0,0,0,0,0,0,"- ","- ",36.240389999999998,-119.79867,KINGS,UNINCORPORATED,-119.79848988000001,36.240300079999997
6964885,2015,2016-11-05,9495,2015-06-15,1815,018096,,1,2,9,1600,0,1,1,,2,004,"RT 5","AVENAL CUTOFF RD",5808.00,S,N,A,-,Y,KIN,6,5,-,-,25.470,H,-,S,Y,4,0,1,3,A,-,03,22350,,N,C,C,A,A,H,-,A,D,1,,,,Y,Y,,G,27,0,0,1,0,0,0,0,0,0,"- ","- ",36.064399999999999,-120.08186000000001,KINGS,UNINCORPORATED,-120.08097796,36.063892269999997
6966081,2015,2016-11-05,9440,2015-05-31,2040,01848,,7,2,9,1600,0,1,3,,1,410,"RT 41","HANFORD ARMONA RD",150.00,S,N,A,-,Y,KIN,6,41,-,R,42.120,H,-,S,Y,3,0,1,1,A,-,01,23152,A,M,D,I,A,A,H,-,C,D,0,,,,,Y,Y,A,01,0,1,0,0,0,0,0,0,0,"- ","- ",36.312899999999999,-119.80802,KINGS,UNINCORPORATED,-119.80813537,36.312957060000002
6966110,2015,2015-06-25,1602,2015-05-22,1520,1471,32,5,5,4,1602,0,0,0,,0,001,"W GRANGEVILLE BL","11TH AV",0.00,,N,A,-,N,,,,,,,,,,N,4,0,1,2,A,-,09,21804,,N,B,C,A,A,H,-,A,D,0,,,,,Y,,A,01,0,0,1,0,0,0,0,0,0,"- ","- ",,,KINGS,HANFORD,-119.65512997,36.342670079999998
6966203,2015,2015-07-01,9440,2015-06-10,1725,19226,,3,2,9,1600,0,3,5,,2,020,"13TH AV","FRONT ST",0.00,,Y,A,-,N,,,,,,,,,,Y,4,0,2,2,A,-,09,21801,A,N,D,C,A,A,H,-,A,D,0,,,,,Y,,A,01,0,0,2,0,0,0,0,0,0,"- ","- ",36.318390000000001,-119.69109,KINGS,UNINCORPORATED,-119.69098996,36.31825001
6970084,2015,2016-11-05,9495,2015-06-07,0225,019846,,7,3,9,1600,0,1,1,,2,004,"RT 5","MILHAM AV",1320.00,S,N,A,-,Y,KIN,6,5,-,-,18.810,H,-,S,Y,4,0,1,1,A,-,08,22107,,N,E,I,A,A,H,-,D,D,1,,,,,Y,,A,01,0,0,1,0,0,0,0,0,0,"- ","- ",,,KINGS,UNINCORPORATED,-119.98585796,36.006281370000004
6970578,2015,2016-11-05,9495,2015-06-26,1620,019453,,5,2,9,1600,0,1,1,,2,004,"RT 5","UTICA AV",4752.00,S,N,A,-,Y,KIN,6,5,-,-,11.460,H,-,S,Y,4,0,1,1,A,-,08,22107,,N,F,A,A,A,D,-,A,D,1,,,,,Y,,D,22,0,0,1,0,0,0,0,0,0,"- ","- ",35.924399999999999,-119.902,KINGS,UNINCORPORATED,-119.90193286,35.924441880000003
6976306,2015,2015-08-06,9440,2015-06-25,1000,016774,,4,1,9,1600,0,3,5,,2,010,"OTTAWA AV","6TH AV",1303.00,W,N,A,-,N,,,,,,,,,,Y,4,0,1,1,A,-,08,22107,,N,E,I,A,A,H,-,A,D,0,,,,,Y,,D,22,0,0,1,0,0,0,0,0,0,"- ","- ",36.083539999999999,-119.5766,KINGS,UNINCORPORATED,-119.57637506,36.083530019999998
6976719,2015,2016-11-05,9440,2015-06-17,1340,015753,,3,1,9,1600,0,2,4,,1,047,"HANFORD ARMONA RD","13TH AV",0.00,,Y,A,-,Y,KIN,6,198,-,R,15.537,R,4,W,N,4,0,1,2,A,-,12,22450,A,N,B,C,A,A,H,-,A,A,5,,,,Y,Y,,F,26,0,0,1,0,0,0,0,0,0,"- ","- ",36.314300000000003,-119.69335,KINGS,UNINCORPORATED,-119.69636057,36.313006059999999
6976815,2015,2016-11-05,9440,2015-06-13,0525,12806,,6,3,9,1600,0,1,3,,1,198,"RT 198","14TH AV",4752.00,W,N,A,-,Y,KIN,6,198,-,R,16.870,H,-,E,Y,4,0,1,2,A,-,08,22107,,M,B,C,A,A,H,-,B,D,1,,,,,Y,,A,01,0,0,1,0,0,0,0,0,0,"- ","- ",36.304740000000002,-119.7257,KINGS,UNINCORPORATED,-119.67368091,36.31842597
6976819,2015,2015-11-13,9440,2015-06-21,1355,14363,,7,1,9,1600,0,3,5,,2,030,"KENT AV","19TH AV",81.00,W,N,A,-,N,,,,,,,,,,Y,3,0,1,1,A,-,01,23152,E,N,E,I,A,A,H,-,A,D,0,,,,,Y,,A,01,0,1,0,0,0,0,0,0,0,"- ","- ",,,KINGS,UNINCORPORATED,-119.79844442,36.225942150000002
6976973,2015,2016-11-05,9440,2015-06-24,1355,012806,,3,1,9,1600,0,2,4,,1,040,"AVENAL CUTOFF RD","RT 198",0.00,,Y,A,-,Y,KIN,6,198,-,-,4.757,R,4,E,Y,4,0,2,2,A,-,09,21801,A,N,D,C,A,A,H,-,A,D,5,,,,,Y,,A,01,0,0,2,0,0,0,0,0,0,"- ","- ",36.25412,-119.86959,KINGS,UNINCORPORATED,-119.873722,36.255300300000002
6976977,2015,2016-06-18,9440,2015-06-16,1609,018484,,2,2,9,1600,0,2,4,,1,050,"KANSAS AV","RT 43",160.00,W,N,A,-,N,,,,,,,,,,N,4,0,1,1,C,-,18,,,N,F,A,A,D,G,-,A,A,0,,,Y,,Y,,-,"- ",0,0,1,0,0,0,0,0,1,"- ","- ",36.210889999999999,-119.60124,KINGS,UNINCORPORATED,-119.60110903,36.210894920000001