CASE_ID,ACCIDENT_YEAR,PROC_DATE,JURIS,COLLISION_DATE,COLLISION_TIME,OFFICER_ID,REPORTING_DISTRICT,DAY_OF_WEEK,CHP_SHIFT,POPULATION,CNTY_CITY_LOC,SPECIAL_COND,BEAT_TYPE,CHP_BEAT_TYPE,CITY_DIVISION_LAPD,CHP_BEAT_CLASS,BEAT_NUMBER,PRIMARY_RD,SECONDARY_RD,DISTANCE,DIRECTION,INTERSECTION,WEATHER_1,WEATHER_2,STATE_HWY_IND,CALTRANS_COUNTY,CALTRANS_DISTRICT,STATE_ROUTE,ROUTE_SUFFIX,POSTMILE_PREFIX,POSTMILE,LOCATION_TYPE,RAMP_INTERSECTION,SIDE_OF_HWY,TOW_AWAY,COLLISION_SEVERITY,NUMBER_KILLED,NUMBER_INJURED,PARTY_COUNT,PRIMARY_COLL_FACTOR,PCF_CODE_OF_VIOL,PCF_VIOL_CATEGORY,PCF_VIOLATION,PCF_VIOL_SUBSECTION,HIT_AND_RUN,TYPE_OF_COLLISION,MVIW,PED_ACTION,ROAD_SURFACE,ROAD_COND_1,ROAD_COND_2,LIGHTING,CONTROL_DEVICE,CHP_ROAD_TYPE,PEDESTRIAN_ACCIDENT,BICYCLE_ACCIDENT,MOTORCYCLE_ACCIDENT,TRUCK_ACCIDENT,NOT_PRIVATE_PROPERTY,ALCOHOL_INVOLVED,STWD_VEHTYPE_AT_FAULT,CHP_VEHTYPE_AT_FAULT,COUNT_SEVERE_INJ,COUNT_VISIBLE_INJ,COUNT_COMPLAINT_PAIN,COUNT_PED_KILLED,COUNT_PED_INJURED,COUNT_BICYCLIST_KILLED,COUNT_BICYCLIST_INJURED,COUNT_MC_KILLED,COUNT_MC_INJURED,PRIMARY_RAMP,SECONDARY_RAMP,LATITUDE,LONGITUDE,COUNTY,CITY,POINT_X,POINT_Y
7019836,2015,2015-09-17,1603,2015-06-16,0729,,,2,5,3,1603,0,0,0,,0,,"HANFORD ARMONA RD","CINNAMON DR",765.00,E,N,A,-,N,,,,,,,,,,N,3,0,1,2,A,-,08,22107,,N,D,C,A,A,H,-,A,D,0,,,,,Y,,A,07,0,1,0,0,0,0,0,0,0,"- ","- ",,,KINGS,LEMOORE,-119.76682537000001,36.313475160000003
7020859,2015,2017-01-12,9495,2015-07-25,1804,019463,,6,2,9,1600,0,1,1,,2,004,"RT 5","25TH AV",230.00,N,N,A,-,Y,KIN,6,5,-,-,14.590,H,-,N,Y,4,0,1,1,A,-,08,22107,,N,E,I,A,A,D,-,A,D,1,,,,,Y,,A,01,0,0,1,0,0,0,0,0,0,"- ","- ",35.959829999999997,-119.93767,KINGS,UNINCORPORATED,-119.93738712,35.959520980000001
7022230,2015,2015-08-22,9440,2015-07-25,2215,18566,,6,3,9,1600,0,3,5,,2,010,"SHAW PL","TEMPLE ST",150.00,S,N,A,-,N,,,,,,,,,,N,3,0,1,2,A,-,08,22107,,F,G,B,F,A,H,-,C,D,0,Y,,,,Y,,-,99,0,1,0,0,1,0,0,0,0,"- ","- ",36.301650000000002,-119.63101,KINGS,UNINCORPORATED,-119.63100941,36.301491409999997
7023938,2015,2017-01-12,9495,2015-07-25,0020,019755,,6,3,9,1600,0,1,1,,2,004,"RT 5","MILHAM AV",3696.00,N,N,A,-,Y,KIN,6,5,-,-,19.760,H,-,N,Y,3,0,5,1,A,-,08,22107,,N,E,I,A,A,H,-,D,D,1,,,,,Y,,A,07,0,2,3,0,0,0,0,0,0,"- ","- ",36.012129999999999,-119.99336,KINGS,UNINCORPORATED,-119.99832116,36.015360029999997
7034656,2015,2017-01-09,9440,2015-08-02,1850,17082,,7,2,9,1600,0,1,3,,1,430,"RT 43","8 1/2 AV",0.00,,Y,A,-,Y,KIN,6,43,-,-,20.276,I,5,N,Y,4,0,3,2,A,-,05,21752,D,N,B,C,A,A,H,-,A,D,0,,,,,Y,,A,01,0,0,3,0,0,0,0,0,0,"- ","- ",35.351030000000002,-119.60951,KINGS,UNINCORPORATED,-119.61031327000001,36.351551720000003
7034806,2015,2015-09-03,1602,2015-08-03,1357,1433,41,1,5,4,1602,0,0,0,,0,004,"N REDINGTON ST","LACEY BL",0.00,,Y,A,-,N,,,,,,,,,,Y,4,0,3,2,A,-,09,21804,A,N,D,C,A,A,H,-,A,D,0,,,,,Y,,D,72,0,0,3,0,0,0,0,0,0,"- ","- ",36.328020000000002,-119.64932,KINGS,HANFORD,-119.64929998,36.327970090000001
7034810,2015,2015-08-28,1602,2015-07-20,1342,1433,42,1,5,4,1602,0,0,0,,0,004,"E 7TH ST","7TH ST",0.00,,-,A,-,N,,,,,,,,,,N,4,0,2,2,A,-,03,22350,,N,C,C,A,A,H,-,A,D,0,,,,,Y,,D,72,0,0,2,0,0,0,0,0,0,"- ","- ",36.32687,-119.64408,KINGS,HANFORD,-119.64569989,36.326630049999999
7034873,2015,2015-08-28,1602,2015-07-19,0458,1465,48,7,5,4,1602,0,0,0,,0,001,"W 7TH ST","SANTA FE AV",0.00,,Y,A,-,N,,,,,,,,,,Y,4,0,1,1,A,-,08,22107,,N,E,I,A,A,H,-,B,D,0,,,,,Y,,D,22,0,0,1,0,0,0,0,0,0,"- ","- ",36.32573,-119.65156,KINGS,HANFORD,-119.65152988,36.325720029999999
7034877,2015,2015-08-28,1602,2015-07-31,0957,1461,38,5,5,4,1602,0,0,0,,0,001,"WEST LACEY BL","12TH AV",22.00,W,N,A,-,N,,,,,,,,,,Y,4,0,1,3,A,-,08,22107,,N,A,C,A,A,H,-,A,A,0,,,,,Y,,A,01,0,0,1,0,0,0,0,0,0,"- ","- ",36.328020000000002,-119.67282,KINGS,HANFORD,-119.67307457,36.328137550000001
7034972,2015,2015-08-22,1602,2015-07-31,1512,1470,43,5,5,4,1602,0,0,0,,0,004,"9 1/4 AV","MYRTLE ST",0.00,,Y,A,-,N,,,,,,,,,,Y,4,0,2,2,A,-,03,22350,,N,C,C,A,A,H,-,A,D,0,,,,,Y,,A,01,0,0,2,0,0,0,0,0,0,"- ","- ",36.332410000000003,-119.62347,KINGS,HANFORD,-119.62347991,36.33239004
7034988,2015,2015-08-22,9440,2015-07-27,1625,15399,,1,2,9,1600,0,2,4,,1,049,"JACKSON AV","AVENAL CUTOFF RD",25.00,E,N,A,-,N,,,,,,,,,,Y,3,0,2,1,A,-,08,22107,,N,E,I,A,A,H,-,A,D,0,,,,,Y,,A,01,0,1,1,0,0,0,0,0,0,"- ","- ",36.25423,-119.69907000000001,KINGS,UNINCORPORATED,-119.86943547,36.254104830000003
7035039,2015,2015-08-22,9440,2015-07-27,1607,16961,,1,2,9,1600,0,3,5,,2,020,"16TH AV","GRANGEVILLE BL",0.00,,Y,A,-,N,,,,,,,,,,Y,4,0,2,2,A,-,09,21802,A,N,D,C,A,A,H,-,A,A,0,,,,,Y,,A,01,0,0,2,0,0,0,0,0,0,"- ","- ",36.208300000000001,-119.44410000000001,KINGS,UNINCORPORATED,-119.74474991,36.342590110000003
7035576,2015,2015-09-01,9440,2015-07-29,0530,013492,,3,3,4,1602,0,3,5,,2,020,"13TH AV","FLINT AV",1495.00,N,N,A,-,N,,,,,,,,,,N,2,0,1,2,A,-,11,21954,A,N,G,B,E,A,H,-,D,D,0,Y,,,,Y,,N,60,1,0,0,0,1,0,0,0,0,"- ","- ",36.376080000000002,-119.69109,KINGS,HANFORD,-119.69101874,36.375753619999998
7037170,2015,2015-09-04,1602,2015-08-05,1900,1452,55,3,5,4,1602,0,0,0,,0,004,"W HANFORD ARMONA RD","WILLIAMS ST",150.00,E,N,A,-,N,,,,,,,,,,Y,4,0,1,2,A,-,21,22106,,N,B,C,A,A,H,-,B,D,0,,,,,Y,,A,01,0,0,1,0,0,0,0,0,0,"- ","- ",36.327449999999999,-119.64568,KINGS,HANFORD,-119.65148126,36.313429999999997
7037918,2015,2017-01-12,9495,2015-08-09,2010,017312,,7,2,9,1600,0,1,1,,2,004,"RT 5","25TH AV",1584.00,S,N,A,-,Y,KIN,6,5,-,-,14.250,H,-,S,Y,2,0,2,1,A,-,08,22107,,N,F,A,A,A,D,-,D,D,1,,,,,Y,,A,01,1,1,0,0,0,0,0,0,0,"- ","- ",,,KINGS,UNINCORPORATED,-119.93365926,35.955432559999998
7047954,2015,2015-09-09,1602,2015-08-15,1955,1466,45,6,5,4,1602,0,0,0,,0,001,"S 12TH AV","GLENDALE AV",0.00,,Y,A,-,N,,,,,,,,,,N,4,0,1,2,A,-,09,21801,A,N,D,C,A,A,H,-,C,D,0,,,,,Y,,A,01,0,0,1,0,0,0,0,0,0,"- ","- ",36.320450000000001,-119.673,KINGS,HANFORD,-119.67306997,36.320220040000002
7047958,2015,2015-09-21,1602,2015-08-15,1650,1471,22,6,5,4,1602,0,0,0,,0,001,"W GRANGEVILLE BL","VINTAGE ST",0.00,,Y,A,-,N,,,,,,,,,,N,4,0,1,2,A,-,09,21802,,M,B,C,A,A,H,-,A,A,0,,,,,Y,,A,01,0,0,1,0,0,0,0,0,0,"- ","- ",36.342619999999997,-119.67831,KINGS,HANFORD,-119.67828991,36.342640109999998
7047962,2015,2015-09-09,1602,2015-08-05,1350,1429,9,3,5,4,1602,0,0,0,,0,002,"SPALDING DR","ENCORE DR",0.00,,Y,A,-,N,,,,,,,,,,Y,4,0,1,2,A,-,08,22107,,N,A,C,A,A,H,-,A,A,0,,,,,Y,,A,07,0,0,1,0,0,0,0,0,0,"- ","- ",36.361310000000003,-119.64939,KINGS,HANFORD,-119.64943998,36.36132001
7048001,2015,2015-09-11,1602,2015-07-27,1148,1433,38,1,5,4,1602,0,0,0,,0,001,"LIBERTY DR","12TH AV",0.00,,Y,A,-,N,,,,,,,,,,Y,3,0,1,2,A,-,12,21453,A,N,D,C,A,A,H,-,A,A,0,,,,,Y,,A,07,0,1,0,0,0,0,0,0,0,"- ","- ",36.332819999999998,-119.67283,KINGS,HANFORD,-119.67290998999999,36.332790109999998
7049708,2015,2015-09-15,1602,2015-08-25,1359,1457,42,2,5,4,1602,0,0,0,,0,004,"E 10TH ST","EAST ST",0.00,,Y,A,-,N,,,,,,,,,,N,3,0,1,2,A,-,06,21750,A,N,B,C,A,A,H,-,A,B,0,,,,,Y,,A,01,0,1,0,0,0,0,0,0,0,"- ","- ",36.330100000000002,-119.63797,KINGS,HANFORD,-119.6379799,36.330110099999999
7049709,2015,2015-09-15,1602,2015-08-19,1039,1477,40,3,5,4,1602,0,0,0,,0,001,"N 11TH AV","WEST LACEY BL",0.00,N,N,A,-,N,,,,,,,,,,N,4,0,2,3,A,-,03,22350,,N,C,C,B,A,H,-,A,A,0,Y,,,,Y,,A,07,0,0,2,0,0,0,0,0,0,"- ","- ",36.328130000000002,-119.65521,KINGS,HANFORD,-119.65519999,36.32805003
7049710,2015,2015-09-15,1602,2015-08-22,2010,1479,35,6,5,4,1602,0,0,0,,0,002,"N HARRIS ST","FLORINDA ST",0.00,,Y,A,-,N,,,,,,,,,,N,4,0,1,2,A,-,08,22107,,F,H,G,A,A,H,-,B,D,0,,Y,,,Y,,L,04,0,0,1,0,0,0,1,0,0,"- ","- ",36.334910000000001,-119.64434,KINGS,HANFORD,-119.64434989999999,36.334910100000002
7049711,2015,2015-09-21,1602,2015-08-17,1116,1417,38,1,5,4,1602,0,0,0,,0,001,"LACEY BL","MALL DR",0.00,,Y,-,-,N,,,,,,,,,,N,4,0,1,2,A,-,05,21650,,N,-,-,A,-,-,-,-,-,0,,Y,,,Y,,L,04,0,0,1,0,0,0,1,0,0,"- ","- ",36.328130000000002,-119.66849000000001,KINGS,HANFORD,-119.66848999,36.328130010000002
7049712,2015,2015-09-15,1602,2015-08-19,1003,1417,39,3,5,4,1602,0,0,0,,0,001,"WEST LACEY BL","W LACEY BL 840",0.00,,-,A,-,N,,,,,,,,,,N,4,0,1,2,A,-,05,21650,,N,A,G,A,A,H,-,A,A,0,,Y,,,Y,,L,04,0,0,1,0,0,0,1,0,0,"- ","- ",36.32846,-119.65739000000001,KINGS,HANFORD,-119.65741307,36.328049780000001
7049713,2015,2015-09-15,1602,2015-08-14,1252,1429,32,5,5,4,1602,0,0,0,,0,001,"GRANGEVILLE BL","RODGERS RD",0.00,,Y,A,-,N,,,,,,,,,,Y,3,0,2,2,A,-,12,21453,A,N,D,D,A,A,H,-,A,A,0,,,,,Y,,A,01,0,2,0,0,0,0,0,0,0,"- ","- ",36.342669999999998,-119.65955,KINGS,HANFORD,-119.65953996,36.342670050000002
7049714,2015,2015-09-15,1602,2015-08-24,2229,1433,56,1,5,4,1602,0,0,0,,0,004,"HIGHLAND AV","HIGHLAND AV 146",0.00,,-,A,-,N,,,,,,,,,,N,2,0,2,3,A,-,08,22107,,F,A,G,A,A,H,-,C,D,0,,Y,,,Y,Y,A,07,1,1,0,0,0,0,2,0,0,"- ","- ",,,KINGS,HANFORD,-119.64658319999999,36.310546049999999
7049751,2015,2015-09-10,1602,2015-07-31,2030,1478,39,5,5,4,1602,0,0,0,,0,001,"WEST LACEY BL","GARNER AV",52.00,W,N,A,-,N,,,,,,,,,,N,4,0,1,2,A,-,10,21952,,N,G,B,D,A,H,-,C,D,0,Y,,,,Y,,A,01,0,0,1,0,1,0,0,0,0,"- ","- ",36.328139999999998,-119.66015,KINGS,HANFORD,-119.65937417000001,36.328000000000003
7050862,2015,2017-01-23,1603,2015-08-15,1629,1804,LO6,6,5,3,1603,0,0,0,,0,0L3,"RT 41","WEST BUSH ST",0.00,,Y,A,-,Y,KIN,6,41,-,R,40.795,R,1,N,N,4,0,3,2,A,-,03,22350,,N,C,C,A,A,H,-,A,A,0,,,,,Y,,D,22,0,0,3,0,0,0,0,0,0,"- ","- ",,,KINGS,LEMOORE,-119.80963353,36.294293860000003
7052082,2015,2017-01-23,1603,2015-08-05,1707,899,LO5,3,5,3,1603,0,0,0,,0,0L3,"RT 41","RT 198",0.00,,Y,A,-,Y,KIN,6,41,-,R,39.779,I,5,N,Y,3,0,3,2,A,-,12,22450,A,N,D,C,A,A,H,-,A,A,0,,,,,Y,,A,01,0,2,1,0,0,0,0,0,0,"- ","- ",,,KINGS,LEMOORE,-119.80782449,36.279664609999998
7052086,2015,2015-09-18,1603,2015-08-25,1730,691,LC1,2,5,3,1603,0,0,0,,0,0L1,"FOX ST","WEST CINNAMON DR",506.00,N,N,A,-,N,,,,,,,,,,Y,2,0,1,1,A,-,05,21650,,N,E,I,A,A,H,-,A,D,0,,,,,Y,,A,01,1,0,0,0,0,0,0,0,0,"- ","- ",,,KINGS,LEMOORE,-119.78833202,36.30740539
7052154,2015,2015-09-18,1603,2015-08-14,1157,1354,LM5,5,5,3,1603,0,0,0,,0,0L3,"SOUTH 19TH AV","WEST BUSH ST",0.00,,Y,A,-,N,,,,,,,,,,N,4,0,1,2,A,-,03,22350,,N,A,C,A,A,H,-,A,A,0,,,,,Y,,A,01,0,0,1,0,0,0,0,0,0,"- ","- ",,,KINGS,LEMOORE,-119.79879988,36.298260030000002
7052158,2015,2017-01-23,1603,2015-08-20,0436,1205,LO6,4,5,3,1603,0,0,0,,0,0L3,"RT 41","RT 198",0.00,,N,A,-,Y,KIN,6,41,-,R,40.125,I,5,N,Y,3,0,3,2,A,-,09,21802,A,N,D,C,A,A,H,-,C,A,0,,,,,Y,,A,01,0,1,2,0,0,0,0,0,0,"- ","- ",,,KINGS,LEMOORE,-119.80791313,36.284742700000002
7052734,2015,2015-09-18,1603,2015-07-25,1220,1263,LD3,6,5,3,1603,0,0,0,,0,0L1,"LIBERTY DR","W HANFORD ARMONA RD",2.00,S,N,A,-,N,,,,,,,,,,N,3,0,1,2,A,-,09,21802,A,N,H,G,A,A,H,-,A,A,0,,Y,,,Y,,A,01,0,1,0,0,0,0,1,0,0,"- ","- ",,,KINGS,LEMOORE,-119.79423901,36.31339457
7052738,2015,2015-09-18,1603,2015-07-04,0756,1354,LI1,6,5,3,1603,0,0,0,,0,0L2,"NORTH LEMOORE AV","G ST",14.00,S,N,A,-,N,,,,,,,,,,Y,2,0,4,2,C,-,18,,,N,A,E,A,A,H,-,A,D,0,,,,,Y,,-,"- ",2,2,0,0,0,0,0,0,0,"- ","- ",,,KINGS,LEMOORE,-119.78081,36.305551569999999
7052770,2015,2015-09-18,1603,2015-07-14,2116,1804,LE1,2,5,3,1603,0,0,0,,0,0L1,"W HANFORD ARMONA RD","ANTELOPE DR",130.00,E,N,A,-,N,,,,,,,,,,N,4,0,3,2,A,-,03,22350,,N,C,C,A,A,H,-,C,A,0,,,,,Y,,A,01,0,0,3,0,0,0,0,0,0,"- ","- ",,,KINGS,LEMOORE,-119.78482906000001,36.31344
7052774,2015,2015-09-18,1603,2015-07-20,1342,1373,LM8,1,5,3,1603,0,0,0,,0,0L3,"WEST BUSH ST","COLLEGE AV",1056.00,E,N,A,-,N,,,,,,,,,,Y,4,0,1,1,A,-,08,22107,,N,E,I,A,A,H,-,A,D,0,,,,,Y,,A,08,0,0,1,0,0,0,0,0,0,"- ","- ",,,KINGS,LEMOORE,-119.81804304000001,36.29470903
7053789,2015,2015-09-23,1602,2015-09-10,2021,1433,37,4,5,4,1602,0,0,0,,0,004,"E LACEY","VIDAURRI LN",82.00,E,N,A,-,N,,,,,,,,,,Y,2,0,1,1,A,-,08,22107,,N,E,I,A,A,H,-,D,D,0,,,,,Y,,A,07,1,0,0,0,0,0,0,0,0,"- ","- ",36.32799,-119.6009,KINGS,HANFORD,-119.60669185,36.328000000000003
7053817,2015,2015-09-23,1602,2015-09-06,1419,1457,40,7,5,4,1602,0,0,0,,0,001,"11TH AV","IVY ST",0.00,,Y,A,-,N,,,,,,,,,,Y,3,0,1,2,A,-,09,21801,A,N,D,C,A,A,H,-,A,A,0,,,,,Y,,A,01,0,1,0,0,0,0,0,0,0,"- ","- ",36.332189999999997,-119.65521,KINGS,HANFORD,-119.65516999,36.332190060000002
7053821,2015,2015-09-23,1602,2015-09-08,0823,1433,40,2,5,4,1602,0,0,0,,0,005,"CENTER ST","REDINGTON ST",0.00,,Y,A,-,N,,,,,,,,,,Y,4,0,1,2,A,-,09,21802,A,N,D,C,A,A,H,-,A,A,0,,,,,Y,Y,A,71,0,0,1,0,0,0,0,0,0,"- ","- ",36.330100000000002,-119.64931,KINGS,HANFORD,-119.64933992,36.33007001
7053825,2015,2015-09-30,1602,2015-09-03,1354,1433,17,4,5,4,1602,0,0,0,,0,002,"N DOUTY ST","CORTNER ST",0.00,,Y,A,-,N,,,,,,,,,,Y,4,0,1,2,A,-,09,21802,A,N,D,C,A,A,H,-,A,A,0,,,,,Y,,-,"- ",0,0,1,0,0,0,0,0,0,"- ","- ",36.351759999999999,-119.64603,KINGS,HANFORD,-119.64603992000001,36.351790059999999
7053829,2015,2015-09-23,1602,2015-09-03,0750,1433,54,4,5,4,1602,0,0,0,,0,003,"S 11TH AV","HANFORD ARMONA RD",0.00,,Y,A,-,N,,,,,,,,,,Y,4,0,1,1,A,-,08,22107,,N,E,I,A,A,H,-,A,D,0,,,,,Y,,A,01,0,0,1,0,0,0,0,0,0,"- ","- ",36.313429999999997,-119.65508,KINGS,HANFORD,-119.65497999,36.313450009999997
7058377,2015,2015-10-12,1600,2015-08-16,2334,128,KINGS,7,5,3,1690,0,0,0,,0,,"THIRD AV","MARIPOSA ST",5.00,W,N,A,-,N,,,,,,,,,,Y,2,0,1,3,A,-,08,22107,,N,C,E,A,A,H,-,C,D,0,,,,,Y,,-,,1,0,0,0,0,0,0,0,0,"- ","- ",,,KINGS,AVENAL,-120.13454,36.009010000000004
7058379,2015,2017-01-14,1600,2015-08-02,1438,128,KING,7,5,3,1690,0,0,0,,0,0A1,"RT 269",AVENAL,11616.00,S,N,A,-,Y,KIN,6,269,-,-,3.570,H,-,S,Y,3,0,1,1,A,-,08,22107,,N,F,A,A,A,H,-,A,D,0,,,,,Y,,A,07,0,1,0,0,0,0,0,0,0,"- ","- ",,,KINGS,AVENAL,-120.11258839,36.043004519999997
7058380,2015,2017-01-14,1600,2015-08-03,1700,124,,1,5,3,1690,0,0,0,,0,001,"RT 269",HYDRIL,5.00,S,N,A,-,Y,KIN,6,269,-,-,1.055,H,-,S,N,4,0,1,2,A,-,04,21703,,N,C,C,A,A,H,-,A,A,0,,,,,Y,,-,,0,0,1,0,0,0,0,0,0,"- ","- ",,,KINGS,AVENAL,-120.12160067000001,36.007926949999998
7061223,2015,2015-10-24,1601,2015-01-31,1652,7,9,6,5,3,1601,0,0,0,,0,00N,"VAN DORSTEN AV","WHITLEY AV",0.00,,N,A,-,N,,,,,,,,,,N,4,0,1,2,A,-,09,21802,A,N,D,C,A,A,H,-,A,B,0,,,,,Y,,A,01,0,0,1,0,0,0,0,0,0,"- ","- ",,,KINGS,CORCORAN,-119.56355988,36.098040040000001
7061224,2015,2015-10-24,1601,2015-01-12,0957,147,15,1,5,3,1601,0,0,0,,0,00S,"OREGON AV","AZALEA ST",0.00,,Y,A,-,N,,,,,,,,,,N,4,0,1,2,A,-,09,21803,A,N,D,C,A,A,H,-,A,D,0,,,,,Y,,A,01,0,0,1,0,0,0,0,0,0,"- ","- ",,,KINGS,CORCORAN,-119.55902988,36.087130039999998
7062162,2015,2015-10-24,1601,2015-03-29,1114,7,12,7,5,3,1601,0,0,0,,0,00S,"DAIRY AV","DAIRY AV 1500",0.00,,N,A,-,N,,,,,,,,,,N,4,0,1,2,A,-,03,22350,,N,C,C,A,A,H,-,A,D,0,,,,,Y,,A,01,0,0,1,0,0,0,0,0,0,"- ","- ",36.088889999999999,-119.55073,KINGS,CORCORAN,-119.57207501000001,36.093223399999999
7062971,2015,2015-10-24,1601,2015-03-06,1702,150,9,5,5,3,1601,0,0,0,,0,00N,"WHITLEY AV",CHITTENDEN,0.00,,Y,A,-,N,,,,,,,,,,Y,3,0,1,2,A,-,09,21804,A,N,G,B,B,A,H,-,B,D,0,Y,,,,Y,,N,60,0,1,0,0,1,0,0,0,0,"- ","- ",36.107329999999997,-119.56094,KINGS,CORCORAN,-119.55970988999999,36.098060089999997
7066348,2015,2015-09-18,1603,2015-05-07,1700,1800,LO5,4,5,3,1603,0,0,0,,0,0L3,"MARIN DR","SAN SIMEON DR",0.00,,Y,B,-,N,,,,,,,,,,N,3,0,1,2,D,-,00,,,N,D,C,A,A,H,-,B,D,0,,,,,Y,,-,"- ",0,1,0,0,0,0,0,0,0,"- ","- ",,,KINGS,LEMOORE,-119.80262986,36.287030080000001
7066353,2015,2015-09-18,9440,2015-08-06,0130,14567,,4,3,9,1600,0,2,4,,1,060,"2ND AV","IONA AV",1056.00,N,N,B,-,N,,,,,,,,,,Y,3,0,4,1,A,-,08,22107,,N,E,I,A,A,H,-,D,D,0,,,,,Y,,A,01,0,3,1,0,0,0,0,0,0,"- ","- ",36.287430000000001,-119.49209,KINGS,UNINCORPORATED,-119.49216799,36.286218249999997
7066679,2015,2015-09-18,1602,2015-09-01,1449,1477,25,2,5,4,1602,0,0,0,,0,002,"GRANGEVILLE BL","REDINGTON ST",0.00,,Y,A,-,N,,,,,,,,,,Y,4,0,1,2,A,-,12,21453,A,N,D,C,A,A,H,-,A,A,0,,,,,Y,,A,01,0,0,1,0,0,0,0,0,0,"- ","- ",36.342689999999997,-119.64931,KINGS,HANFORD,-119.64930987,36.342680090000002
7066755,2015,2015-09-18,1603,2015-05-30,1551,1354,LC1,6,5,3,1603,0,0,0,,0,0L1,"NORTH LEMOORE AV","WEST CINNAMON DR",0.00,,Y,A,-,N,,,,,,,,,,N,4,0,1,3,A,-,03,22350,,N,C,C,A,A,H,-,A,A,0,,,,,Y,,A,01,0,0,1,0,0,0,0,0,0,"- ","- ",,,KINGS,LEMOORE,-119.78080988000001,36.307060030000002
7072416,2015,2015-09-21,1603,2015-07-03,1702,1354,LA1,5,5,3,1603,0,0,0,,0,0L3,"FOLLETT ST","C ST",3.00,N,N,A,-,N,,,,,,,,,,Y,3,0,1,2,A,-,10,21950,A,N,G,B,B,A,H,-,A,A,0,Y,,,,Y,,D,22,0,1,0,0,1,0,0,0,0,"- ","- ",,,KINGS,LEMOORE,-119.78304189000001,36.300978090000001
7072417,2015,2015-09-21,1603,2015-06-22,0137,1068,,1,5,3,1603,0,0,0,,0,,LEMOORE,"INDIANA AV",696.00,N,N,A,-,N,,,,,,,,,,Y,4,0,4,3,A,-,03,22350,,N,C,C,A,A,H,-,C,D,0,,,,,Y,Y,A,01,0,0,4,0,0,0,0,0,0,"- ","- ",,,KINGS,LEMOORE,-119.78090286,36.277580980000003
7072897,2015,2015-09-21,1603,2015-06-17,1935,1372,,3,5,3,1603,0,0,0,,0,,"LEMOORE AV","HELENE ST",179.00,N,N,A,-,N,,,,,,,,,,Y,4,0,1,2,A,-,03,22350,,F,C,C,A,A,H,-,A,A,0,,,,,Y,,A,01,0,0,1,0,0,0,0,0,0,"- ","- ",,,KINGS,LEMOORE,-119.78087604,36.289668689999999
7072901,2015,2015-09-21,1603,2015-06-01,0800,1359,,1,5,3,1603,0,0,0,,0,,"LEMOORE AV","E ST",18.00,N,N,A,-,N,,,,,,,,,,Y,4,0,1,2,A,-,07,21658,,N,B,C,A,A,H,-,A,D,0,,,,,Y,,A,01,0,0,1,0,0,0,0,0,0,"- ","- ",,,KINGS,LEMOORE,-119.78081,36.303599409999997
7073121,2015,2016-01-22,1603,2015-09-04,0039,1394,LG2,5,5,3,1603,0,0,0,,0,0L3,"E BUSH ST","MADRID DR",530.00,W,N,A,-,N,,,,,,,,,,Y,4,0,1,2,A,-,01,23152,A,N,C,E,A,A,H,-,D,D,0,,,,,Y,Y,A,01,0,0,1,0,0,0,0,0,0,"- ","- ",,,KINGS,LEMOORE,-119.77356731,36.298315100000003
7081517,2015,2015-10-15,1602,2015-09-14,1630,1479,5,1,5,4,1602,0,0,0,,0,002,"N DOUTY ST",ENCORE,116.00,N,N,A,-,N,,,,,,,,,,Y,3,0,1,2,A,-,08,22107,,N,B,E,A,A,H,-,A,D,0,,,,Y,Y,,F,26,0,1,0,0,0,0,0,0,0,"- ","- ",36.361339999999998,-119.64606000000001,KINGS,HANFORD,-119.64605204,36.361648340000002
7081518,2015,2015-10-15,1602,2015-09-17,0927,1421,23,4,5,4,1602,0,0,0,,0,001,"W GRANGEVILLE BL","FITZGERALD LN",0.00,,Y,A,-,N,,,,,,,,,,Y,4,0,2,2,A,-,09,21802,A,N,D,C,A,-,H,-,A,A,0,,,,,Y,,A,07,0,0,2,0,0,0,0,0,0,"- ","- ",36.342640000000003,-119.66977,KINGS,HANFORD,-119.66978987,36.342640039999999
7081519,2015,2015-10-15,1602,2015-09-17,2229,1477,26,4,5,4,1602,0,0,0,,0,002,"GRANGEVILLE BL","KENSINGTON ST",0.00,,Y,A,-,N,,,,,,,,,,N,4,0,1,2,A,-,08,22107,,N,D,C,A,A,H,-,C,D,0,,,Y,Y,Y,,F,86,0,0,1,0,0,0,0,0,1,"- ","- ",36.342680000000001,-119.64149,KINGS,HANFORD,-119.64147989999999,36.34268007
7081520,2015,2015-10-15,1602,2015-09-19,2052,1472,33,6,5,4,1602,0,0,0,,0,001,"W FLORINDA ST","KAWEAH ST",0.00,,Y,A,-,N,,,,,,,,,,Y,4,0,1,3,A,-,08,22107,,N,C,E,A,A,H,-,C,D,0,,,,,Y,Y,D,22,0,0,1,0,0,0,0,0,0,"- ","- ",36.335099999999997,-119.65034,KINGS,HANFORD,-119.65088996,36.334910110000003
7081768,2015,2015-10-10,1602,2015-09-22,1002,1457,38,2,5,4,1602,0,0,0,,0,001,"12TH AV","LACEY BL",0.00,,Y,A,-,N,,,,,,,,,,Y,4,0,3,2,A,-,09,21453,C,N,D,C,A,A,H,-,A,A,0,,,,,Y,,A,07,0,0,3,0,0,0,0,0,0,"- ","- ",,,KINGS,HANFORD,-119.67299993,36.328140079999997
7081769,2015,2015-10-10,1602,2015-09-19,2300,1470,43,6,5,4,1602,0,0,0,,0,004,"N 10TH AV","7TH ST",0.00,,Y,A,-,N,,,,,,,,,,N,3,0,1,1,A,-,01,23152,,N,E,I,A,A,H,-,C,A,0,,,,,Y,Y,A,07,0,1,0,0,0,0,0,0,0,"- ","- ",,,KINGS,HANFORD,-119.63698995,36.327980029999999
7081770,2015,2015-10-10,1602,2015-09-18,1334,1474,40,5,5,4,1602,0,0,0,,0,001,"N 11TH AV","IVY ST",0.00,,Y,A,-,N,,,,,,,,,,Y,4,0,2,2,A,-,09,21802,A,N,D,C,A,A,H,-,A,D,0,,,,,Y,,-,"- ",0,0,2,0,0,0,0,0,0,"- ","- ",,,KINGS,HANFORD,-119.65516999,36.332190060000002
7081771,2015,2015-10-10,1602,2015-09-13,1044,1473,25,7,5,4,1602,0,0,0,,0,001,"GRANGEVILLE BL","11TH AV",0.00,,-,A,-,N,,,,,,,,,,N,4,0,2,2,A,-,09,21804,,N,D,C,A,A,H,-,A,A,0,,,,,Y,,A,01,0,0,2,0,0,0,0,0,0,"- ","- ",,,KINGS,HANFORD,-119.65512997,36.342670079999998