CASE_ID,ACCIDENT_YEAR,PROC_DATE,JURIS,COLLISION_DATE,COLLISION_TIME,OFFICER_ID,REPORTING_DISTRICT,DAY_OF_WEEK,CHP_SHIFT,POPULATION,CNTY_CITY_LOC,SPECIAL_COND,BEAT_TYPE,CHP_BEAT_TYPE,CITY_DIVISION_LAPD,CHP_BEAT_CLASS,BEAT_NUMBER,PRIMARY_RD,SECONDARY_RD,DISTANCE,DIRECTION,INTERSECTION,WEATHER_1,WEATHER_2,STATE_HWY_IND,CALTRANS_COUNTY,CALTRANS_DISTRICT,STATE_ROUTE,ROUTE_SUFFIX,POSTMILE_PREFIX,POSTMILE,LOCATION_TYPE,RAMP_INTERSECTION,SIDE_OF_HWY,TOW_AWAY,COLLISION_SEVERITY,NUMBER_KILLED,NUMBER_INJURED,PARTY_COUNT,PRIMARY_COLL_FACTOR,PCF_CODE_OF_VIOL,PCF_VIOL_CATEGORY,PCF_VIOLATION,PCF_VIOL_SUBSECTION,HIT_AND_RUN,TYPE_OF_COLLISION,MVIW,PED_ACTION,ROAD_SURFACE,ROAD_COND_1,ROAD_COND_2,LIGHTING,CONTROL_DEVICE,CHP_ROAD_TYPE,PEDESTRIAN_ACCIDENT,BICYCLE_ACCIDENT,MOTORCYCLE_ACCIDENT,TRUCK_ACCIDENT,NOT_PRIVATE_PROPERTY,ALCOHOL_INVOLVED,STWD_VEHTYPE_AT_FAULT,CHP_VEHTYPE_AT_FAULT,COUNT_SEVERE_INJ,COUNT_VISIBLE_INJ,COUNT_COMPLAINT_PAIN,COUNT_PED_KILLED,COUNT_PED_INJURED,COUNT_BICYCLIST_KILLED,COUNT_BICYCLIST_INJURED,COUNT_MC_KILLED,COUNT_MC_INJURED,PRIMARY_RAMP,SECONDARY_RAMP,LATITUDE,LONGITUDE,COUNTY,CITY,POINT_X,POINT_Y
90177497,2016,2016-05-11,9440,2016-05-01,0200,018566,,7,3,9,1600,0,1,3,,1,430,"STATE ROUTE 43","NEVADA AVENUE",8976.00,N,N,A,-,Y,,,43,,,,,,,Y,3,0,4,2,A,-,01,23152,A,N,D,C,A,A,H,-,D,D,0,,,,,Y,Y,A,01,0,1,3,0,0,0,0,0,0,"- ","- ",36.159120000000001,-119.60032,KINGS,UNINCORPORATED,-119.60035644,36.15911028
9017750,2019,2020-02-11,1602,2019-12-19,1156,1425,10,4,5,4,1602,0,0,0,,0,002,"N DOUTY ST","FARGO AV",0.00,,Y,A,-,N,,,,,,,,,,Y,4,0,1,2,A,-,12,21453,A,N,D,C,A,A,H,-,A,A,0,,,,,Y,,A,07,0,0,1,0,0,0,0,0,0,"- ","- ",36.357280731201172,-119.64604187011719,KINGS,HANFORD,-119.64605712890625,36.357269287109375
90178075,2016,2016-05-12,9440,2016-05-01,1440,012806,,7,2,9,1600,0,1,3,,1,430,SR-43,"WHITLEY AVE",0.00,,Y,A,-,Y,,,43,,,,,,,Y,4,0,1,2,A,-,09,21802,A,N,D,C,A,A,H,-,A,A,0,,,,Y,Y,,A,07,0,0,1,0,0,0,0,0,0,"- ","- ",36.098050000000001,-119.54554,KINGS,UNINCORPORATED,-119.54571326999999,36.09796497
90179135,2016,2016-05-13,9440,2016-05-06,1313,016961,,5,1,9,1600,0,1,3,,1,198,"SR-198 E/B TO SR-43",SR-43,15.00,W,N,B,-,Y,,,198,,,,R,,E,Y,3,0,1,1,C,-,18,,,N,E,I,A,A,H,-,A,A,0,,,,,Y,,-,"- ",0,1,0,0,0,0,0,0,0,"- ","- ",36.324100000000001,-119.607,KINGS,UNINCORPORATED,-119.607,36.324100000000001
90179825,2016,2016-05-16,9440,2016-05-08,1158,014363,,7,1,9,1600,0,1,3,,1,198,"STATE ROUTE 198 (WESTBOUND)","STATE ROUTE 41",5331.00,W,N,B,-,Y,,,198,,,,,,,Y,3,0,1,1,A,-,08,22107,,N,F,A,A,A,H,-,A,D,0,,,,,Y,,A,01,0,1,0,0,0,0,0,0,0,"- ","- ",36.27516,-119.82422,KINGS,UNINCORPORATED,-119.82422545999999,36.27517237
90179869,2016,2016-05-16,9440,2016-04-30,2120,019199,,6,2,9,1600,0,2,4,,1,049,"JACKSON AVE","AVENAL CUTOFF RD",36.00,E,N,A,-,N,,,,,,,,,,Y,2,0,1,1,A,-,08,22107,,N,E,I,A,A,H,-,C,D,0,,,,,Y,,A,01,1,0,0,0,0,0,0,0,0,"- ","- ",36.254060000000003,-119.86927,KINGS,UNINCORPORATED,-119.86939828,36.254106960000001
90180317,2016,2016-05-16,9440,2016-05-08,1335,013492,,7,1,9,1600,0,3,5,,2,020,"UTICA AVE","10TH AVE",13200.00,W,N,B,-,N,,,,,,,,,,Y,4,0,1,1,A,-,08,22107,,N,F,A,A,A,H,-,A,D,0,,,,,Y,,A,01,0,0,1,0,0,0,0,0,0,"- ","- ",35.933990000000001,-119.68932,KINGS,UNINCORPORATED,-119.68922861,35.933936209999999
90180970,2015,2016-05-17,9440,2015-11-03,0852,013492,,2,1,9,1600,0,2,4,,1,070,"22ND AVE","GRANGEVILLE BOULEVARD",0.00,,Y,B,-,N,,,,,,,,,,Y,1,2,2,3,A,-,01,23152,E,N,D,C,A,A,H,-,A,A,0,,,,,Y,,D,22,2,0,0,0,0,0,0,0,0,"- ","- ",36.343879999999999,-119.85118,KINGS,UNINCORPORATED,-119.85126986,36.343970069999997
90181517,2016,2016-05-25,9440,2016-05-10,1735,014567,,2,2,9,1600,0,1,3,,1,430,"SR-43 S/B","FARGO AVE",0.00,,Y,A,-,Y,,,43,,,,,,S,Y,4,0,3,2,A,-,09,21802,A,N,D,C,A,A,H,-,A,A,0,,,,Y,Y,,A,01,0,0,3,0,0,0,0,0,0,"- ","- ",36.357239999999997,-119.62045999999999,KINGS,UNINCORPORATED,-119.62045551999999,36.35724802
90181594,2016,2016-05-17,9440,2016-05-10,2215,014567,,2,3,9,1600,0,3,5,,2,010,"NEVADA AVE.",SR-43,2640.00,W,N,A,-,N,,,,,,,,,,Y,2,0,1,1,A,-,08,22107,,N,F,A,A,A,A,-,D,D,0,,,,,Y,,D,22,1,0,0,0,0,0,0,0,0,"- ","- ",36.137979999999999,-119.59542,KINGS,UNINCORPORATED,-119.59399313999999,36.137892340000001
90181875,2016,2016-05-18,9440,2016-05-13,1624,018566,,5,2,9,1600,0,1,3,,1,198,"STATE ROUTE 198 (EASTBOUND)","6TH AVENUE",15.00,W,N,A,-,Y,,,198,,,,,,,Y,3,0,2,2,A,-,01,23152,A,N,D,C,A,A,H,-,A,D,0,,,,,Y,Y,D,22,0,2,0,0,0,0,0,0,0,"- ","- ",36.327930000000002,-119.5652,KINGS,UNINCORPORATED,-119.56520053,36.328161369999997
90182938,2016,2016-05-19,9440,2016-05-10,0845,012806,,2,1,9,1600,0,1,3,,1,410,SR-41,"LINCOLN AVE",692.00,S,N,A,-,Y,,,41,,,,,,,N,3,0,1,2,A,-,05,21650,,F,B,C,A,A,H,-,A,D,0,,,,Y,Y,,G,25,0,1,0,0,0,0,0,0,0,"- ","- ",36.180410000000002,-119.83449,KINGS,UNINCORPORATED,-119.83445146,36.180382000000002
90183884,2016,2016-05-20,9440,2016-05-19,0400,016774,,4,3,9,1600,0,2,4,,1,061,"6TH AVE","PARIS AVE",2640.00,S,N,A,-,N,,,,,,,,,,Y,3,0,1,1,A,-,08,22107,,N,F,A,A,A,H,-,D,D,0,,,,,Y,,A,01,0,1,0,0,0,0,0,0,0,"- ","- ",36.049230000000001,-119.57201000000001,KINGS,UNINCORPORATED,-119.571986,36.057923719999998
90185411,2016,2016-05-23,9440,2016-05-18,0640,013492,,3,1,9,1600,0,2,4,,1,041,"17TH AVE","EXCELSIOR AVE",0.00,,Y,A,-,N,,,,,,,,,,Y,4,0,1,2,A,-,12,22450,A,N,D,C,A,A,H,-,A,A,0,,,,,Y,,A,01,0,0,1,0,0,0,0,0,0,"- ","- ",36.401989999999998,-119.7624,KINGS,UNINCORPORATED,-119.76234986999999,36.402020010000001
9018730,2019,2020-02-10,1602,2019-12-14,2500,1499,46,6,5,4,1602,0,0,0,,0,003,"W 7TH ST","11TH AV",7.00,E,N,A,-,N,,,,,,,,,,N,4,0,1,2,A,-,11,21955,,N,G,B,D,A,H,-,A,A,0,Y,,,,Y,,N,60,0,0,1,0,1,0,0,0,0,"- ","- ",36.325229644775391,-119.65502166748047,KINGS,HANFORD,-119.65518188476562,36.325210571289062
90187394,2016,2016-05-25,9495,2016-05-20,2205,019789,,5,3,9,1600,0,1,1,,2,004,"INTERSTATE 5 (S/B)","QUEBEC AVE O/C",581.00,N,N,B,-,Y,,,5,,,,,,,N,4,0,1,2,A,-,03,22350,,N,C,C,A,A,H,-,D,D,0,,,,,Y,,A,01,0,0,1,0,0,0,0,0,0,"- ","- ",36.05527,-120.06635,KINGS,UNINCORPORATED,-120.06626944999999,36.055402569999998
90191198,2016,2016-05-31,9440,2016-05-25,2017,016934,,3,2,9,1600,0,3,5,,2,030,"18 3/4 AVE","LACEY BLVD",1848.00,S,N,A,-,N,,,,,,,,,,Y,4,0,1,1,A,-,01,23152,A,N,E,I,A,A,H,-,A,D,0,,,,,Y,Y,D,22,0,0,1,0,0,0,0,0,0,"- ","- ",36.325780000000002,-119.79430000000001,KINGS,UNINCORPORATED,-119.79427724999999,36.322892260000003
90191300,2016,2016-05-31,9440,2016-05-27,0430,016585,,5,3,9,1600,0,2,4,,1,068,"17TH AVE","KENT AVE",2112.00,S,N,A,-,N,,,,,,,,,,Y,2,0,4,1,A,-,08,22107,,F,F,A,A,A,H,-,D,D,0,,,,,Y,,A,01,2,0,2,0,0,0,0,0,0,"- ","- ",36.219000000000001,-119.7625,KINGS,UNINCORPORATED,-119.76238409,36.219902439999998
90191348,2016,2016-05-31,9440,2016-05-12,1300,016961,,4,1,9,1600,0,3,5,,2,030,"LAUREL AVE","22ND AVE",5808.00,W,N,A,-,N,,,,,,,,,,Y,1,1,0,1,A,-,08,22107,,N,F,A,A,A,H,-,A,D,0,,,,,Y,,A,01,0,0,0,0,0,0,0,0,0,"- ","- ",36.189100000000003,-119.851,KINGS,UNINCORPORATED,-119.87115978999999,36.189450020000002
90191356,2016,2016-05-31,9495,2016-05-21,0105,019755,,6,3,9,1600,0,1,1,,2,004,"INTERSTATE 5 (NORTHBOUND)","25TH AVENUE",528.00,S,N,A,-,Y,,,5,,,,,,,Y,3,0,2,1,A,-,08,22107,,N,E,I,A,A,H,-,D,D,0,,,,,Y,,A,01,0,2,0,0,0,0,0,0,0,"- ","- ",35.957520000000002,-119.93521,KINGS,UNINCORPORATED,-119.935272,35.95745625
90191383,2016,2016-05-31,9495,2016-05-20,2335,019789,,5,3,9,1600,0,1,1,,2,004,"INTERSTATE 5 (NORTHBOUND)","UTICA AVE",3960.00,N,N,A,-,Y,,,5,,,,,,,Y,4,0,1,2,A,-,08,22107,,N,C,C,A,A,H,-,D,D,0,,,,Y,Y,,A,01,0,0,1,0,0,0,0,0,0,"- ","- ",35.946719999999999,-119.92422000000001,KINGS,UNINCORPORATED,-119.92424706,35.946692259999999
90192120,2016,2016-06-01,9440,2016-05-26,1100,016774,,4,1,9,1600,0,2,4,,1,040,"AVENAL CUTOFF RD","LAUREL AVE",290.00,S,N,A,-,N,,,,,,,,,,Y,4,0,1,1,A,-,08,22107,,N,F,A,A,A,H,-,A,D,0,,,,,Y,,A,07,0,0,1,0,0,0,0,0,0,"- ","- ",36.18882,-119.94628,KINGS,UNINCORPORATED,-119.94620643,36.188796850000003
90193254,2016,2017-03-13,9440,2016-05-13,2205,019199,,5,3,9,1600,0,3,5,,2,020,"FRONT ST","JENSEN ST",138.00,W,N,A,-,N,,,,,,,,,,Y,1,1,2,1,A,-,03,22350,,N,E,I,A,A,H,-,D,A,0,,,,,Y,,A,01,1,1,0,0,0,0,0,0,0,"- ","- ",36.315449999999998,-119.71109,KINGS,UNINCORPORATED,-119.71216341,36.315087900000002
90193633,2016,2016-06-02,9440,2016-05-22,1032,014363,,7,1,9,1600,0,1,3,,1,430,"STATE ROUTE 43","LANSING AVENUE",11088.00,S,N,A,-,Y,,,43,,,,,,,Y,3,0,1,3,A,-,08,22107,,N,B,C,A,A,H,-,A,D,0,,,,Y,Y,,D,22,0,1,0,0,0,0,0,0,0,"- ","- ",36.164900000000003,-119.60045,KINGS,UNINCORPORATED,-119.60044981,36.164900000000003
90193937,2016,2016-06-03,9440,2016-05-27,1650,017024,,5,2,9,1600,0,3,5,,2,020,"16TH AVENUE","SR-198 W/B",22.00,S,N,A,-,N,,,,,,,,,,Y,3,0,1,1,A,-,03,22350,,N,E,I,A,A,H,-,A,D,0,,,,,Y,,D,22,0,1,0,0,0,0,0,0,0,"- ","- ",36.30153,-119.74464,KINGS,UNINCORPORATED,-119.74470377,36.300208249999997
90194812,2016,2016-06-06,9440,2016-05-28,0620,016585,,6,1,9,1600,0,3,5,,2,020,"JERSEY AVE","ALKALI DR",150.00,E,N,A,-,N,,,,,,,,,,Y,3,0,1,1,A,-,01,23152,A,N,E,I,A,A,H,-,A,D,0,,,,,Y,Y,A,01,0,1,0,0,0,0,0,0,0,"- ","- ",36.240200000000002,-119.75830000000001,KINGS,UNINCORPORATED,-119.75847173,36.240094470000003
90194890,2016,2016-06-06,9495,2016-05-27,0440,019755,,5,3,9,1600,0,3,5,,2,054,"PLYMOUTH AVENUE","33RD AVENUE",2112.00,E,N,A,-,Y,,,,,,,,,,N,4,0,1,2,A,-,03,22350,,N,C,C,A,A,H,-,D,D,0,,,,,Y,,A,07,0,0,1,0,0,0,0,0,0,"- ","- ",36.083399999999997,-120.05752,KINGS,UNINCORPORATED,,
90195701,2016,2016-06-07,9440,2016-06-06,1000,016934,,1,1,9,1600,0,1,3,,1,198,"SR-198 E/B","HANFORD ARMONA RD",10.00,W,N,A,-,Y,,,198,,,,,,E,Y,4,0,1,2,A,-,03,22350,,N,C,C,A,A,D,-,A,A,0,,,,,Y,,A,07,0,0,1,0,0,0,0,0,0,"- ","- ",36.314030000000002,-119.69262000000001,KINGS,UNINCORPORATED,-119.69263226,36.314068669999997
90195746,2016,2016-08-08,9440,2016-05-22,0010,018202,,7,3,9,1600,0,1,3,,1,410,SR-41,"LANSING AVE",200.00,N,N,A,-,Y,,,41,,,,,,,Y,2,0,4,4,A,-,01,23152,A,F,B,C,A,A,H,-,D,D,0,,,,Y,Y,Y,A,07,1,0,3,0,0,0,0,0,0,"- ","- ",36.19679,-119.82255000000001,KINGS,UNINCORPORATED,-119.82255915,36.196796720000002
90196334,2016,2016-06-07,9495,2016-06-03,1950,020298,,5,2,9,1600,0,1,1,,2,004,"INTERSTATE 5 (SOUTHBOUND)","COUNTY LINE RD",2640.00,N,N,A,-,Y,,,5,,,,,,,Y,4,0,1,2,A,-,07,21658,A,F,F,A,A,A,H,-,A,D,0,,,,,Y,,-,99,0,0,1,0,0,0,0,0,0,"- ","- ",35.797440000000002,-119.78805,KINGS,UNINCORPORATED,-119.78802468000001,35.797458919999997
90196753,2016,2016-06-08,9440,2016-05-31,1250,013492,,2,1,9,1600,0,2,4,,1,041,"EXCELSIOR AVENUE","11TH AVE",1598.00,E,N,A,-,N,,,,,,,,,,Y,1,1,0,1,A,-,08,22107,,N,E,I,A,A,H,-,A,D,0,,,,,Y,,A,01,0,0,0,0,0,0,0,0,0,"- ","- ",36.401150000000001,-119.6485,KINGS,UNINCORPORATED,-119.64954435,36.401144979999998
90197343,2016,2016-06-08,9440,2016-05-30,1813,016934,,1,2,9,1600,0,3,5,,2,010,"7TH AVENUE","HOUSTON AVE",320.00,N,N,A,-,N,,,,,,,,,,Y,1,1,2,1,A,-,08,22107,,N,E,I,A,A,H,-,A,A,0,,,,,Y,,A,07,1,0,1,0,0,0,0,0,0,"- ","- ",36.299869999999999,-119.58293999999999,KINGS,UNINCORPORATED,-119.58304697,36.299388299999997
90199085,2016,2016-06-10,9440,2016-05-31,2138,018566,,2,2,9,1600,0,1,3,,1,198,"STATE ROUTE 198 (WESTBOUND)","21ST AVENUE",0.00,,N,A,-,Y,,,198,,,,,,,Y,3,0,2,1,A,-,08,22107,,N,E,I,A,A,H,-,D,D,0,,,,,Y,,A,08,0,2,0,0,0,0,0,0,0,"- ","- ",36.275350000000003,-119.82419,KINGS,UNINCORPORATED,-119.82413019000001,36.275214390000002
90200200,2016,2016-06-13,9440,2016-05-26,1837,018202,,4,2,9,1600,0,2,4,,1,041,"13 1/4 AVE","EXCELSIOR AVE",0.00,,Y,A,-,N,,,,,,,,,,Y,1,1,0,2,A,-,09,21802,A,N,D,C,A,A,H,-,A,A,0,,,,Y,Y,,A,01,0,0,0,0,0,0,0,0,0,"- ","- ",36.401179999999997,-119.69551,KINGS,UNINCORPORATED,-119.69546990000001,36.401170049999998
90200344,2016,2016-06-13,9440,2016-06-07,1240,013492,,2,1,9,1600,0,2,4,,1,050,"KANSAS AVE","6TH AVE",142.00,E,N,A,-,N,,,,,,,,,,Y,3,0,3,2,A,-,03,22350,,N,C,C,A,A,H,-,A,D,0,,,,Y,Y,,F,26,0,1,2,0,0,0,0,0,0,"- ","- ",36.210970000000003,-119.56435,KINGS,UNINCORPORATED,-119.56447907,36.211053440000001
90200464,2016,2016-06-23,9440,2016-06-05,1849,017082,,7,2,9,1600,0,2,4,,1,041,"EXCELSIOR AVE","14 1/2 AVE",516.00,E,N,A,-,N,,,,,,,,,,Y,1,1,0,1,A,-,08,22107,,N,E,I,A,A,H,-,A,D,0,,,,,Y,,A,01,0,0,0,0,0,0,0,0,0,"- ","- ",36.401330000000002,-119.70887999999999,KINGS,UNINCORPORATED,-119.7163979,36.401140009999999
90200503,2016,2016-06-13,9440,2016-06-09,0635,016585,,4,1,9,1600,0,3,5,,2,010,"7TH AVE","GRANGEVILLE BLVD",0.00,,Y,A,-,N,,,,,,,,,,Y,4,0,2,2,A,-,12,22450,A,N,D,C,A,A,H,-,A,A,0,,,,,Y,,A,07,0,0,2,0,0,0,0,0,0,"- ","- ",36.342700000000001,-119.5831,KINGS,UNINCORPORATED,-119.58304990000001,36.342680059999999
90201609,2016,2016-06-14,9495,2016-06-02,0530,019755,,4,3,9,1600,0,1,3,,1,007,"STATE ROUTE 33","TEHAMA AVE.",13.00,S,N,A,-,Y,,,33,,,,,,,Y,4,0,1,2,A,-,05,21752,D,N,C,C,A,A,H,-,A,D,0,,,,,Y,,A,01,0,0,1,0,0,0,0,0,0,"- ","- ",35.964039999999997,-120.10782,KINGS,UNINCORPORATED,-120.10797762,35.96392505
9020171,2019,2020-09-22,1602,2019-12-18,0143,1440,48,3,5,4,1602,0,0,0,,0,003,"SANTA FE AV","8TH ST",0.00,,Y,A,-,N,,,,,,,,,,Y,4,0,1,2,A,-,01,23152,A,N,E,I,A,A,H,-,C,D,0,,,,,Y,Y,A,01,0,0,1,0,0,0,0,0,0,"- ","- ",36.326801300048828,-119.65180969238281,KINGS,HANFORD,-119.65177917480469,36.326778411865234
9020179,2019,2020-02-13,1602,2019-12-09,1810,1421,55,1,5,4,1602,0,0,0,,0,004,"11TH AV","HANFORD ARMONA RD",0.00,,Y,A,-,N,,,,,,,,,,Y,4,0,1,2,A,-,03,22350,,N,C,C,A,A,H,-,C,A,0,,,,,Y,,A,01,0,0,1,0,0,0,0,0,0,"- ","- ",36.313430786132812,-119.65508270263672,KINGS,HANFORD,-119.65498352050781,36.313449859619141
90202857,2016,2016-06-16,9440,2016-06-12,1520,016934,,7,2,9,1600,0,3,5,,2,030,"21ST AVE","KANSAS AVE",950.00,N,N,A,-,N,,,,,,,,,,Y,3,0,1,1,A,-,08,22107,,N,F,A,A,A,H,-,A,D,0,,,Y,,Y,,C,02,0,1,0,0,0,0,0,0,1,"- ","- ",36.213859999999997,-119.83405,KINGS,UNINCORPORATED,-119.83401497,36.21419788
90204370,2016,2016-06-17,9440,2016-06-14,0020,016774,,2,3,9,1600,0,2,4,,1,045,"GRANGEVILLE BLVD","13TH AVE",500.00,W,N,A,-,N,,,,,,,,,,Y,4,0,1,1,A,-,08,22107,,N,E,I,A,A,H,-,C,D,0,,,,,Y,,A,01,0,0,1,0,0,0,0,0,0,"- ","- ",36.342570000000002,-119.69419000000001,KINGS,UNINCORPORATED,-119.69270647,36.342599749999998
90204549,2016,2016-06-20,9440,2016-06-10,0835,012806,,5,1,9,1600,0,1,3,,1,430,SR-43,"WHITLEY AVE",2112.00,S,N,B,-,Y,,,43,,,,,,,Y,4,0,1,1,A,-,08,22107,,N,E,I,A,A,H,-,A,D,0,,,,Y,Y,,G,25,0,0,1,0,0,0,0,0,0,"- ","- ",36.090859999999999,-119.54228000000001,KINGS,UNINCORPORATED,-119.54220958000001,36.090895809999999
90204908,2016,2016-06-20,9440,2016-06-13,0741,016961,,1,1,9,1600,0,3,5,,2,020,"16TH AVE","JACKSON AVE",1056.00,N,N,A,-,N,,,,,,,,,,Y,3,0,1,2,A,-,03,22350,,N,C,C,A,A,H,-,A,D,0,,,,,Y,,A,01,0,1,0,0,0,0,0,0,0,"- ","- ",36.255000000000003,-119.74509999999999,KINGS,UNINCORPORATED,-119.74456085,36.257818759999999
90205394,2016,2016-06-20,9495,2016-06-11,1015,019755,,6,1,9,1600,0,3,5,,2,054,"BERNARD DRIVE","WARD DRIVE",0.00,,Y,A,-,N,,,,,,,,,,Y,4,0,1,2,A,-,09,21804,A,N,D,C,A,A,H,-,A,D,0,,,,,Y,,A,07,0,0,1,0,0,0,0,0,0,"- ","- ",35.987090000000002,-119.95814,KINGS,UNINCORPORATED,-119.95804990000001,35.987110110000003
90206730,2016,2016-06-21,9495,2016-06-14,0415,020418,,2,3,9,1600,0,1,1,,2,004,"INTERSTATE 5 (NORTHBOUND)","MILHAM AVE",7920.00,N,N,A,-,Y,,,,,,,,,,Y,4,0,1,1,A,-,08,22107,,N,E,I,A,A,H,-,C,D,0,,,,,Y,,A,01,0,0,1,0,0,0,0,0,0,"- ","- ",36.000900000000001,-119.988,KINGS,UNINCORPORATED,-120.0101138,36.022198869999997
9020692,2019,2020-02-04,1600,2019-11-14,0834,138,KINGS,4,5,3,1690,0,0,0,,0,002,"AVENAL CUTOFF","RT 269",0.00,,Y,A,-,N,,,,,,,,,,Y,3,0,1,1,A,-,08,22107,,N,E,I,A,A,H,-,A,D,0,,,,,Y,,A,01,0,1,0,0,0,0,0,0,0,"- ","- ",,,KINGS,AVENAL,-120.102418,36.072823999999997
90207085,2016,2016-06-22,9440,2016-06-14,2350,016774,,2,3,9,1600,0,2,4,,1,045,"GRANGEVILLE BLVD","23RD AVE",490.00,W,N,A,-,N,,,,,,,,,,Y,4,0,1,1,A,-,08,22107,,N,F,A,A,A,H,-,D,D,0,,,,,Y,,A,07,0,0,1,0,0,0,0,0,0,"- ","- ",36.34402,-119.86986,KINGS,UNINCORPORATED,-119.87090276000001,36.343950049999997
90207127,2016,2016-06-22,9440,2016-06-20,1640,016774,,1,2,9,1600,0,1,3,,1,198,SR-198,"6TH AVE",0.00,,Y,A,-,Y,,,198,,,,,,,Y,3,0,3,2,A,-,09,21801,A,N,D,C,A,A,H,-,A,A,0,,,,,Y,,A,01,0,1,2,0,0,0,0,0,0,"- ","- ",36.328589999999998,-119.56532,KINGS,UNINCORPORATED,-119.56531902,36.328226440000002
90207162,2016,2016-06-22,9440,2016-05-29,2255,014567,,7,3,9,1600,0,1,3,,1,198,"SR-198 W/B TO 14TH AVE.","14TH AVE",0.00,,Y,A,-,Y,,,198,,,,R,,W,Y,3,0,2,2,A,-,12,22450,A,N,D,C,A,A,H,-,D,A,0,,,,,Y,,A,01,0,1,1,0,0,0,0,0,0,"- ","- ",36.30932,-119.70909,KINGS,UNINCORPORATED,-119.70909,36.30932
90207414,2016,2016-06-22,9440,2016-06-15,1515,017024,,3,2,9,1600,0,1,3,,1,430,SR-43,"NEVADA AVE",7920.00,N,N,A,-,Y,,,43,,,,,,,Y,4,0,1,2,A,-,05,21460,C,F,B,C,A,A,H,-,A,D,0,,,,,Y,,D,22,0,0,1,0,0,0,0,0,0,"- ","- ",36.156910000000003,-119.59925,KINGS,UNINCORPORATED,-119.59917555,36.156963869999998
90208603,2016,2016-06-23,9440,2016-06-19,1555,015399,,7,2,9,1600,0,2,4,,1,068,"17TH AVENUE","IDAHO AVENUE",0.00,,Y,A,-,N,,,,,,,,,,Y,3,0,3,2,A,-,09,21802,A,F,D,C,A,A,H,-,A,A,0,,,,,Y,,A,01,0,3,0,0,0,0,0,0,0,"- ","- ",36.267780000000002,-119.76281,KINGS,UNINCORPORATED,-119.76293991,36.269180110000001
90210871,2016,2016-06-28,9440,2016-06-22,1333,017024,,3,1,9,1600,0,2,4,,1,046,"LACEY BLVD","13TH AVENUE",792.00,E,N,A,-,N,,,,,,,,,,Y,4,0,1,2,A,-,03,22350,,N,C,C,A,A,H,-,A,D,0,,,,,Y,,A,01,0,0,1,0,0,0,0,0,0,"- ","- ",36.327970000000001,-119.68785,KINGS,UNINCORPORATED,-119.6883033,36.328069999999997
90211888,2016,2016-06-29,9440,2016-06-22,1541,017024,,3,2,9,1600,0,1,3,,1,198,"SR-198 E/B","19TH AVE",1584.00,E,N,A,-,Y,,,,,,,,,,Y,4,0,1,2,A,-,03,22350,,N,C,C,A,A,H,-,A,D,0,,,,,Y,,A,07,0,0,1,0,0,0,0,0,0,"- ","- ",36.288400000000003,-119.79356,KINGS,UNINCORPORATED,-119.79418982,36.288274110000003
90214719,2016,2016-07-01,9440,2016-06-25,1325,012806,,6,1,9,1600,0,3,5,,2,030,"UTICA AVE",I-5,2640.00,E,N,A,-,N,,,,,,,,,,Y,3,0,4,2,A,-,03,22350,,N,C,C,A,A,H,-,A,D,0,,,,,Y,,D,22,0,1,3,0,0,0,0,0,0,"- ","- ",35.9345,-119.90157000000001,KINGS,UNINCORPORATED,-119.91181,35.934539999999998
90216034,2016,2016-11-15,9440,2016-05-25,1422,016961,,3,2,9,1600,0,3,5,,2,020,"15TH AVE","LACEY BLVD",0.00,,Y,A,-,N,,,,,,,,,,Y,1,1,2,2,A,-,12,22450,A,N,D,C,A,A,H,-,A,A,0,,,,,Y,,A,01,0,1,1,0,0,0,0,0,0,"- ","- ",36.328000000000003,-119.727,KINGS,UNINCORPORATED,-119.72687999,36.328060039999997
90216960,2016,2016-07-06,9440,2016-06-24,1145,015703,,5,1,9,1600,0,2,4,,1,046,"LACEY BLVD","14TH AVE",654.00,E,N,A,-,N,,,,,,,,,,Y,2,0,1,3,A,-,08,22107,,N,C,C,A,A,H,-,A,D,0,,,,,Y,,A,01,1,0,0,0,0,0,0,0,0,"- ","- ",36.32799,-119.70612,KINGS,UNINCORPORATED,-119.70676141,36.328070150000002
90217225,2016,2016-07-06,9440,2016-06-25,1023,016585,,6,1,9,1600,0,1,3,,1,430,SR-43,"JACKSON AVE",89.00,N,N,A,-,Y,,,43,,,,,,,Y,2,0,2,4,A,-,01,23152,A,N,C,C,A,A,H,-,A,D,0,,,,Y,Y,Y,A,01,1,0,1,0,0,0,0,0,0,"- ","- ",36.254899999999999,-119.60080000000001,KINGS,UNINCORPORATED,-119.60073269,36.254897819999996
90217760,2016,2016-07-07,9495,2016-06-27,2225,020418,,1,3,9,1600,0,1,3,,1,010,SR-41,"25TH AVE",5280.00,S,N,A,-,Y,,,41,,,,,,,Y,4,0,1,2,A,-,03,22350,,M,C,C,A,A,H,-,C,A,0,,,,,Y,,A,01,0,0,1,0,0,0,0,0,0,"- ","- ",35.992310000000003,-119.9597,KINGS,UNINCORPORATED,-119.95956764,35.992310000000003
90218156,2016,2016-07-07,9440,2016-06-29,2105,016774,,3,2,9,1600,0,1,3,,1,198,"SR-198 E/B","7TH AVE",1584.00,E,N,A,-,Y,,,198,,,,,,E,Y,2,0,1,1,A,-,01,23152,A,N,F,A,A,A,H,-,C,D,0,,,,Y,Y,Y,G,25,1,0,0,0,0,0,0,0,0,"- ","- ",36.328180000000003,-119.56511,KINGS,UNINCORPORATED,-119.56510996,36.32816158