CASE_ID,ACCIDENT_YEAR,PROC_DATE,JURIS,COLLISION_DATE,COLLISION_TIME,OFFICER_ID,REPORTING_DISTRICT,DAY_OF_WEEK,CHP_SHIFT,POPULATION,CNTY_CITY_LOC,SPECIAL_COND,BEAT_TYPE,CHP_BEAT_TYPE,CITY_DIVISION_LAPD,CHP_BEAT_CLASS,BEAT_NUMBER,PRIMARY_RD,SECONDARY_RD,DISTANCE,DIRECTION,INTERSECTION,WEATHER_1,WEATHER_2,STATE_HWY_IND,CALTRANS_COUNTY,CALTRANS_DISTRICT,STATE_ROUTE,ROUTE_SUFFIX,POSTMILE_PREFIX,POSTMILE,LOCATION_TYPE,RAMP_INTERSECTION,SIDE_OF_HWY,TOW_AWAY,COLLISION_SEVERITY,NUMBER_KILLED,NUMBER_INJURED,PARTY_COUNT,PRIMARY_COLL_FACTOR,PCF_CODE_OF_VIOL,PCF_VIOL_CATEGORY,PCF_VIOLATION,PCF_VIOL_SUBSECTION,HIT_AND_RUN,TYPE_OF_COLLISION,MVIW,PED_ACTION,ROAD_SURFACE,ROAD_COND_1,ROAD_COND_2,LIGHTING,CONTROL_DEVICE,CHP_ROAD_TYPE,PEDESTRIAN_ACCIDENT,BICYCLE_ACCIDENT,MOTORCYCLE_ACCIDENT,TRUCK_ACCIDENT,NOT_PRIVATE_PROPERTY,ALCOHOL_INVOLVED,STWD_VEHTYPE_AT_FAULT,CHP_VEHTYPE_AT_FAULT,COUNT_SEVERE_INJ,COUNT_VISIBLE_INJ,COUNT_COMPLAINT_PAIN,COUNT_PED_KILLED,COUNT_PED_INJURED,COUNT_BICYCLIST_KILLED,COUNT_BICYCLIST_INJURED,COUNT_MC_KILLED,COUNT_MC_INJURED,PRIMARY_RAMP,SECONDARY_RAMP,LATITUDE,LONGITUDE,COUNTY,CITY,POINT_X,POINT_Y
90645129,2018,2018-01-22,9440,2018-01-13,2205,020936,,6,3,9,1600,0,2,4,,1,068,"17TH AVENUE","SR-198 E/B",180.00,S,N,A,-,Y,,,,,,,,,,Y,3,0,1,1,A,-,01,23152,A,N,E,I,A,A,H,-,D,D,0,,,,,Y,Y,D,22,0,1,0,0,0,0,0,0,0,"- ","- ",36.293659210205078,-119.762939453125,KINGS,UNINCORPORATED,,
90645387,2018,2018-01-23,9440,2018-01-14,2137,018566,,7,2,9,1600,0,1,3,,1,430,"STATE ROUTE 43","NEVADA AVENUE",5280.00,S,N,A,-,Y,,,43,,,,,,,Y,4,0,1,2,A,-,06,21750,A,N,B,C,A,A,H,-,D,D,0,,,,,Y,,A,07,0,0,1,0,0,0,0,0,0,"- ","- ",36.124950408935547,-119.57584381103516,KINGS,UNINCORPORATED,-119.57579040527344,36.124984741210938
90645753,2018,2018-01-23,9440,2018-01-22,1145,020998,,1,1,9,1600,0,1,3,,1,198,"SR-198 W/B",SR-41,1721.00,W,N,A,-,Y,,,198,,,,,,W,Y,4,0,1,2,A,-,07,21658,A,N,F,A,A,A,H,-,A,D,0,,,,,Y,,A,07,0,0,1,0,0,0,0,0,0,"- ","- ",36.280059814453125,-119.81346130371094,KINGS,UNINCORPORATED,-119.81340789794922,36.279930114746094
90647150,2018,2018-01-25,9440,2018-01-20,0747,021086,,6,1,9,1600,0,2,4,,1,048,"HOUSTON AVENUE","2ND AVE",2112.00,W,N,A,-,N,,,,,,,,,,Y,3,0,1,1,A,-,08,22107,,N,F,A,A,A,H,-,A,D,0,,,,,Y,,D,22,0,1,0,0,0,0,0,0,0,"- ","- ",36.298561096191406,-119.50018310546875,KINGS,UNINCORPORATED,-119.49927520751953,36.297924041748047
9064754,2020,2020-03-25,1602,2020-02-22,2039,1499,57,6,5,4,1602,0,0,0,,0,002,"9TH AV","POLE # 17710113E",66.00,S,N,A,-,N,,,,,,,,,,Y,3,0,1,1,A,-,01,23152,A,N,E,J,A,A,H,-,D,D,0,,,,,Y,Y,A,01,0,1,0,0,0,0,0,0,0,"- ","- ",36.313449859619141,-119.61898040771484,KINGS,HANFORD,,
9064758,2020,2020-05-19,1602,2020-02-23,1715,1494,9,7,5,4,1602,0,0,0,,0,001,"N ASPEN ST","FARGO AV",0.00,,Y,A,-,N,,,,,,,,,,Y,3,0,2,2,A,-,09,21802,A,N,D,D,A,A,H,-,A,A,0,,,,,Y,,A,07,0,2,0,0,0,0,0,0,0,"- ","- ",36.357261657714844,-119.65104675292969,KINGS,HANFORD,-119.65103149414062,36.357280731201172
90650586,2018,2018-01-29,9440,2018-01-23,1830,018566,,2,2,9,1600,0,2,4,,1,048,"HOUSTON AVENUE","STATE ROUTE 43",50.00,E,N,A,-,N,,,,,,,,,,N,3,0,1,2,A,-,03,22350,,N,C,C,A,A,H,-,C,A,0,,,Y,,Y,,A,07,0,1,0,0,0,0,0,0,1,"- ","- ",36.298599243164062,-119.60043334960938,KINGS,UNINCORPORATED,-119.60059356689453,36.298488616943359
9065423,2020,2020-06-24,1602,2020-03-11,0839,1425,55,3,5,4,1602,0,0,0,,0,002,"IRWIN ST","HANFORD ARMONA RD",0.00,,Y,A,-,N,,,,,,,,,,Y,4,0,1,2,A,-,09,21802,A,N,D,C,A,A,H,-,A,A,0,,,,,Y,,D,72,0,0,1,0,0,0,0,0,0,"- ","- ",36.313411712646484,-119.64594268798828,KINGS,HANFORD,-119.64595794677734,36.313419342041016
9065516,2020,2020-06-19,1602,2020-02-23,2149,1498,56,7,5,4,1602,0,0,0,,0,002,"S 10TH AV","POLE #4782605E",45.00,N,N,A,-,N,,,,,,,,,,Y,4,0,1,2,A,-,01,23140,A,M,C,C,A,A,H,-,D,D,0,,,,,Y,Y,A,01,0,0,1,0,0,0,0,0,0,"- ","- ",36.313381195068359,-119.63707733154297,KINGS,HANFORD,,
90657196,2018,2018-02-07,9440,2018-02-05,1620,021114,,1,2,9,1600,0,1,3,,1,410,"SR-41 S/B","GLENDALE AVE",660.00,N,N,A,-,Y,,,41,,,,,,S,Y,2,0,2,1,A,-,01,23152,A,N,E,I,A,A,H,-,A,D,0,,,,,Y,Y,A,01,1,1,0,0,0,0,0,0,0,"- ","- ",36.322639465332031,-119.80802154541016,KINGS,UNINCORPORATED,-119.80814361572266,36.322639465332031
90658878,2018,2018-02-12,9440,2018-02-02,1706,021086,,5,2,9,1600,0,2,4,,1,062,"10TH AVENUE","PUEBLO AVENUE",6653.00,N,N,A,-,N,,,,,,,,,,Y,3,0,1,2,A,-,09,21801,A,N,D,C,A,A,H,-,A,D,0,,,,,Y,,A,01,0,1,0,0,0,0,0,0,0,"- ","- ",36.097969055175781,-119.64415740966797,KINGS,UNINCORPORATED,-119.64418792724609,36.098209381103516
90659634,2018,2018-02-12,9440,2018-02-05,1615,015703,,1,2,9,1600,0,1,3,,1,410,"SR-41 S/B","GLENDALE AVE",493.00,N,N,A,-,Y,,,41,,,,,,S,Y,4,0,1,2,A,-,03,22350,,N,C,C,A,A,H,-,A,D,0,,,,,Y,,D,22,0,0,1,0,0,0,0,0,0,"- ","- ",36.323009490966797,-119.80821990966797,KINGS,UNINCORPORATED,-119.80815124511719,36.323009490966797
90659714,2018,2018-02-12,9440,2018-02-04,0152,021086,,7,3,9,1600,0,2,4,,1,045,"GRANGEVILLE BLVD","14TH AVENUE",4.00,W,N,A,-,N,,,,,,,,,,Y,3,0,1,1,A,-,01,23152,A,N,E,I,A,A,H,-,C,A,0,,,,,Y,Y,A,01,0,1,0,0,0,0,0,0,0,"- ","- ",34.342460632324219,-119.70912933349609,KINGS,UNINCORPORATED,-119.70901489257812,36.34259033203125
90659877,2018,2018-02-12,9440,2018-02-05,0820,019220,,1,1,9,1600,0,1,3,,1,198,"STATE ROUTE 198 (W/B)","6TH AVE",0.00,,Y,E,-,Y,,,198,,,,,,,Y,3,0,1,2,A,-,03,22350,,N,D,C,A,A,H,-,A,D,0,,,,Y,Y,,D,22,0,1,0,0,0,0,0,0,0,"- ","- ",36.328498840332031,-119.56500244140625,KINGS,UNINCORPORATED,-119.56499481201172,36.328227996826172
90660365,2018,2018-02-13,9440,2018-02-05,1720,019226,,1,2,9,1600,0,3,5,,2,020,"13TH AVENUE","FLINT AVENUE",0.00,,Y,A,-,N,,,,,,,,,,Y,3,0,2,2,A,-,08,22107,,F,D,A,A,A,H,-,A,D,0,,,,,Y,,D,22,0,1,1,0,0,0,0,0,0,"- ","- ",36.371658325195312,-119.6910400390625,KINGS,UNINCORPORATED,-119.69103240966797,36.371650695800781
90660836,2018,2018-02-13,9440,2018-01-01,0208,019755,,1,3,9,1600,0,1,3,,1,430,SR-43,"LANSING AVENUE",10560.00,S,N,A,-,Y,,,43,,,,,,,Y,1,1,2,2,A,-,01,23152,A,N,A,C,A,A,H,-,D,D,0,,,,,Y,Y,A,01,1,1,0,0,0,0,0,0,0,"- ","- ",36.167098999023438,-119.60060119628906,KINGS,UNINCORPORATED,-119.60042572021484,36.167095184326172
90662902,2018,2018-02-16,9440,2018-02-02,1012,016961,,5,1,9,1600,0,3,5,,2,010,"7TH AVE","GRANGEVILLE BLVD",0.00,,Y,A,-,N,,,,,,,,,,Y,4,0,3,2,A,-,09,21802,A,N,D,C,A,A,H,-,A,A,0,,,,Y,Y,,A,07,0,0,3,0,0,0,0,0,0,"- ","- ",36.342601776123047,-119.58300018310547,KINGS,UNINCORPORATED,-119.58305358886719,36.342681884765625
90663381,2018,2018-02-16,9440,2018-02-09,0746,016961,,5,1,9,1600,0,3,5,,2,020,"14TH AVE","HANFORD ARMONA RD",45.00,N,N,A,-,N,,,,,,,,,,Y,4,0,4,2,A,-,21,22106,,N,C,C,A,A,H,-,A,A,0,,,,,Y,,D,22,0,0,4,0,0,0,0,0,0,"- ","- ",36.313499450683594,-119.70890045166016,KINGS,UNINCORPORATED,-119.70903015136719,36.313682556152344
90665393,2018,2018-02-21,9440,2018-02-11,1010,020333,,7,1,9,1600,0,1,3,,1,410,"SR-41 S/B",SR-198,1000.00,S,N,A,-,Y,,,41,,,,,,S,Y,3,0,1,1,A,-,08,22107,,N,E,I,A,A,H,-,A,D,0,,,,,Y,,D,22,0,1,0,0,0,0,0,0,0,"- ","- ",36.280231475830078,-119.80754089355469,KINGS,UNINCORPORATED,-119.80815887451172,36.28021240234375
90665832,2018,2018-02-23,9440,2018-02-12,1115,013492,,1,1,9,1600,0,1,3,,1,430,"STATE ROUTE 43","EXCELSIOR AVE",3037.00,N,N,B,C,Y,,,43,,,,,,,Y,2,0,5,4,A,-,03,22350,,N,C,C,A,B,H,-,A,A,0,,,,Y,Y,,A,01,1,4,0,0,0,0,0,0,0,"- ","- ",36.405918121337891,-119.63697814941406,KINGS,UNINCORPORATED,-119.63690948486328,36.405918121337891
90666001,2018,2018-02-21,9495,2018-02-18,1900,019453,,7,2,9,1600,0,1,1,,2,004,"INTERSTATE 5 NORTHBOUND",SR-41,450.00,N,N,G,-,Y,,,5,,,,,,N,Y,4,0,1,1,A,-,08,22107,,N,F,A,A,A,H,-,D,D,0,,,,,Y,,A,07,0,0,1,0,0,0,0,0,0,"- ","- ",35.984199523925781,-119.96230316162109,KINGS,UNINCORPORATED,-119.96247100830078,35.984031677246094
90666112,2018,2018-02-21,9440,2018-02-13,1145,013492,,2,1,9,1600,0,1,3,,1,198,"STATE ROUTE 198 (WESTBOUND)","13TH AVE",866.00,E,N,A,-,Y,,,198,,,,,,,Y,3,0,3,2,A,-,03,22350,,N,C,C,A,A,H,-,A,D,0,,,,,Y,,A,01,0,3,0,0,0,0,0,0,0,"- ","- ",36.315078735351562,-119.68968200683594,KINGS,UNINCORPORATED,-119.68968963623047,36.315109252929688
90666295,2018,2018-02-22,9440,2018-02-10,0555,016585,,6,3,9,1600,0,1,3,,1,410,SR-41,"NEWTON AVE",2112.00,S,N,A,-,Y,,,41,,,,,,,Y,3,0,1,2,A,-,21,22106,,N,D,C,A,A,H,-,D,D,0,,,,Y,Y,,F,25,0,1,0,0,0,0,0,0,0,"- ","- ",36.11669921875,-119.89640045166016,KINGS,UNINCORPORATED,-119.8963623046875,36.116680145263672
90666880,2018,2018-02-22,9440,2018-02-14,0710,020333,,3,1,9,1600,0,2,4,,1,061,"6TH AVE","VIRGINIA AVE",1258.00,S,N,A,-,N,,,,,,,,,,Y,3,0,1,1,A,-,08,22107,,N,E,I,A,A,H,-,A,D,0,,,,,Y,,A,01,0,1,0,0,0,0,0,0,0,"- ","- ",35.889331817626953,-119.57350921630859,KINGS,UNINCORPORATED,-119.57350921630859,35.887828826904297
90666980,2018,2018-02-22,9440,2018-02-14,1812,019755,,3,2,9,1600,0,1,3,,1,198,"STATE ROUTE 198 WESTBOUND","2ND AVENUE",3168.00,W,N,A,-,Y,,,198,,,,,,W,Y,3,0,3,1,A,-,08,22107,,N,F,A,A,A,H,-,D,D,0,,,,,Y,,A,07,0,1,2,0,0,0,0,0,0,"- ","- ",36.328601837158203,-119.50450134277344,KINGS,UNINCORPORATED,-119.50450897216797,36.328205108642578
90668644,2018,2018-02-23,9440,2018-02-16,1308,016585,,5,1,9,1600,0,2,4,,1,048,"HOUSTON AVE","12TH AVE",1584.00,W,N,A,-,N,,,,,,,,,,N,3,0,1,1,A,-,06,21751,,N,E,I,A,A,H,-,A,D,0,,,Y,,Y,,C,02,0,1,0,0,0,0,0,0,1,"- ","- ",36.298198699951172,-119.67949676513672,KINGS,UNINCORPORATED,-119.67813110351562,36.298343658447266
90669263,2018,2018-02-26,9440,2018-02-18,0030,021086,,7,3,9,1600,0,3,5,,2,020,"JERSEY AVENUE","17TH AVENUE",1300.00,W,N,A,-,N,,,,,,,,,,Y,3,0,1,2,A,-,09,21804,A,N,D,C,A,A,H,-,D,A,0,,,,,Y,,A,08,0,1,0,0,0,0,0,0,0,"- ","- ",36.240089416503906,-119.76732635498047,KINGS,UNINCORPORATED,-119.76718139648438,36.240039825439453
90669404,2018,2018-02-26,9495,2018-02-18,0645,019829,,7,1,9,1600,0,1,1,,2,004,"INTERSTATE 5 NORTHBOUND","MILHAM AVENUE",10560.00,N,N,A,-,Y,,,5,,,,,,N,N,4,0,1,1,A,-,08,22107,,N,E,I,A,A,H,-,A,D,0,,,,,Y,,A,01,0,0,1,0,0,0,0,0,0,"- ","- ",36.019271850585938,-120.00418853759766,KINGS,UNINCORPORATED,-120.00424957275391,36.019180297851562
90669953,2018,2018-02-26,9440,2018-02-22,1324,020936,,4,1,9,1600,0,2,4,,1,050,"18TH AVE","KANSAS AVE",0.00,,Y,A,-,N,,,,,,,,,,Y,4,0,1,2,A,-,09,21802,A,N,D,C,A,A,H,-,A,D,0,,,,,Y,,A,01,0,0,1,0,0,0,0,0,0,"- ","- ",36.211318969726562,-119.78024291992188,KINGS,UNINCORPORATED,-119.78022766113281,36.211318969726562
90672845,2018,2018-03-01,9440,2018-01-25,0805,020998,,4,1,9,1600,0,2,4,,1,067,"14TH AVE","HOOD AVE",20.00,N,N,C,-,N,,,,,,,,,,N,4,0,1,2,A,-,03,22350,,N,C,C,A,B,H,-,A,D,0,,,,,Y,,A,01,0,0,1,0,0,0,0,0,0,"- ","- ",36.310691833496094,-119.70912933349609,KINGS,UNINCORPORATED,-119.70909881591797,36.310523986816406
90673372,2018,2018-03-02,9440,2018-02-16,1022,020936,,5,1,9,1600,0,1,3,,1,430,SR-43,"EXCELSIOR AVE",2112.00,S,N,A,-,Y,,,43,,,,,,,Y,2,0,1,1,A,-,08,22107,,N,E,I,A,A,H,-,A,D,0,,,,,Y,,A,07,1,0,0,0,0,0,0,0,0,"- ","- ",36.401210784912109,-119.63691711425781,KINGS,UNINCORPORATED,-119.63695526123047,36.401210784912109
90674503,2018,2018-03-05,9440,2018-02-23,2012,021086,,5,2,9,1600,0,1,3,,1,430,"STATE ROUTE 43","8 1/2 AVE",1.00,N,N,A,-,Y,,,43,,,,,,,Y,3,0,2,2,A,-,09,21802,A,N,D,C,A,A,H,-,D,A,0,,,,,Y,,D,22,0,2,0,0,0,0,0,0,0,"- ","- ",36.351371765136719,-119.61006164550781,KINGS,UNINCORPORATED,-119.61004638671875,36.351402282714844
90675298,2018,2018-03-05,9440,2018-03-02,1703,020947,,5,2,9,1600,0,3,5,,2,030,"19TH AVE","JERSEY AVE",0.00,,Y,B,-,N,,,,,,,,,,Y,3,0,2,2,A,-,09,21802,A,N,D,C,A,B,H,-,C,A,0,,,,,Y,,A,07,0,1,1,0,0,0,0,0,0,"- ","- ",36.240318298339844,-119.79850006103516,KINGS,UNINCORPORATED,-119.79849243164062,36.240299224853516
90676373,2018,2018-03-06,9440,2018-02-28,0754,017161,,3,1,9,1600,0,1,3,,1,198,"SR-198 W/B TO LEMOORE AVE","LEMOORE AVE",1.00,E,N,A,-,Y,,,,,,,,,,N,4,0,1,2,A,-,21,22106,,N,C,C,A,A,H,-,A,A,0,,,,,Y,,A,01,0,0,1,0,0,0,0,0,0,"- ","- ",36.292388916015625,-119.78070068359375,KINGS,UNINCORPORATED,,
90676818,2018,2018-03-07,9495,2018-02-26,1548,020250,,1,2,9,1600,0,1,1,,2,004,"INTERSTATE 5 SOUTHBOUND","25TH AVENUE",581.00,N,N,C,-,Y,,,5,,,,,,S,Y,2,0,3,2,A,-,01,23152,A,N,A,D,A,B,H,-,A,D,0,,,,,Y,Y,A,01,1,1,1,0,0,0,0,0,0,"- ","- ",35.960090637207031,-119.93798065185547,KINGS,UNINCORPORATED,-119.93819427490234,35.959869384765625
90677212,2018,2018-03-07,9440,2018-03-04,1545,018137,,7,2,9,1600,0,1,3,,1,410,SR-41,"QUAIL AVE",2640.00,N,N,A,B,Y,,,41,,,,,,,Y,4,0,1,2,A,-,08,22107,,N,B,C,A,A,H,-,A,D,0,,,,,Y,,D,22,0,0,1,0,0,0,0,0,0,"- ","- ",36.045059204101562,-119.95036315917969,KINGS,UNINCORPORATED,-119.95027160644531,36.044952392578125
90677715,2018,2018-03-22,9440,2018-01-26,2150,019220,,5,2,9,1600,0,1,3,,1,198,"STATE ROUTE 198 W/B TO STATE ROUTE 43","STATE ROUTE 43",872.00,E,N,A,-,Y,,,198,,,,R,,W,Y,1,1,1,1,A,-,01,23152,A,N,E,I,A,A,H,-,D,D,0,,,Y,,Y,Y,C,02,0,0,1,0,0,0,0,1,1,"- ","- ",36.326789855957031,-119.59899139404297,KINGS,UNINCORPORATED,-119.59899139404297,36.326789855957031
90678227,2018,2018-03-08,9440,2018-02-18,1125,019220,,7,1,9,1600,0,1,3,,1,410,"STATE ROUTE 41","MADISON AVE",414.00,N,N,A,-,Y,,,41,,,,,,,Y,1,1,2,2,A,-,08,22107,,N,D,C,A,A,H,-,A,D,0,,,,,Y,,A,01,2,0,0,0,0,0,0,0,0,"- ","- ",36.168609619140625,-119.84290313720703,KINGS,UNINCORPORATED,-119.84295654296875,36.168651580810547
90678995,2018,2018-03-09,9440,2018-03-01,1842,020936,,4,2,9,1600,0,1,3,,1,430,SR-43,"IDAHO AVE",2640.00,S,N,B,-,Y,,,43,,,,,,,Y,4,0,1,2,A,-,03,22350,,N,C,C,A,A,H,-,D,D,0,,,,,Y,,D,22,0,0,1,0,0,0,0,0,0,"- ","- ",36.261970520019531,-119.60067749023438,KINGS,UNINCORPORATED,-119.60073089599609,36.261970520019531
90679013,2018,2018-03-09,9495,2018-03-01,2050,019453,,4,2,9,1600,0,1,3,,1,007,"STATE ROUTE 33","STATE ROUTE 41",15.00,S,N,C,-,Y,,,33,,,,,,,Y,3,0,2,2,A,-,01,23152,A,N,C,C,A,B,H,-,C,A,0,,,,,Y,Y,A,01,0,1,1,0,0,0,0,0,0,"- ","- ",35.888698577880859,-120.04620361328125,KINGS,UNINCORPORATED,-120.04621124267578,35.888690948486328
90682238,2018,2018-03-14,9440,2018-03-06,1505,018137,,2,2,9,1600,0,3,5,,2,020,"LACEY BLVD","13TH AVE",0.00,,Y,A,-,N,,,,,,,,,,N,4,0,1,2,A,-,09,21800,A,N,D,C,A,A,H,-,A,A,0,,,,,Y,,A,07,0,0,1,0,0,0,0,0,0,"- ","- ",36.328060150146484,-119.69103240966797,KINGS,UNINCORPORATED,-119.69098663330078,36.328071594238281
90682245,2018,2018-03-14,9440,2018-02-18,0200,16870,,7,3,4,1602,0,1,3,,1,198,"SR-198 E/B","12TH AVENUE",3168.00,E,N,A,-,Y,,,198,,,,,,E,Y,1,1,2,2,A,-,01,23152,G,N,A,C,A,A,H,-,C,D,0,,,,,Y,Y,A,01,2,0,0,0,0,0,0,0,0,"- ","- ",36.320308685302734,-119.66192626953125,KINGS,HANFORD,-119.66191864013672,36.320247650146484
90683587,2018,2018-03-16,9495,2018-03-15,0739,018639,,4,1,3,1690,0,3,5,,2,054,"AVENAL CUTOFF ROAD","CALIFORNIA AQUEDUCT BRIDGE",237.00,S,N,A,-,N,,,,,,,,,,Y,3,0,2,4,A,-,08,22107,,N,B,C,A,A,H,-,A,D,0,,,,,Y,,D,22,0,2,0,0,0,0,0,0,0,"- ","- ",36.099330902099609,-120.06038665771484,KINGS,AVENAL,-120.06022644042969,36.099449157714844
90683787,2018,2018-03-16,9440,2018-03-06,1240,015703,,2,1,9,1600,0,1,3,,1,410,SR-41,"JACKSON AVE",0.00,,Y,A,-,Y,,,41,,,,,,,Y,4,0,1,3,A,-,09,21802,A,N,D,C,A,A,H,-,A,A,0,,,,,Y,,A,07,0,0,1,0,0,0,0,0,0,"- ","- ",36.25482177734375,-119.80874633789062,KINGS,UNINCORPORATED,-119.80878448486328,36.254837036132812
90683791,2018,2018-03-16,9440,2018-03-08,1040,016585,,4,1,9,1600,0,2,4,,1,063,"10 1/2 AVE","KANSAS AVE",0.00,,Y,A,-,N,,,,,,,,,,Y,4,0,1,2,A,-,09,21802,A,N,D,C,A,A,H,-,A,A,0,,,,Y,Y,,F,27,0,0,1,0,0,0,0,0,0,"- ","- ",36.211200714111328,-119.64589691162109,KINGS,UNINCORPORATED,-119.64591,36.211269999999999
90684373,2018,2018-03-19,9440,2018-01-01,0735,020333,,1,1,9,1600,0,3,5,,2,020,"13TH AVE","KANSAS AVE",6336.00,S,N,A,-,N,,,,,,,,,,Y,1,1,1,1,A,-,01,23152,G,N,E,I,A,A,H,-,A,D,0,,,,,Y,Y,D,22,1,0,0,0,0,0,0,0,0,"- ","- ",36.191989898681641,-119.69048309326172,KINGS,UNINCORPORATED,-119.69058990478516,36.193717956542969
90685004,2018,2018-03-19,9440,2018-03-09,0258,016585,,5,3,9,1600,0,3,5,,2,020,"DOVER AVE","11TH AVE",1584.00,W,N,A,-,N,,,,,,,,,,Y,3,0,1,1,A,-,03,22350,,M,E,I,A,A,H,-,C,D,0,,,,,Y,,A,01,0,1,0,0,0,0,0,0,0,"- ","- ",36.415798187255859,-119.66089630126953,KINGS,UNINCORPORATED,-119.66011047363281,36.415798187255859
90685391,2018,2018-03-20,9440,2018-03-12,0600,018137,,1,1,9,1600,0,3,5,,2,020,"15TH AVE","JACKSON AVE",0.00,,Y,E,-,N,,,,,,,,,,Y,3,0,2,2,A,-,12,22450,A,N,D,C,A,B,H,-,D,A,0,,,,,Y,,A,01,0,1,1,0,0,0,0,0,0,"- ","- ",36.254669189453125,-119.72679138183594,KINGS,UNINCORPORATED,-119.72676086425781,36.254669189453125
90685806,2018,2018-03-20,9440,2018-03-11,0355,021114,,7,3,9,1600,0,1,3,,1,410,"SR-41 S/B","HANFORD ARMONA RD",41.00,S,N,A,-,Y,,,41,,,,,,S,Y,3,0,1,1,A,-,01,23152,A,N,E,I,A,A,H,-,C,D,0,,,,,Y,Y,A,07,0,1,0,0,0,0,0,0,0,"- ","- ",36.313030242919922,-119.8082275390625,KINGS,UNINCORPORATED,-119.80813598632812,36.313030242919922
90687582,2018,2018-03-22,9440,2018-03-11,1830,020998,,7,2,9,1600,0,2,4,,1,046,"LACEY BLVD","13TH AVE",30.00,E,N,A,-,N,,,,,,,,,,N,4,0,1,2,A,-,03,22350,,N,C,C,A,A,D,-,A,A,0,,,,,Y,,D,22,0,0,1,0,0,0,0,0,0,"- ","- ",36.328090667724609,-119.69087982177734,KINGS,UNINCORPORATED,-119.69088745117188,36.328071594238281
90687612,2018,2018-03-22,9440,2018-03-20,1812,017630,,2,2,9,1600,0,1,3,,1,430,"STATE ROUTE 43","GRANGEVILLE BOULEVARD",0.00,,Y,C,-,Y,,,43,,,,,,,Y,4,0,1,2,A,-,12,21453,A,N,D,C,A,B,H,-,A,A,0,,,,,Y,,A,01,0,0,1,0,0,0,0,0,0,"- ","- ",36.342609405517578,-119.60121154785156,KINGS,UNINCORPORATED,-119.60092163085938,36.342613220214844
90687659,2018,2018-03-22,9440,2018-03-15,1340,16870,,4,1,9,1600,0,1,3,,1,410,SR-41,"NEVADA AVENUE",460.00,N,N,A,-,Y,,,41,,,,,,,Y,2,0,4,2,A,-,01,23152,F,N,A,C,A,A,H,-,A,D,0,,,,,Y,,D,22,2,2,0,0,0,0,0,0,0,"- ","- ",36.138198852539062,-119.87830352783203,KINGS,UNINCORPORATED,-119.87830352783203,36.138202667236328
9068845,2020,2020-10-13,1600,2020-04-27,1830,138,KINGS,1,5,3,1690,0,0,0,,0,0A2,"KERN ST","FOURTH AV",0.00,,Y,A,-,N,,,,,,,,,,N,3,0,1,2,A,-,08,22107,,N,D,G,A,A,H,-,A,D,0,,Y,,,Y,,A,01,0,1,0,0,0,0,1,0,0,"- ","- ",,,KINGS,AVENAL,-120.13292694091797,36.000568389892578
90688453,2018,2018-03-23,9440,2018-03-22,0725,16870,,4,1,4,1602,0,1,3,,1,198,"STATE ROUTE 198 WESTBOUND","12TH AVENUE",1584.00,W,N,B,C,Y,,,198,,,,,,W,Y,3,0,1,2,A,-,03,22350,,N,D,C,A,B,H,-,A,D,0,,,,,Y,,A,01,0,1,0,0,0,0,0,0,0,"- ","- ",36.317188262939453,-119.68267822265625,KINGS,HANFORD,-119.68267059326172,36.317153930664062
90689990,2018,2018-03-26,9440,2018-03-20,0550,015703,,2,3,9,1600,0,1,3,,1,430,SR-43,"NEVADA AVE",3696.00,S,N,A,-,Y,,,43,,,,,,,Y,2,0,3,1,A,-,06,21751,,N,F,A,A,A,H,-,D,D,0,,,,,Y,,D,22,1,0,2,0,0,0,0,0,0,"- ","- ",36.128681182861328,-119.57858276367188,KINGS,UNINCORPORATED,-119.57854461669922,36.128704071044922
90690133,2018,2018-03-26,9440,2018-03-24,0545,016585,,6,3,9,1600,0,2,4,,1,045,"GRANGEVILLE BLVD","18TH AVE",1584.00,W,N,A,-,N,,,,,,,,,,N,4,0,1,1,C,-,18,,,N,H,H,A,A,H,-,D,D,0,,,,,Y,,-,"- ",0,0,1,0,0,0,0,0,0,"- ","- ",36.342498779296875,-119.78500366210938,KINGS,UNINCORPORATED,-119.78616333007812,36.342536926269531
90695718,2018,2018-03-30,9440,2018-03-30,0610,016774,,5,1,9,1600,0,1,3,,1,410,SR-41,"KANSAS AVE",340.00,S,N,A,-,Y,,,41,,,,,,,Y,4,0,2,2,A,-,03,22350,,N,C,C,A,A,H,-,B,D,0,,,,,Y,,D,22,0,0,2,0,0,0,0,0,0,"- ","- ",36.210399627685547,-119.81610107421875,KINGS,UNINCORPORATED,-119.81609344482422,36.210399627685547
90697794,2018,2018-04-03,9440,2018-03-26,0902,019755,,1,1,9,1600,0,1,3,,1,410,"STATE ROUTE 41","JACKSON AVENUE",0.00,,Y,A,-,Y,,,,,,,,,,Y,4,0,1,2,A,-,09,21802,A,N,D,C,A,A,H,-,A,A,0,,,,,Y,,A,01,0,0,1,0,0,0,0,0,0,"- ","- ",36.245601654052734,-119.80860137939453,KINGS,UNINCORPORATED,-119.80877685546875,36.254840850830078