CASE_ID,ACCIDENT_YEAR,PROC_DATE,JURIS,COLLISION_DATE,COLLISION_TIME,OFFICER_ID,REPORTING_DISTRICT,DAY_OF_WEEK,CHP_SHIFT,POPULATION,CNTY_CITY_LOC,SPECIAL_COND,BEAT_TYPE,CHP_BEAT_TYPE,CITY_DIVISION_LAPD,CHP_BEAT_CLASS,BEAT_NUMBER,PRIMARY_RD,SECONDARY_RD,DISTANCE,DIRECTION,INTERSECTION,WEATHER_1,WEATHER_2,STATE_HWY_IND,CALTRANS_COUNTY,CALTRANS_DISTRICT,STATE_ROUTE,ROUTE_SUFFIX,POSTMILE_PREFIX,POSTMILE,LOCATION_TYPE,RAMP_INTERSECTION,SIDE_OF_HWY,TOW_AWAY,COLLISION_SEVERITY,NUMBER_KILLED,NUMBER_INJURED,PARTY_COUNT,PRIMARY_COLL_FACTOR,PCF_CODE_OF_VIOL,PCF_VIOL_CATEGORY,PCF_VIOLATION,PCF_VIOL_SUBSECTION,HIT_AND_RUN,TYPE_OF_COLLISION,MVIW,PED_ACTION,ROAD_SURFACE,ROAD_COND_1,ROAD_COND_2,LIGHTING,CONTROL_DEVICE,CHP_ROAD_TYPE,PEDESTRIAN_ACCIDENT,BICYCLE_ACCIDENT,MOTORCYCLE_ACCIDENT,TRUCK_ACCIDENT,NOT_PRIVATE_PROPERTY,ALCOHOL_INVOLVED,STWD_VEHTYPE_AT_FAULT,CHP_VEHTYPE_AT_FAULT,COUNT_SEVERE_INJ,COUNT_VISIBLE_INJ,COUNT_COMPLAINT_PAIN,COUNT_PED_KILLED,COUNT_PED_INJURED,COUNT_BICYCLIST_KILLED,COUNT_BICYCLIST_INJURED,COUNT_MC_KILLED,COUNT_MC_INJURED,PRIMARY_RAMP,SECONDARY_RAMP,LATITUDE,LONGITUDE,COUNTY,CITY,POINT_X,POINT_Y
90963381,2019,2019-04-08,9440,2019-03-28,0723,015703,,4,1,9,1600,0,3,5,,2,030,"JERSEY AVENUE","19TH AVENUE",286.00,W,N,A,-,N,,,,,,,,,,Y,4,0,1,2,A,-,03,22350,,N,C,C,A,A,H,-,A,D,0,,,,,Y,,D,22,0,0,1,0,0,0,0,0,0,"- ","- ",36.240310668945312,-119.79936218261719,KINGS,UNINCORPORATED,-119.79946136474609,36.240310668945312
90963576,2019,2019-04-08,9495,2019-04-02,1835,019082,,2,2,9,1600,0,1,1,,2,004,"INTERSTATE 5 (SOUTHBOUND)","XENIA AVENUE",2112.00,S,N,G,-,Y,,,5,,,,,,,Y,4,0,1,2,A,-,03,22350,,N,C,C,A,A,H,-,A,D,0,,,,,Y,,A,01,0,0,1,0,0,0,0,0,0,"- ","- ",35.839900970458984,-119.82070159912109,KINGS,UNINCORPORATED,-119.82065582275391,35.839935302734375
90965039,2019,2019-04-10,9440,2019-04-07,2025,019226,,7,2,9,1600,0,2,4,,1,041,"EXCELSIOR AVE","22ND AVE",0.00,,Y,A,-,N,,,,,,,,,,Y,3,0,3,2,A,-,09,21802,A,N,D,C,A,A,H,-,C,A,0,,,,,Y,,A,01,0,1,2,0,0,0,0,0,0,"- ","- ",36.401908874511719,-119.85127258300781,KINGS,UNINCORPORATED,-119.85124206542969,36.402019500732422
90965710,2019,2019-04-11,9440,2019-04-04,0545,013492,,4,3,9,1600,0,2,4,,1,050,"KANSAS AVENUE","9 1/2 AVE",2016.00,E,N,B,-,N,,,,,,,,,,Y,3,0,2,2,A,-,05,21650,,N,B,C,A,A,H,-,D,D,0,,,,,Y,Y,A,01,0,2,0,0,0,0,0,0,0,"- ","- ",36.211200714111328,-119.62032318115234,KINGS,UNINCORPORATED,-119.62106323242188,36.211151123046875
90966301,2019,2019-04-11,9440,2019-04-02,1735,020333,,2,2,9,1600,0,1,3,,1,198,"SR-198 E/B","11TH AVE",1150.00,W,N,C,-,Y,,,,,,,,,,Y,3,0,1,1,A,-,08,22107,,N,E,I,A,B,H,-,A,D,0,,,,,Y,,D,22,0,1,0,0,0,0,0,0,0,"- ","- ",36.320438385009766,-119.66060638427734,KINGS,UNINCORPORATED,-119.65898895263672,36.320709228515625
90967523,2019,2019-04-15,9440,2019-04-05,0310,020998,,5,3,9,1600,0,2,4,,1,045,"GRANGEVILLE BOULEVARD","21ST AVENUE",1080.00,W,N,A,-,N,,,,,,,,,,Y,4,0,1,1,A,-,03,22350,,N,H,H,A,A,H,-,D,D,0,,,,,Y,,D,22,0,0,1,0,0,0,0,0,0,"- ","- ",36.344058990478516,-119.83763885498047,KINGS,UNINCORPORATED,-119.83760833740234,36.344024658203125
90967554,2019,2019-04-15,9495,2019-04-06,0955,019733,,6,1,9,1600,0,1,1,,2,004,"INTERSTATE 5 SOUTHBOUND","XENIA AVENUE",2640.00,N,N,A,-,Y,,,5,,,,,,S,Y,3,0,1,2,A,-,07,21658,A,N,D,C,A,A,H,-,A,D,0,,,,Y,Y,,G,25,0,1,0,0,0,0,0,0,0,"- ","- ",35.849960327148438,-119.82891845703125,KINGS,UNINCORPORATED,-119.828857421875,35.850009918212891
90969830,2019,2019-04-17,9440,2019-04-10,1510,019755,,3,2,9,1600,0,1,3,,1,198,"STATE ROUTE 198 WESTBOUND","13TH AVENUE",800.00,W,N,A,-,Y,,,198,,,,,,W,Y,2,0,4,4,A,-,01,23152,A,N,C,C,A,A,H,-,A,D,0,,,,,Y,Y,D,22,1,0,3,0,0,0,0,0,0,"- ","- ",36.313400268554688,-119.6947021484375,KINGS,UNINCORPORATED,-119.69474029541016,36.313526153564453
90970178,2019,2019-04-18,9440,2019-04-14,1445,018982,,7,2,9,1600,0,2,4,,1,050,"KANSAS AVENUE","10TH AVENUE",630.00,W,N,A,-,N,,,,,,,,,,N,4,0,1,2,A,-,03,22350,,N,C,C,A,A,H,-,A,A,0,,,,,Y,,A,01,0,0,1,0,0,0,0,0,0,"- ","- ",36.211330413818359,-119.63925933837891,KINGS,UNINCORPORATED,-119.63908386230469,36.211318969726562
9097060,2020,2020-06-12,1601,2020-02-01,1631,103,9,6,5,3,1601,0,0,0,,0,00N,"WHITLEY AV","HALE AV",27.00,S,N,A,-,N,,,,,,,,,,N,4,0,1,2,A,-,04,21703,,N,C,C,A,A,H,-,A,D,0,,,,,Y,,A,01,0,0,1,0,0,0,0,0,0,"- ","- ",36.098438262939453,-119.56372833251953,KINGS,CORCORAN,-119.56485748291016,36.098030090332031
90971972,2019,2019-04-22,9440,2019-04-14,2037,019755,,7,2,9,1600,0,2,4,,1,062,"10TH AVE","CAMINO RAMON",528.00,N,N,A,-,N,,,,,,,,,,Y,3,0,1,2,A,-,01,23152,F,N,C,C,A,A,H,-,D,D,0,,,,,Y,,A,01,0,1,0,0,0,0,0,0,0,"- ","- ",36.309200286865234,-119.63619995117188,KINGS,UNINCORPORATED,-119.63694000244141,36.308677673339844
90972186,2019,2019-04-22,9440,2019-04-19,2345,020936,,5,3,9,1600,0,3,5,,2,020,"KENT AVENUE","11TH AVENUE",0.00,,Y,A,-,N,,,,,,,,,,Y,2,0,6,2,A,-,12,22450,A,F,D,C,A,A,H,-,D,A,0,,,,,Y,,A,01,2,0,4,0,0,0,0,0,0,"- ","- ",36.225818634033203,-119.65489196777344,KINGS,UNINCORPORATED,-119.65483093261719,36.225799560546875
90972378,2019,2019-04-22,9495,2019-04-12,1850,021153,,5,2,9,1600,0,1,1,,2,004,"INTERSTATE 5 NORTHBOUND","AVENAL CUTOFF ROAD",3432.00,S,N,A,-,Y,,,,,,,,,,Y,3,0,4,2,A,-,03,22350,,N,C,C,A,A,H,-,A,D,0,,,,,Y,,D,22,0,4,0,0,0,0,0,0,0,"- ","- ",36.067798614501953,-120.08670806884766,KINGS,UNINCORPORATED,-120.08694458007812,36.067874908447266
9097245,2020,2020-11-20,1601,2020-03-21,1659,167,,6,5,3,1601,0,0,0,,0,00N,"RT 43","PICKERELL AV",0.00,,Y,A,-,Y,KIN,6,43,-,-,2.260,I,5,S,N,4,0,2,2,A,-,09,21804,A,N,D,C,A,A,H,-,A,D,0,,,,,Y,,A,07,0,0,2,0,0,0,0,0,0,"- ","- ",36.108501434326172,-119.56050872802734,KINGS,CORCORAN,-119.55459594726562,36.107021331787109
9097247,2020,2020-07-22,1601,2020-01-14,1213,167,9,2,5,3,1601,0,0,0,,0,00N,"WHITLEY AV","WHITLEY AV 1316",0.00,,Y,A,-,N,,,,,,,,,,N,4,0,1,2,A,-,04,21703,,N,C,C,A,A,H,-,A,D,0,,,,,Y,,A,01,0,0,1,0,0,0,0,0,0,"- ","- ",36.097980499267578,-119.5638427734375,KINGS,CORCORAN,-119.56449600000001,36.098027000000002
9097249,2020,2020-07-21,1601,2020-03-13,1847,174,7B,5,5,3,1601,0,0,0,,0,00S,"7TH AV","WHITLEY AV",0.00,,Y,A,-,N,,,,,,,,,,N,4,0,1,2,A,-,09,21804,A,N,D,C,A,A,H,-,A,D,0,,,,,Y,,D,72,0,0,1,0,0,0,0,0,0,"- ","- ",36.09796142578125,-119.58905029296875,KINGS,CORCORAN,-119.58992767333984,36.098098754882812
9097254,2020,2020-05-26,1601,2020-01-13,1852,177,1,1,5,3,1601,0,0,0,,0,00N,"2020 NORTH AV","NORTH AV",9.00,S,N,A,-,N,,,,,,,,,,N,3,0,1,3,A,-,08,22107,,M,B,C,A,A,H,-,C,D,0,,,,,Y,Y,A,07,0,1,0,0,0,0,0,0,0,"- ","- ",,,KINGS,CORCORAN,,
90972752,2019,2019-04-22,9440,2019-04-22,0750,016774,,1,1,9,1600,0,2,4,,1,045,"GRANGEVILLE BLVD","16TH AVE",0.00,,Y,A,-,N,,,,,,,,,,Y,4,0,1,2,A,-,05,21752,D,N,B,C,A,A,H,-,A,A,0,,,,,Y,,A,01,0,0,1,0,0,0,0,0,0,"- ","- ",36.34259033203125,-119.74476623535156,KINGS,UNINCORPORATED,-119.7447509765625,36.34259033203125
90974844,2019,2019-04-25,9440,2019-04-12,0120,020947,,5,3,4,1602,0,2,4,,1,049,"JACKSON AVE","11TH AVE",2640.00,E,N,A,-,N,,,,,,,,,,Y,4,0,2,2,A,-,12,22451,A,N,H,F,A,A,H,-,D,A,0,,,,,Y,,A,01,0,0,2,0,0,0,0,0,0,"- ","- ",36.254871368408203,-119.64604187011719,KINGS,HANFORD,-119.64591979980469,36.254890441894531
9097490,2020,2020-05-22,1601,2020-01-29,0138,177,2,3,5,3,1601,0,0,0,,0,00N,"ORANGE AV","LETTS AV",275.00,E,N,A,-,N,,,,,,,,,,Y,4,0,1,1,A,-,08,22107,,M,E,I,A,A,H,-,C,D,0,,,,,Y,Y,A,01,0,0,1,0,0,0,0,0,0,"- ","- ",36.109020233154297,-119.56498718261719,KINGS,CORCORAN,-119.56687164306641,36.108978271484375
9097515,2020,2020-05-21,1601,2020-01-14,0518,177,5,2,5,3,1601,0,0,0,,0,00N,"LORINA AV","SOTO AV",12.00,E,N,A,-,N,,,,,,,,,,N,3,0,1,2,A,-,08,22107,,N,B,E,A,A,H,-,C,D,0,,,,,Y,,A,07,0,1,0,0,0,0,0,0,0,"- ","- ",,,KINGS,CORCORAN,-119.57427215576172,36.104450225830078
90976739,2019,2019-04-26,9440,2019-04-19,1905,021114,,5,2,9,1600,0,2,4,,1,047,"15TH AVE","HANFORD ARMONA RD",0.00,,Y,A,-,N,,,,,,,,,,Y,2,0,2,2,A,-,09,21802,A,N,D,C,A,A,H,-,A,A,0,,,,,Y,,A,01,1,0,1,0,0,0,0,0,0,"- ","- ",36.313499450683594,-119.72699737548828,KINGS,UNINCORPORATED,-119.72695159912109,36.313529968261719
90976750,2019,2019-04-26,9440,2019-04-18,1240,015703,,4,1,9,1600,0,1,3,,1,198,"SR-198 W/B","12TH AVE",2640.00,W,N,A,-,Y,,,,,,,,,,Y,2,0,1,2,A,-,03,22350,,N,C,C,A,A,D,-,A,A,0,,,,,Y,,A,01,1,0,0,0,0,0,0,0,0,"- ","- ",36.319259643554688,-119.66905975341797,KINGS,UNINCORPORATED,-119.68187713623047,36.317295074462891
90978096,2019,2019-04-29,9440,2019-04-22,2130,018137,,1,2,9,1600,0,2,4,,1,049,"IDAHO AVE","17TH AVE",0.00,,Y,A,-,N,,,,,,,,,,Y,3,0,2,2,A,-,09,21801,A,N,D,C,A,A,H,-,C,A,0,,,,,Y,,A,07,0,1,1,0,0,0,0,0,0,"- ","- ",36.269191741943359,-119.76296234130859,KINGS,UNINCORPORATED,-119.762939453125,36.269180297851562
90978110,2019,2019-04-29,9440,2019-04-21,2310,018137,,7,3,9,1600,0,3,5,,2,020,"HOOD AVE","OAK ST",340.00,E,N,A,-,N,,,,,,,,,,Y,3,0,1,1,A,-,01,23152,A,N,E,I,A,A,H,-,D,D,0,,,,,Y,Y,A,07,0,1,0,0,0,0,0,0,0,"- ","- ",36.310340881347656,-119.70086669921875,KINGS,UNINCORPORATED,-119.70087432861328,36.310283660888672
90978297,2019,2019-04-29,9440,2019-04-17,2210,020936,,3,3,9,1600,0,3,5,,2,020,"LIBBIE LANE","MARGO LANE",400.00,E,N,A,-,N,,,,,,,,,,Y,3,0,1,3,A,-,01,23152,A,N,B,C,A,A,H,-,C,D,0,,,,,Y,Y,A,01,0,1,0,0,0,0,0,0,0,"- ","- ",36.300289154052734,-119.6395263671875,KINGS,UNINCORPORATED,-119.63957214355469,36.300338745117188
90978616,2019,2019-04-30,9440,2019-04-24,1833,017630,,3,2,9,1600,0,1,3,,1,430,"STATE ROUTE 43","LANSING AVENUE",6864.00,S,N,A,-,Y,,,43,,,,,,,Y,4,0,1,1,A,-,08,22107,,N,E,I,A,A,H,-,A,D,0,,,,,Y,,A,01,0,0,1,0,0,0,0,0,0,"- ","- ",36.183971405029297,-119.60028839111328,KINGS,UNINCORPORATED,-119.60033416748047,36.183971405029297
90980467,2019,2019-05-02,9440,2019-04-23,1517,021114,,2,2,9,1600,0,2,4,,1,045,"GRANGEVILLE BLVD","FAIROAKS AVE",100.00,W,N,A,-,N,,,,,,,,,,Y,4,0,1,2,A,-,03,22350,,N,C,C,A,A,H,-,A,D,0,,,,,Y,,A,01,0,0,1,0,0,0,0,0,0,"- ","- ",36.342399597167969,-119.81179809570312,KINGS,UNINCORPORATED,-119.811279296875,36.34246826171875
90980531,2019,2019-05-02,9440,2019-04-22,0145,020998,,1,3,9,1600,0,2,4,,1,063,"10 1/2 AVE","LANSING AVE",15840.00,S,N,A,-,N,,,,,,,,,,Y,4,0,6,2,A,-,08,22107,,N,C,C,A,A,H,-,D,D,0,,,,,Y,,A,01,0,0,6,0,0,0,0,0,0,"- ","- ",36.146728515625,-119.64591979980469,KINGS,UNINCORPORATED,-119.64575958251953,36.146728515625
90980634,2019,2019-05-02,9440,2019-04-25,1210,015703,,4,1,9,1600,0,1,3,,1,430,SR-43,"IONA AVENUE",65.00,S,N,A,-,Y,,,43,,,,,,,N,4,0,1,2,A,-,03,22350,,N,C,C,A,A,H,-,A,D,0,,,,,Y,,A,01,0,0,1,0,0,0,0,0,0,"- ","- ",36.283851623535156,-119.60064697265625,KINGS,UNINCORPORATED,-119.60072326660156,36.283851623535156
90981171,2019,2019-05-06,9440,2019-04-24,2103,020947,,3,2,9,1600,0,1,3,,1,198,"SR-198 W/B","15TH AVE",1056.00,E,N,A,-,Y,,,198,,,,,,W,Y,3,0,1,1,A,-,01,23152,A,N,E,I,A,A,H,-,D,D,0,,,,,Y,Y,A,01,0,1,0,0,0,0,0,0,0,"- ","- ",36.305179595947266,-119.72537231445312,KINGS,UNINCORPORATED,-119.72533416748047,36.305015563964844
90981312,2019,2019-05-06,9440,2019-04-29,0640,018566,,1,1,9,1600,0,1,3,,1,430,"STATE ROUTE 43","KENT AVENUE",29.00,S,N,A,-,Y,,,43,,,,,,,Y,3,0,1,3,A,-,06,21750,A,N,B,C,A,A,H,-,A,D,0,,,,Y,Y,,A,01,0,1,0,0,0,0,0,0,0,"- ","- ",36.226631164550781,-119.6009521484375,KINGS,UNINCORPORATED,-119.60079956054688,36.226631164550781
90982459,2019,2019-05-06,9440,2019-04-29,1805,021114,,1,2,9,1600,0,1,3,,1,430,SR-43,SR-198,600.00,S,N,A,-,Y,,,43,,,,,,,Y,4,0,2,3,A,-,03,22350,,N,C,C,A,A,H,-,A,A,0,,,,,Y,,D,22,0,0,2,0,0,0,0,0,0,"- ","- ",36.323398590087891,-119.60089874267578,KINGS,UNINCORPORATED,-119.60094451904297,36.323398590087891
90982745,2019,2019-05-06,9440,2019-04-26,0155,020936,,5,3,9,1600,0,3,5,,2,010,"DIRT EXTENSION OF TUSCON AVE","6TH AVE",100.00,E,N,A,-,N,,,,,,,,,,Y,3,0,1,1,A,-,01,23152,A,N,E,I,A,A,H,-,D,D,0,,,,,Y,Y,A,01,0,1,0,0,0,0,0,0,0,"- ","- ",35.949031829833984,-119.57228088378906,KINGS,UNINCORPORATED,-119.57271575927734,35.949054718017578
90982957,2019,2019-05-06,9440,2019-04-28,1510,020333,,7,2,9,1600,0,3,5,,2,030,"19TH AVE","KANSAS AVE",0.00,,Y,A,-,N,,,,,,,,,,Y,3,0,1,2,A,-,09,21802,A,N,D,C,A,A,H,-,A,A,0,,,,,Y,,A,01,0,1,0,0,0,0,0,0,0,"- ","- ",36.211498260498047,-119.79810333251953,KINGS,UNINCORPORATED,-119.79814910888672,36.211421966552734
90983650,2019,2019-05-07,9440,2019-05-04,0743,016961,,6,1,9,1600,0,2,4,,1,061,"6TH AVE","PARIS AVE",452.00,S,N,A,-,N,,,,,,,,,,Y,4,0,1,2,A,-,08,22107,,N,D,C,A,A,H,-,A,D,0,,,,Y,Y,,F,26,0,0,1,0,0,0,0,0,0,"- ","- ",36.026401519775391,-119.51969909667969,KINGS,UNINCORPORATED,-119.57198333740234,36.063930511474609
90983837,2019,2019-05-07,9440,2019-04-29,1800,020333,,1,2,9,1600,0,2,4,,1,045,"GRANGEVILLE BLVD",SR-41,57.00,E,N,A,-,N,,,,,,,,,,Y,4,0,1,2,A,-,08,22107,,N,B,C,A,A,H,-,A,D,0,,,Y,,Y,,D,22,0,0,1,0,0,0,0,0,1,"- ","- ",36.342601776123047,-119.80680084228516,KINGS,UNINCORPORATED,-119.80803680419922,36.342491149902344
90985225,2019,2019-05-09,9440,2019-04-30,0622,015703,,2,1,9,1600,0,2,4,,1,040,"AVENAL CUTOFF RD","LAUREL AVE",5280.00,N,N,A,-,N,,,,,,,,,,Y,4,0,1,2,A,-,03,22350,,N,C,C,A,A,H,-,A,D,0,,,,,Y,,A,01,0,0,1,0,0,0,0,0,0,"- ","- ",36.199661254882812,-119.93235015869141,KINGS,UNINCORPORATED,-119.9326171875,36.199405670166016
9098612,2020,2020-08-07,1602,2020-04-19,2357,14102,16,7,5,4,1602,0,0,0,,0,001,"N 11TH AV","MUSSEL SLOUGH RD",30.00,S,N,A,-,N,,,,,,,,,,Y,4,0,1,2,A,-,01,23152,A,N,C,E,A,A,H,-,C,D,0,,,,,Y,Y,A,01,0,0,1,0,0,0,0,0,0,"- ","- ",36.351799011230469,-119.65506744384766,KINGS,HANFORD,-119.65506744384766,36.353477478027344
90987623,2019,2019-05-13,9440,2019-05-10,1110,016585,,5,1,9,1600,0,2,4,,1,047,"HANFORD ARMONA RD","16TH AVE",1445.00,E,N,A,-,N,,,,,,,,,,Y,4,0,1,2,A,-,03,22350,,N,C,C,A,A,H,-,A,D,0,,,,,Y,,D,22,0,0,1,0,0,0,0,0,0,"- ","- ",36.313499450683594,-119.73960113525391,KINGS,UNINCORPORATED,-119.73984527587891,36.313514709472656
90988423,2019,2019-05-14,9440,2019-05-09,0750,015703,,4,1,9,1600,0,1,3,,1,198,"SR-198 W/B","2ND AVE",528.00,W,N,A,-,Y,,,198,,,,,,W,Y,4,0,1,1,A,-,08,22107,,N,E,I,A,A,H,-,A,D,0,,,,,Y,,A,07,0,0,1,0,0,0,0,0,0,"- ","- ",36.328269958496094,-119.49307250976562,KINGS,UNINCORPORATED,-119.49307250976562,36.328201293945312
90988847,2019,2019-05-15,9440,2019-05-12,2350,021114,,7,3,9,1600,0,2,4,,1,048,"HOUSTON AVE","14TH AVE",2640.00,W,N,A,-,N,,,,,,,,,,Y,3,0,1,1,A,-,01,23152,A,N,E,I,A,A,H,-,D,D,0,,,,,Y,Y,D,22,0,1,0,0,0,0,0,0,0,"- ","- ",36.298500061035156,-119.71779632568359,KINGS,UNINCORPORATED,-119.71823883056641,36.298419952392578
90989275,2019,2019-05-15,9495,2019-05-03,1050,019015,,5,1,9,1600,0,1,3,,1,010,"STATE ROUTE 41","INTERSTATE 5",6336.00,S,N,A,-,Y,,,41,,,,,,,Y,3,0,1,3,A,-,03,22350,,N,C,C,A,A,H,-,A,D,0,,,,,Y,,A,07,0,1,0,0,0,0,0,0,0,"- ","- ",35.966758728027344,-119.97295379638672,KINGS,UNINCORPORATED,-119.97300720214844,35.966804504394531
9098971,2020,2020-10-13,1602,2020-04-24,1528,1425,42,5,5,4,1602,0,0,0,,0,002,"10TH AV","7TH ST",0.00,,Y,A,-,N,,,,,,,,,,N,3,0,1,2,A,-,21,22106,,N,G,B,B,A,H,-,A,A,0,Y,,,,Y,,A,01,0,1,0,0,1,0,0,0,0,"- ","- ",36.327980041503906,-119.6368408203125,KINGS,HANFORD,-119.63699340820312,36.327980041503906
90991789,2019,2019-05-20,9440,2019-05-12,1530,021086,,7,2,9,1600,0,2,4,,1,061,"6TH AVENUE","REDDING AVENUE",1100.00,N,N,A,-,N,,,,,,,,,,Y,4,0,1,1,A,-,08,22107,,N,E,I,A,A,H,-,A,D,0,,,,,Y,,A,01,0,0,1,0,0,0,0,0,0,"- ","- ",36.024658203125,-119.57205963134766,KINGS,UNINCORPORATED,-119.57199859619141,36.024559020996094
90992894,2019,2019-05-21,9440,2019-05-11,1755,021086,,6,2,9,1600,0,2,4,,1,040,"AVENAL CUTOFF ROAD","25TH AVENUE",3696.00,N,N,A,-,N,,,,,,,,,,Y,3,0,1,1,A,-,08,22107,,N,F,A,A,A,H,-,A,D,0,,,,,Y,,A,01,0,1,0,0,0,0,0,0,0,"- ","- ",36.221820831298828,-119.90377044677734,KINGS,UNINCORPORATED,-119.89619445800781,36.227870941162109
90992990,2019,2019-05-21,9495,2019-05-16,0555,015024,,4,3,9,1600,0,3,5,,2,054,"30TH AVENUE","QUAIL AVENUE",1584.00,N,N,B,-,N,,,,,,,,,,N,4,0,1,2,D,-,00,,,N,D,C,A,B,H,-,B,D,0,,,,,Y,,-,"- ",0,0,1,0,0,0,0,0,0,"- ","- ",36.041088104248047,-120.00360107421875,KINGS,UNINCORPORATED,-120.00360107421875,36.040641784667969
9099329,2020,2020-08-05,1602,2020-04-24,0453,14102,9,5,5,4,1602,0,0,0,,0,001,"N 11TH AV","FARGO AV",0.00,,Y,A,-,N,,,,,,,,,,Y,3,0,2,2,A,-,12,21453,A,N,D,C,A,A,H,-,C,A,0,,,,,Y,,D,22,0,2,0,0,0,0,0,0,0,"- ","- ",36.357261657714844,-119.65514373779297,KINGS,HANFORD,-119.65509796142578,36.357250213623047
90993312,2019,2019-05-21,9440,2019-05-11,1305,021086,,6,1,9,1600,0,2,4,,1,069,"18TH AVE","KANSAS AVE",0.00,,Y,A,-,N,,,,,,,,,,Y,4,0,3,3,A,-,09,21802,A,N,D,C,A,A,H,-,A,A,0,,,,Y,Y,,A,01,0,0,3,0,0,0,0,0,0,"- ","- ",36.211311340332031,-119.78025054931641,KINGS,UNINCORPORATED,-119.78022766113281,36.211318969726562
90993659,2019,2019-05-22,9440,2019-05-14,0610,016774,,2,1,9,1600,0,1,3,,1,430,SR-43,"IDAHO AVE",0.00,,Y,A,-,Y,,,43,,,,,,,Y,4,0,2,2,A,-,12,22450,A,N,D,C,A,A,H,-,A,A,0,,,,,Y,,D,22,0,0,2,0,0,0,0,0,0,"- ","- ",36.269420623779297,-119.60066986083984,KINGS,UNINCORPORATED,-119.60070037841797,36.269420623779297
90994151,2019,2019-05-22,9495,2019-05-16,2240,021073,,4,3,9,1600,0,3,5,,2,054,"25TH AVE.","DEVILS DEN RD.",3168.00,S,N,A,-,N,,,,,,,,,,Y,4,0,1,1,C,-,18,,,N,H,H,A,B,H,-,D,D,0,,,,,Y,,-,"- ",0,0,1,0,0,0,0,0,0,"- ","- ",35.843479156494141,-119.91526031494141,KINGS,UNINCORPORATED,-119.91526031494141,35.850772857666016
9099424,2020,2020-08-07,1602,2020-04-23,0827,1465,47,4,5,4,1602,0,0,0,,0,001,"W FOURTH ST","PHILLIPS ST",574.00,W,N,A,-,N,,,,,,,,,,Y,4,0,1,2,A,-,08,22107,,N,D,C,A,A,H,-,A,D,0,,,,,Y,,A,01,0,0,1,0,0,0,0,0,0,"- ","- ",36.327449798583984,-119.64568328857422,KINGS,HANFORD,-119.65168762207031,36.322555541992188
90995277,2019,2019-05-23,9440,2019-05-18,1454,021086,,6,2,9,1600,0,3,5,,2,020,"ELDER AVENUE","13TH AVENUE",0.00,,Y,B,-,N,,,,,,,,,,Y,2,0,2,2,A,-,09,21800,B,N,D,C,A,A,H,-,A,A,0,,,,,Y,,A,01,2,0,0,0,0,0,0,0,0,"- ","- ",36.38616943359375,-119.6910400390625,KINGS,UNINCORPORATED,-119.69098663330078,36.386199951171875
90997806,2019,2019-05-29,9440,2019-05-20,2140,016870,,1,2,9,1600,0,3,5,,2,030,"19TH AVENUE","LANSING AVENUE",1056.00,N,N,A,-,N,,,,,,,,,,N,4,0,2,1,C,-,18,,,N,H,H,A,A,H,-,D,D,0,,,,,Y,,-,"- ",0,0,2,0,0,0,0,0,0,"- ","- ",36.197761535644531,-119.80731964111328,KINGS,UNINCORPORATED,-119.79817962646484,36.199630737304688
90999097,2019,2019-05-30,9440,2019-05-28,2150,019226,,2,2,9,1600,0,1,3,,1,198,"STATE ROUTE 198 EASTBOUND","3RD AVE",1584.00,E,N,A,-,Y,,,198,,,,,,E,N,3,0,2,2,A,-,03,22350,,N,C,C,A,A,H,-,D,D,0,,,,,Y,,A,07,0,2,0,0,0,0,0,0,0,"- ","- ",36.328289031982422,-119.50717163085938,KINGS,UNINCORPORATED,-119.50717163085938,36.328212738037109
90999180,2019,2019-05-30,9440,2019-05-29,0630,015703,,3,1,9,1600,0,3,5,,2,010,"BENICIA AVENUE","5 1/2 AVENUE",801.00,E,N,A,-,N,,,,,,,,,,Y,4,0,2,1,A,-,08,22107,,N,F,A,A,A,H,-,A,D,0,,,,,Y,,A,01,0,0,2,0,0,0,0,0,0,"- ","- ",36.481361389160156,-119.55061340332031,KINGS,UNINCORPORATED,-119.55459594726562,36.481372833251953
91000822,2019,2019-05-31,9440,2019-05-29,0115,020947,,3,3,9,1600,0,2,4,,1,047,"HANFORD ARMONA RD","23RD AVE",3168.00,E,N,A,-,N,,,,,,,,,,Y,2,0,1,1,A,-,01,23152,A,N,F,A,A,D,A,F,D,D,0,,,Y,,Y,Y,C,02,1,0,0,0,0,0,0,0,1,"- ","- ",36.313770294189453,-119.85440063476562,KINGS,UNINCORPORATED,-119.85845947265625,36.313743591308594
9100264,2020,2020-09-02,1602,2020-05-16,1357,1445,61,6,5,4,1602,0,0,0,,0,001,"HANFORD ARMONA RD","ANACAPA AV",0.00,,Y,A,-,N,,,,,,,,,,Y,3,0,1,2,A,-,01,23153,,N,D,C,A,A,H,-,A,D,0,,,,,Y,Y,A,01,0,1,0,0,0,0,0,0,0,"- ","- ",36.313259124755859,-119.66011810302734,KINGS,HANFORD,-119.65994262695312,36.313449859619141