CASE_ID,ACCIDENT_YEAR,PROC_DATE,JURIS,COLLISION_DATE,COLLISION_TIME,OFFICER_ID,REPORTING_DISTRICT,DAY_OF_WEEK,CHP_SHIFT,POPULATION,CNTY_CITY_LOC,SPECIAL_COND,BEAT_TYPE,CHP_BEAT_TYPE,CITY_DIVISION_LAPD,CHP_BEAT_CLASS,BEAT_NUMBER,PRIMARY_RD,SECONDARY_RD,DISTANCE,DIRECTION,INTERSECTION,WEATHER_1,WEATHER_2,STATE_HWY_IND,CALTRANS_COUNTY,CALTRANS_DISTRICT,STATE_ROUTE,ROUTE_SUFFIX,POSTMILE_PREFIX,POSTMILE,LOCATION_TYPE,RAMP_INTERSECTION,SIDE_OF_HWY,TOW_AWAY,COLLISION_SEVERITY,NUMBER_KILLED,NUMBER_INJURED,PARTY_COUNT,PRIMARY_COLL_FACTOR,PCF_CODE_OF_VIOL,PCF_VIOL_CATEGORY,PCF_VIOLATION,PCF_VIOL_SUBSECTION,HIT_AND_RUN,TYPE_OF_COLLISION,MVIW,PED_ACTION,ROAD_SURFACE,ROAD_COND_1,ROAD_COND_2,LIGHTING,CONTROL_DEVICE,CHP_ROAD_TYPE,PEDESTRIAN_ACCIDENT,BICYCLE_ACCIDENT,MOTORCYCLE_ACCIDENT,TRUCK_ACCIDENT,NOT_PRIVATE_PROPERTY,ALCOHOL_INVOLVED,STWD_VEHTYPE_AT_FAULT,CHP_VEHTYPE_AT_FAULT,COUNT_SEVERE_INJ,COUNT_VISIBLE_INJ,COUNT_COMPLAINT_PAIN,COUNT_PED_KILLED,COUNT_PED_INJURED,COUNT_BICYCLIST_KILLED,COUNT_BICYCLIST_INJURED,COUNT_MC_KILLED,COUNT_MC_INJURED,PRIMARY_RAMP,SECONDARY_RAMP,LATITUDE,LONGITUDE,COUNTY,CITY,POINT_X,POINT_Y
91135311,2019,2019-12-04,9440,2019-11-26,0713,015703,,2,1,9,1600,0,1,3,,1,430,SR-43,"KANSAS AVE",0.00,,Y,A,-,Y,,,43,,,,,,,Y,2,0,2,2,A,-,12,21453,A,N,D,C,A,A,H,-,A,A,0,,,,,Y,,A,01,1,0,1,0,0,0,0,0,0,"- ","- ",36.210899353027344,-119.60051727294922,KINGS,UNINCORPORATED,-119.6005859375,36.210899353027344
91136756,2019,2019-12-05,9440,2019-11-27,2315,018137,,3,3,9,1600,0,2,4,,1,049,"JACKSON AVENUE","14TH AVENUE",0.00,,Y,A,-,N,,,,,,,,,,Y,3,0,4,2,A,-,09,21802,A,N,D,C,A,A,H,-,D,A,0,,,,,Y,,A,07,0,2,2,0,0,0,0,0,0,"- ","- ",36.254768371582031,-119.70903015136719,KINGS,UNINCORPORATED,-119.70900726318359,36.254768371582031
91137845,2019,2019-12-06,9440,2019-12-03,1645,019755,,2,2,9,1600,0,1,3,,1,198,"SR-198 E/B TO HANFORD ARMONA RD","HANFORD ARMONA ROAD",340.00,W,N,A,-,Y,,,198,,,,R,,E,Y,4,0,1,2,A,-,03,22350,,N,C,C,A,A,H,-,D,D,0,,,,,Y,,A,01,0,0,1,0,0,0,0,0,0,"- ","- ",36.315299987792969,-119.68959808349609,KINGS,UNINCORPORATED,-119.68959808349609,36.315299987792969
91138024,2019,2019-12-06,9440,2019-11-27,1754,016961,,3,2,9,1600,0,1,3,,1,198,"SR-198 W/B","6TH AVE",60.00,W,N,A,-,Y,,,198,,,,,,W,Y,4,0,5,2,A,-,09,21801,A,N,D,C,A,A,H,-,D,D,0,,,,,Y,,A,07,0,0,5,0,0,0,0,0,0,"- ","- ",36.328098297119141,-119.56510162353516,KINGS,UNINCORPORATED,-119.56510162353516,36.328227996826172
91138685,2019,2019-12-10,9495,2019-11-28,1510,021351,,4,2,9,1600,0,1,3,,1,010,"STATE ROUTE 41","UTICA AVE",5280.00,N,N,C,F,Y,,,41,,,,,,,Y,4,0,1,2,A,-,05,21460,A,N,A,C,A,D,G,-,A,D,0,,,,,Y,,A,01,0,0,1,0,0,0,0,0,0,"- ","- ",35.95050048828125,-119.99970245361328,KINGS,UNINCORPORATED,-119.99972534179688,35.950550079345703
91138937,2019,2019-12-10,9440,2019-11-30,0245,020936,,6,3,9,1600,0,2,4,,1,065,"12TH AVENUE","HOUSTON AVE",2640.00,S,N,B,-,N,,,,,,,,,,Y,3,0,1,1,A,-,01,23152,A,N,E,I,A,A,H,-,D,D,0,,,,,Y,Y,A,01,0,1,0,0,0,0,0,0,0,"- ","- ",36.290908813476562,-119.67263031005859,KINGS,UNINCORPORATED,-119.67271423339844,36.291103363037109
91139282,2019,2019-12-10,9440,2019-12-07,1101,018639,,6,1,9,1600,0,1,3,,1,198,"STATE ROUTE 198 E/B","21ST AVENUE",10.00,E,N,B,-,Y,,,198,,,,,,E,N,4,0,2,1,A,-,08,22107,,N,E,I,A,A,H,-,A,D,0,,,,,Y,,D,22,0,0,2,0,0,0,0,0,0,"- ","- ",36.270469665527344,-119.83468627929688,KINGS,UNINCORPORATED,-119.83463287353516,36.270343780517578
91140742,2019,2019-12-11,9440,2019-12-08,2200,018137,,7,3,9,1600,0,1,3,,1,198,"STATE ROUTE 198 EASTBOUND","AVENAL CUTOFF RD",430.00,E,N,B,-,Y,,,198,,,,,,E,Y,2,0,3,1,A,-,01,23152,A,N,E,I,A,B,H,-,C,D,0,,,,,Y,Y,A,01,2,1,0,0,0,0,0,0,0,"- ","- ",36.256038665771484,-119.86679840087891,KINGS,UNINCORPORATED,-119.86688995361328,36.256256103515625
91141115,2019,2019-12-11,9495,2019-12-05,1155,017686,,4,1,9,1600,0,1,1,,2,004,"INTERSTATE 5 NORTHBOUND","KINGS/KERN COUNTY LINE",10560.00,N,N,A,-,Y,,,5,,,,,,N,Y,3,0,3,2,A,-,03,22350,,N,C,C,A,A,H,-,A,D,0,,,,,Y,,D,22,0,2,1,0,0,0,0,0,0,"- ","- ",35.814701080322266,-119.8009033203125,KINGS,UNINCORPORATED,-119.8009033203125,35.814697265625
91141499,2019,2019-12-11,9440,2019-12-06,1655,019755,,5,2,9,1600,0,1,3,,1,430,SR-43,SR-198,500.00,S,N,A,-,Y,,,43,,,,,,,N,4,0,2,2,A,-,03,22350,,N,C,C,A,A,H,-,D,D,0,,,,,Y,,A,01,0,0,2,0,0,0,0,0,0,"- ","- ",36.322498321533203,-119.60089874267578,KINGS,UNINCORPORATED,-119.60094451904297,36.322498321533203
91142432,2019,2019-12-12,9495,2019-12-05,2350,020250,,4,3,9,1600,0,1,1,,2,004,"INTERSTATE 5 (SOUTHBOUND)","MILHAM AVENUE",12144.00,N,N,A,-,Y,,,5,,,,,,,Y,3,0,2,2,A,-,03,22350,,N,C,C,A,A,H,-,D,D,0,,,,Y,Y,,G,25,0,2,0,0,0,0,0,0,0,"- ","- ",36.029499053955078,-120.02136993408203,KINGS,UNINCORPORATED,-120.02140808105469,36.029441833496094
91143212,2019,2019-12-13,9440,2019-12-06,1604,016961,,5,2,9,1600,0,3,5,,2,010,"1ST AVE","IDAHO AVE",1056.00,N,N,A,-,N,,,,,,,,,,Y,4,0,1,2,A,-,09,21801,A,N,D,C,A,A,H,-,A,D,0,,,,,Y,,A,07,0,0,1,0,0,0,0,0,0,"- ","- ",36.272499084472656,-119.47450256347656,KINGS,UNINCORPORATED,-119.47455596923828,36.271942138671875
91143315,2019,2019-12-13,9440,2019-10-18,0623,016961,,5,1,9,1600,0,2,4,,1,040,"AVENAL CUTOFF RD","LINCOLN AVE",5808.00,S,N,A,-,N,,,,,,,,,,Y,1,1,1,2,A,-,06,21751,,N,A,C,A,A,H,-,D,D,0,,,,,Y,,A,01,1,0,0,0,0,0,0,0,0,"- ","- ",36.181301116943359,-119.95559692382812,KINGS,UNINCORPORATED,-119.9697265625,36.170379638671875
91143339,2019,2020-01-27,9440,2019-10-28,0036,021086,,1,3,9,1600,0,2,4,,1,065,"12TH AVENUE","ELDER AVENUE",978.00,S,N,A,-,N,,,,,,,,,,N,1,1,0,2,A,-,11,21954,A,N,G,B,E,A,H,-,D,D,0,Y,,,,Y,Y,N,60,0,0,0,1,0,0,0,0,0,"- ","- ",36.383499145507812,-119.67307281494141,KINGS,UNINCORPORATED,-119.67303466796875,36.383537292480469
91143352,2019,2019-12-13,9440,2019-10-24,2240,019226,,4,3,9,1600,0,2,4,,1,049,"JACKSON AVE","12TH AVE",3485.00,W,N,A,-,N,,,,,,,,,,Y,1,1,1,2,C,-,18,,,N,G,B,E,A,H,-,D,D,0,Y,,,,Y,,-,"- ",0,1,0,1,0,0,0,0,0,"- ","- ",36.254749298095703,-119.68482971191406,KINGS,UNINCORPORATED,-119.6845703125,36.254768371582031
9114457,2020,2020-09-02,1602,2020-06-16,2054,1431,48,2,5,4,1602,0,0,0,,0,0J2,"HOUSTON AV","11TH AV",51.00,W,N,A,-,N,,,,,,,,,,Y,2,0,1,1,A," ",08,22107,,N,E,I,A,A,H,-,C,A,0,,,,,Y,,-,,1,0,0,0,0,0,0,0,0,"- ","- ",36.325550079345703,-119.64541625976562,KINGS,HANFORD,-119.65498352050781,36.298320770263672
9114458,2020,2020-09-02,1602,2020-06-07,1540,14105,49,7,5,4,1602,0,0,0,,0,002,"BROWN ST","4TH ST",39.00,E,N,A,-,N,,,,,,,,,,Y,3,0,1,2,A,-,08,22107,,N,H,D,A,A,H,-,A,D,0,,,,,Y,,A,01,0,1,0,0,0,0,0,0,0,"- ","- ",36.324119567871094,-119.64176940917969,KINGS,HANFORD,-119.64174652099609,36.324119567871094
9114484,2020,2020-10-27,1602,2020-05-14,1439,1425,48,4,5,4,1602,0,0,0,,0,002,"5TH AV","11TH AV",0.00,,Y,A,-,N,,,,,,,,,,N,4,0,1,3,A,-,03,22350,,N,C,G,A,A,H,-,A,A,0,,Y,,,Y,Y,I,11,0,0,1,0,0,0,1,0,0,"- ","- ",36.322669982910156,-119.65522766113281,KINGS,HANFORD,-119.65521240234375,36.323200225830078
9114508,2020,2020-09-04,1602,2020-06-14,1403,1496,11,7,5,4,1602,0,0,0,,0,002,"N 10TH AV","E ENCORE",0.00,,Y,A,-,N,,,,,,,,,,N,4,0,1,2,A,-,09,21804,A,N,D,C,A,A,H,-,A,D,0,,,,,Y,,A,07,0,0,1,0,0,0,0,0,0,"- ","- ",36.362388610839844,-119.63701629638672,KINGS,HANFORD,-119.63700866699219,36.362380981445312
91145277,2019,2019-12-17,9440,2019-09-27,1953,016961,,5,2,9,1600,0,3,5,,2,010,"7TH AVE","GRANGEVILLE BLVD",0.00,,Y,A,-,N,,,,,,,,,,Y,1,2,1,2,A,-,01,23152,A,N,D,C,A,A,H,-,D,A,0,,,,Y,Y,Y,A,01,0,0,1,0,0,0,0,0,0,"- ","- ",36.342601776123047,-119.58300018310547,KINGS,UNINCORPORATED,-119.58305358886719,36.342681884765625
9114708,2020,2020-08-19,1602,2020-05-14,2030,14101,24,4,5,4,1602,0,0,0,,0,001,"W GRANGEVILLE BL","11TH AV",0.00,,Y,A,-,N,,,,,,,,,,Y,4,0,1,2,A,-,01,23152,A,N,C,C,A,A,H,-,C,A,0,,,,,Y,Y,A,01,0,0,1,0,0,0,0,0,0,"- ","- ",36.342658996582031,-119.65511322021484,KINGS,HANFORD,-119.65512847900391,36.342670440673828
91147133,2019,2019-12-23,9440,2019-12-17,0640,016774,,2,1,9,1600,0,1,3,,1,410,SR-41,"22ND AVE",0.00,,Y,E,-,Y,,,41,,,,,,,Y,4,0,1,2,A,-,12,22450,A,N,D,C,A,A,H,-,D,A,0,,,,Y,Y,,A,01,0,0,1,0,0,0,0,0,0,"- ","- ",36.160808563232422,-119.85163116455078,KINGS,UNINCORPORATED,-119.8516845703125,36.160869598388672
91148886,2019,2019-12-20,9440,2019-12-15,2125,020998,,7,2,9,1600,0,2,4,,1,069,"18TH AVE","JACKSON AVE",0.00,,Y,A,-,N,,,,,,,,,,Y,3,0,1,2,A,-,09,21800,A,N,D,C,A,A,H,-,D,D,0,,,,,Y,,A,07,0,1,0,0,0,0,0,0,0,"- ","- ",36.254600524902344,-119.78083038330078,KINGS,UNINCORPORATED,-119.78083038330078,36.254619598388672
91149366,2019,2019-12-20,9440,2019-12-18,1750,016870,,3,2,9,1600,0,2,4,,1,060,"2ND AVENUE","HOUSTON AVENUE",0.00,,Y,A,-,N,,,,,,,,,,Y,4,0,1,2,A,-,09,21802,A,N,D,C,A,A,H,-,D,A,0,,,,,Y,,A,01,0,0,1,0,0,0,0,0,0,"- ","- ",36.297798156738281,-119.49211883544922,KINGS,UNINCORPORATED,-119.49211883544922,36.297779083251953
91150235,2019,2019-12-23,9440,2019-12-17,1435,016870,,2,2,9,1600,0,1,3,,1,430,SR-43,"LANSING AVENUE",13200.00,S,N,A,-,Y,,,43,,,,,,,Y,4,0,2,2,A,-,01,23152,A,N,A,C,A,A,H,-,A,D,0,,,,Y,Y,Y,A,01,0,0,2,0,0,0,0,0,0,"- ","- ",36.1910400390625,-119.60028839111328,KINGS,UNINCORPORATED,-119.600341796875,36.1910400390625
91150263,2019,2019-12-23,9495,2019-12-10,0530,021186,,2,3,9,1600,0,1,1,,2,004,"NORTHBOUND INTERSTATE 5 FROM UTICA AVE","UTICA AVENUE",528.00,N,N,A,-,Y,,,5,,,,R,,,N,2,0,1,2,A,-,13,22515,A,F,C,E,A,A,H,-,D,D,0,,,,Y,Y,,G,25,1,0,0,0,0,0,0,0,0,"- ","- ",35.935359954833984,-119.91219329833984,KINGS,UNINCORPORATED,-119.91219329833984,35.935359954833984
91150529,2019,2019-12-23,9440,2019-12-12,0731,018639,,4,1,9,1600,0,1,3,,1,430,"STATE ROUTE 43","STATE ROUTE 137",15.00,N,N,A,-,Y,,,43,,,,,,,N,4,0,2,2,A,-,09,21803,A,N,B,C,A,A,H,-,A,A,0,,,,,Y,,D,22,0,0,2,0,0,0,0,0,0,"- ","- ",36.098171234130859,-119.54560852050781,KINGS,UNINCORPORATED,-119.5457763671875,36.098079681396484
91151447,2019,2019-12-24,9440,2019-12-16,0625,020333,,1,1,9,1600,0,2,4,,1,047,"HANFORD ARMONA RD","15TH AVE",1863.00,E,N,A,-,N,,,,,,,,,,Y,3,0,1,1,A,-,08,22107,,N,E,I,A,A,H,-,B,D,0,,,,,Y,,A,01,0,1,0,0,0,0,0,0,0,"- ","- ",36.313701629638672,-119.720703125,KINGS,UNINCORPORATED,-119.72064208984375,36.31365966796875
91151470,2019,2019-12-24,9440,2019-12-13,1532,016961,,5,2,9,1600,0,1,3,,1,410,"SR-41 N/B","KANSAS AVE",0.00,,Y,B,-,Y,,,41,,,,,,N,Y,4,0,4,2,A,-,09,21802,A,N,D,C,A,A,H,-,A,A,0,,,,,Y,,A,01,0,0,4,0,0,0,0,0,0,"- ","- ",36.211498260498047,-119.81600189208984,KINGS,UNINCORPORATED,-119.81609344482422,36.211498260498047
91153252,2019,2019-12-26,9440,2019-12-19,1905,019755,,4,2,9,1600,0,2,4,,1,064,"11TH AVENUE","ELDER AVENUE",140.00,S,N,A,-,N,,,,,,,,,,Y,4,0,1,1,C,-,18,,,N,E,J,A,A,H,-,D,D,0,,,,,Y,,-,"- ",0,0,1,0,0,0,0,0,0,"- ","- ",36.386001586914062,-119.65489959716797,KINGS,UNINCORPORATED,-119.65496063232422,36.386016845703125
91153322,2019,2019-12-26,9440,2019-12-22,2200,021086,,7,3,9,1600,0,2,4,,1,045,"GRANGEVILLE BOULEVARD","STATE ROUTE 41",3587.00,W,N,C,-,N,,,,,,,,,,Y,4,0,1,1,A,-,03,22350,,N,E,I,A,B,H,-,C,D,0,,,,,Y,,A,01,0,0,1,0,0,0,0,0,0,"- ","- ",36.342559814453125,-119.8199462890625,KINGS,UNINCORPORATED,-119.82040405273438,36.342418670654297
91153399,2019,2019-12-26,9440,2019-12-20,1415,016961,,5,2,9,1600,0,2,4,,1,062,"10TH AVE","HOME AVE",123.00,S,N,A,-,N,,,,,,,,,,Y,4,0,4,2,A,-,03,22350,,N,C,C,A,A,H,-,A,D,0,,,,,Y,Y,A,07,0,0,4,0,0,0,0,0,0,"- ","- ",36.304100036621094,-119.63680267333984,KINGS,UNINCORPORATED,-119.63695526123047,36.303871154785156
91153726,2019,2019-12-27,9440,2019-12-18,1640,019755,,3,2,9,1600,0,2,4,,1,062,"10TH AVENUE","UTICA AVE",4224.00,N,N,A,-,N,,,,,,,,,,Y,3,0,1,1,A,-,03,22350,,N,F,A,A,A,H,-,D,D,0,,,,Y,Y,,G,25,0,1,0,0,0,0,0,0,0,"- ","- ",35.945098876953125,-119.64589691162109,KINGS,UNINCORPORATED,-119.64557647705078,35.944862365722656
91155247,2019,2020-01-22,9440,2019-12-22,0055,018137,,7,3,9,1600,0,3,5,,2,030,"MAIN STREET","EMPIRE ST",1056.00,W,N,A,-,N,,,,,,,,,,Y,4,0,1,1,A,-,01,23152,A,M,E,I,A,A,H,-,C,A,0,,,,,Y,Y,D,22,0,0,1,0,0,0,0,0,0,"- ","- ",36.189750671386719,-119.82112884521484,KINGS,UNINCORPORATED,-119.82402801513672,36.189277648925781
91156119,2019,2019-12-31,9440,2019-12-23,2153,019226,,1,2,9,1600,0,3,5,,2,020,"JERSEY AVENUE","17TH AVE",1320.00,W,N,B,-,N,,,,,,,,,,Y,3,0,3,2,A,-,09,21804,A,N,D,C,A,B,H,-,C,A,0,,,,,Y,,A,01,0,3,0,0,0,0,0,0,0,"- ","- ",36.240058898925781,-119.76770782470703,KINGS,UNINCORPORATED,-119.76725006103516,36.240039825439453
91157525,2019,2020-01-02,9440,2019-12-28,1225,016774,,6,1,9,1600,0,1,3,,1,198,"SR-198 W/B","AVENAL CUTOFF RD",65.00,W,N,A,-,Y,,,198,,,,,,W,Y,4,0,1,2,A,-,08,22107,,N,D,C,A,A,H,-,A,D,0,,,,,Y,,A,01,0,0,1,0,0,0,0,0,0,"- ","- ",36.255561828613281,-119.8721923828125,KINGS,UNINCORPORATED,-119.8721923828125,36.255508422851562
91158460,2019,2020-01-03,9440,2019-12-27,0400,015703,,5,3,9,1600,0,3,5,,2,010,"ORANGE AVENUE","9TH AVENUE",0.00,,Y,E,-,N,,,,,,,,,,Y,4,0,1,1,A,-,03,22350,,N,E,I,A,B,H,-,D,A,0,,,,,Y,,A,01,0,0,1,0,0,0,0,0,0,"- ","- ",36.108898162841797,-119.62574005126953,KINGS,UNINCORPORATED,-119.62566375732422,36.108829498291016
91159780,2020,2020-01-06,9440,2020-01-01,0100,020947,,3,3,9,1600,0,2,4,,1,040,"AVENAL CUTOFF RD","JACKSON AVE",0.00,,Y,E,-,N,,,,,,,,,,Y,4,0,1,2,A,-,12,22450,A,M,D,C,A,B,H,-,C,A,0,,,,,Y,Y,A,01,0,0,1,0,0,0,0,0,0,"- ","- ",36.254108428955078,-119.86947631835938,KINGS,UNINCORPORATED,-119.86952209472656,36.254100799560547
91160635,2019,2020-01-07,9440,2019-12-30,1656,019755,,1,2,9,1600,0,2,4,,1,050,"KANSAS AVENUE","9 1/2 AVENUE",4752.00,E,N,A,-,N,,,,,,,,,,Y,4,0,6,2,A,-,09,21804,A,N,D,C,A,A,H,-,D,D,0,,,,,Y,,D,22,0,0,6,0,0,0,0,0,0,"- ","- ",36.210899353027344,-119.61139678955078,KINGS,UNINCORPORATED,-119.61179351806641,36.211044311523438
91162257,2019,2020-01-09,9440,2019-12-30,0730,020333,,1,1,9,1600,0,2,4,,1,061,"6TH AVE","REDDING AVE",705.00,N,N,A,-,N,,,,,,,,,,Y,3,0,1,1,A,-,08,22107,,N,E,I,A,A,H,-,A,D,0,,,,,Y,,A,01,0,1,0,0,0,0,0,0,0,"- ","- ",36.023658752441406,-119.57205200195312,KINGS,UNINCORPORATED,-119.57199859619141,36.023475646972656
91162324,2020,2020-01-09,9440,2020-01-01,1825,017630,,3,2,9,1600,0,2,4,,1,061,"QUEBEC AVE","6TH AVE",0.00,,Y,A,-,N,,,,,,,,,,Y,2,0,1,1,A,-,12,22450,A,N,E,I,A,A,H,-,D,A,0,,,,,Y,Y,A,07,1,0,0,0,0,0,0,0,0,"- ","- ",36.051090240478516,-119.57209777832031,KINGS,UNINCORPORATED,-119.57199096679688,36.05078125
91162957,2019,2020-01-10,9440,2019-12-31,0100,019226,,2,3,9,1600,0,2,4,,1,068,"17TH AVE","JERSEY AVE",2640.00,N,N,E,-,N,,,,,,,,,,N,2,0,1,3,A,-,03,22350,,N,C,C,E,A,H,-,D,D,0,Y,,,,Y,,D,22,1,0,0,0,1,0,0,0,0,"- ","- ",36.246170043945312,-119.76289367675781,KINGS,UNINCORPORATED,-119.76284027099609,36.247306823730469
91165939,2020,2020-01-15,9440,2020-01-05,1745,019755,,7,2,9,1600,0,1,3,,1,198,"SR-198 W/B TO 12TH AVE","12TH AVENUE",30.00,E,N,A,-,Y,,,,,,,,,,N,4,0,3,2,A,-,03,22350,,F,C,C,A,A,H,-,C,D,0,,,,,Y,,A,01,0,0,3,0,0,0,0,0,0,"- ","- ",36.319301605224609,-119.67209625244141,KINGS,UNINCORPORATED,-119.67298126220703,36.318668365478516
91166003,2020,2020-01-15,9440,2020-01-07,0700,016585,,2,1,9,1600,0,3,5,,2,030,"UTICA AVE",I-5,20592.00,E,N,E,-,N,,,,,,,,,,Y,4,0,1,2,A,-,21,22106,,N,D,C,A,A,H,-,A,D,0,,,,,Y,,A,08,0,0,1,0,0,0,0,0,0,"- ","- ",35.934101104736328,-119.84239959716797,KINGS,UNINCORPORATED,-119.91181182861328,35.934539794921875
91166132,2020,2020-01-15,9440,2020-01-06,1520,019755,,1,2,9,1600,0,1,3,,1,430,SR-43,"GRANGEVILLE BLVD",266.00,S,N,A,-,Y,,,43,,,,,,,N,4,0,2,3,A,-,03,22350,,N,C,C,A,A,H,-,A,D,0,,,,,Y,,A,01,0,0,2,0,0,0,0,0,0,"- ","- ",36.341098785400391,-119.60079956054688,KINGS,UNINCORPORATED,-119.60090637207031,36.341098785400391
91166997,2020,2020-01-16,9440,2020-01-12,1430,016774,,7,2,4,1602,0,2,4,,1,069,"18TH AVE","GRANGEVILLE BLVD",0.00,,Y,A,-,N,,,,,,,,,,Y,4,0,1,2,A,-,03,22350,,N,D,C,A,A,H,-,A,A,0,,,,,Y,,A,01,0,0,1,0,0,0,0,0,0,"- ","- ",36.342540740966797,-119.78076171875,KINGS,HANFORD,-119.78079223632812,36.342548370361328
91167507,2020,2020-01-21,9440,2020-01-13,1635,016774,,1,2,9,1600,0,1,3,,1,198,"SR-198 W/B","5TH AVE",1584.00,E,N,A,-,Y,,,198,,,,,,W,Y,3,0,1,2,A,-,03,22350,,N,C,C,A,A,H,-,B,D,0,,,,Y,Y,,D,22,0,1,0,0,0,0,0,0,0,"- ","- ",36.328548431396484,-119.56510925292969,KINGS,UNINCORPORATED,-119.56510925292969,36.328227996826172
91167756,2020,2020-01-17,9440,2020-01-14,0750,016585,,2,1,9,1600,0,2,4,,1,049,"JACKSON AVE","14TH AVE",0.00,,Y,A,-,N,,,,,,,,,,Y,3,0,1,2,A,-,09,21802,A,N,D,C,A,A,H,-,A,A,0,,,,Y,Y,,D,22,0,1,0,0,0,0,0,0,0,"- ","- ",36.254798889160156,-119.70899963378906,KINGS,UNINCORPORATED,-119.70900726318359,36.254768371582031
91169124,2020,2020-01-21,9440,2020-01-11,0648,016961,,6,1,9,1600,0,1,3,,1,430,"SR-43 N/B","ORANGE AVE",0.00,,Y,E,-,Y,,,43,,,,,,N,Y,4,0,1,2,A,-,09,21802,A,N,D,C,A,A,H,-,A,A,0,,,,,Y,,A,01,0,0,1,0,0,0,0,0,0,"- ","- ",36.108699798583984,-119.55870056152344,KINGS,UNINCORPORATED,-119.5587158203125,36.108657836914062
91169150,2020,2020-01-21,9440,2020-01-10,1903,017630,,5,2,9,1600,0,3,5,,2,010,"6TH AVENUE","NEVADA AVENUE",13200.00,N,N,A,-,N,,,,,,,,,,Y,2,0,1,1,C,-,18,,,N,H,H,A,A,H,-,D,D,0,,,,,Y,,-,"- ",1,0,0,0,0,0,0,0,0,"- ","- ",36.175380706787109,-119.56484222412109,KINGS,UNINCORPORATED,-119.56488800048828,36.174198150634766
91170649,2019,2020-01-22,9440,2019-12-04,2350,016870,,3,3,9,1600,0,3,5,,2,020,"JERSEY AVENUE","17TH AVENUE",1056.00,W,N,B,-,N,,,,,,,,,,N,1,1,0,1,A,-,08,22107,,N,F,A,A,A,H,-,D,D,0,,,Y,,Y,Y,C,02,0,0,0,0,0,0,0,1,0,"- ","- ",36.240070343017578,-119.76728820800781,KINGS,UNINCORPORATED,-119.766357421875,36.240039825439453
91171302,2020,2020-01-23,9440,2020-01-15,1557,017630,,3,2,9,1600,0,2,4,,1,040,"AVENAL CUTOFF ROAD","JACKSON AVENUE",120.00,S,N,A,-,N,,,,,,,,,,Y,3,0,2,2,A,-,08,22107,,N,D,C,A,A,H,-,A,D,0,,,,,Y,,A,01,0,2,0,0,0,0,0,0,0,"- ","- ",36.252891540527344,-119.86943817138672,KINGS,UNINCORPORATED,-119.86952209472656,36.253768920898438
9117280,2020,2020-09-09,1602,2020-06-11,0242,14106,36,4,5,4,1602,0,0,0,,0,002,"E GRANGEVILLE BL","10TH AV",0.00,,Y,A,-,N,,,,,,,,,,N,4,0,1,2,A,-,12,21453,A,M,H,C,A,A,H,-,C,A,0,,,,,Y,,A,81,0,0,1,0,0,0,0,0,0,"- ","- ",36.342681884765625,-119.63690185546875,KINGS,HANFORD,-119.63706207275391,36.342689514160156
91172835,2020,2020-01-24,9440,2020-01-13,1700,019220,,1,2,9,1600,0,1,3,,1,198,"SR-198 E/B","17TH AVE",450.00,W,N,A,-,Y,,,198,,,,,,E,Y,3,0,2,1,A,-,08,22107,,N,F,I,A,A,H,-,A,D,0,,,,,Y,,A,01,0,2,0,0,0,0,0,0,0,"- ","- ",36.293571472167969,-119.76370239257812,KINGS,UNINCORPORATED,-119.76364898681641,36.293460845947266
91172892,2020,2020-01-24,9440,2020-01-15,1353,017161,,3,1,9,1600,0,1,3,,1,410,"SR-41 N/B","LACEY BLVD",2112.00,N,N,A,-,Y,,,41,,,,,,N,Y,3,0,1,2,A,-,05,21651,B,N,D,C,A,A,H,-,A,D,0,,,,,Y,,A,01,0,1,0,0,0,0,0,0,0,"- ","- ",36.333271026611328,-119.80792236328125,KINGS,UNINCORPORATED,-119.80780792236328,36.333271026611328
91172911,2020,2020-01-24,9440,2020-01-16,1525,017161,,4,2,9,1600,0,1,3,,1,198,"SR-198 E/B TO 12TH AVE","12TH AVE",0.00,,Y,C,-,Y,,,,,,,,,,Y,2,0,1,1,A,-,03,22350,,N,E,I,A,B,H,-,A,A,0,,,,,Y,,A,07,1,0,0,0,0,0,0,0,0,"- ","- ",36.317478179931641,-119.67252349853516,KINGS,UNINCORPORATED,-119.67308044433594,36.318538665771484
91173379,2020,2020-01-24,9440,2020-01-20,1455,017161,,1,2,9,1600,0,1,3,,1,410,"SR-41 S/B","HANFORD ARMONA RD",0.00,,Y,B,-,Y,,,41,,,,,,S,Y,3,0,2,2,A,-,12,21453,A,N,D,C,A,A,H,-,A,A,0,,,,,Y,,A,01,0,2,0,0,0,0,0,0,0,"- ","- ",36.313400268554688,-119.80814361572266,KINGS,UNINCORPORATED,-119.80814361572266,36.313400268554688