CASE_ID,ACCIDENT_YEAR,PROC_DATE,JURIS,COLLISION_DATE,COLLISION_TIME,OFFICER_ID,REPORTING_DISTRICT,DAY_OF_WEEK,CHP_SHIFT,POPULATION,CNTY_CITY_LOC,SPECIAL_COND,BEAT_TYPE,CHP_BEAT_TYPE,CITY_DIVISION_LAPD,CHP_BEAT_CLASS,BEAT_NUMBER,PRIMARY_RD,SECONDARY_RD,DISTANCE,DIRECTION,INTERSECTION,WEATHER_1,WEATHER_2,STATE_HWY_IND,CALTRANS_COUNTY,CALTRANS_DISTRICT,STATE_ROUTE,ROUTE_SUFFIX,POSTMILE_PREFIX,POSTMILE,LOCATION_TYPE,RAMP_INTERSECTION,SIDE_OF_HWY,TOW_AWAY,COLLISION_SEVERITY,NUMBER_KILLED,NUMBER_INJURED,PARTY_COUNT,PRIMARY_COLL_FACTOR,PCF_CODE_OF_VIOL,PCF_VIOL_CATEGORY,PCF_VIOLATION,PCF_VIOL_SUBSECTION,HIT_AND_RUN,TYPE_OF_COLLISION,MVIW,PED_ACTION,ROAD_SURFACE,ROAD_COND_1,ROAD_COND_2,LIGHTING,CONTROL_DEVICE,CHP_ROAD_TYPE,PEDESTRIAN_ACCIDENT,BICYCLE_ACCIDENT,MOTORCYCLE_ACCIDENT,TRUCK_ACCIDENT,NOT_PRIVATE_PROPERTY,ALCOHOL_INVOLVED,STWD_VEHTYPE_AT_FAULT,CHP_VEHTYPE_AT_FAULT,COUNT_SEVERE_INJ,COUNT_VISIBLE_INJ,COUNT_COMPLAINT_PAIN,COUNT_PED_KILLED,COUNT_PED_INJURED,COUNT_BICYCLIST_KILLED,COUNT_BICYCLIST_INJURED,COUNT_MC_KILLED,COUNT_MC_INJURED,PRIMARY_RAMP,SECONDARY_RAMP,LATITUDE,LONGITUDE,COUNTY,CITY,POINT_X,POINT_Y
91280653,2020,2020-08-04,9440,2020-07-11,0430,021086,,6,3,9,1600,0,2,4,,1,061,"6TH AVENUE","KANSAS AVENUE",11088.00,S,N,A,-,N,,,,,,,,,,Y,4,0,1,1,A,-,03,22350,,F,E,I,A,A,H,-,D,D,0,,,,,Y,,A,01,0,0,1,0,0,0,0,0,0,"- ","- ",36.181068420410156,-119.56455993652344,KINGS,UNINCORPORATED,-119.56486511230469,36.180828094482422
91281042,2020,2020-08-05,9440,2020-07-26,0130,020612,,7,3,9,1600,0,2,4,,1,050,"KANSAS AVENUE","STATE ROUTE 43",75.00,W,N,A,-,N,,,,,,,,,,N,4,0,3,2,A,-,03,22350,,M,C,C,A,A,H,-,C,A,0,,,,,Y,,A,01,0,0,3,0,0,0,0,0,0,"- ","- ",36.210918426513672,-119.60090637207031,KINGS,UNINCORPORATED,-119.60083770751953,36.210895538330078
91281089,2020,2020-08-05,9440,2020-08-01,1440,021086,,6,2,9,1600,0,2,4,,1,049,"JACKSON AVENUE","STATE ROUTE 41",4.00,E,N,A,-,Y,,,,,,,,,,Y,4,0,1,2,A,-,09,21802,A,N,D,C,A,A,H,-,A,A,0,,,,,Y,,A,01,0,0,1,0,0,0,0,0,0,"- ","- ",36.254730224609375,-119.80870819091797,KINGS,UNINCORPORATED,-119.80876922607422,36.254840850830078
91281996,2020,2020-08-06,9440,2020-07-27,0750,020333,,1,1,9,1600,0,1,3,,1,430,"STATE ROUTE 43","DOVER AVE",323.00,N,N,A,-,Y,,,43,,,,,,,Y,2,0,1,2,A,-,08,22107,,N,A,C,A,A,H,-,A,D,0,,,,,Y,,D,22,1,0,0,0,0,0,0,0,0,"- ","- ",36.4163818359375,-119.63651275634766,KINGS,UNINCORPORATED,-119.63678741455078,36.416385650634766
91284749,2020,2020-08-12,9440,2020-08-09,0845,018639,,7,1,9,1600,0,3,5,,2,030,"UTICA AVENUE","21ST AVENUE",1584.00,W,N,A,-,N,,,,,,,,,,Y,2,0,5,1,A,-,08,22107,,N,F,A,A,A,H,-,A,D,0,,,,,Y,,A,01,1,3,1,0,0,0,0,0,0,"- ","- ",35.934501647949219,-119.84844207763672,KINGS,UNINCORPORATED,-119.84873962402344,35.934085845947266
91284789,2020,2020-08-12,9440,2020-08-03,0150,019226,,1,3,9,1600,0,2,4,,1,050,"KANSAS AVE","11TH AVE",500.00,W,N,A,-,N,,,,,,,,,,Y,4,0,4,4,A,-,05,21650,,F,B,C,A,A,H,-,D,D,0,,,,,Y,,A,01,0,0,4,0,0,0,0,0,0,"- ","- ",36.211158752441406,-119.65619659423828,KINGS,UNINCORPORATED,-119.65659332275391,36.211158752441406
91284989,2020,2020-09-08,9440,2020-07-19,0110,020936,,7,3,9,1600,0,1,3,,1,430,SR-43,"ORANGE AVE",20.00,N,N,A,-,Y,,,43,,,,,,,Y,4,0,1,2,A,-,09,21802,A,F,B,C,A,A,H,-,D,A,0,,,,Y,Y,,D,22,0,0,1,0,0,0,0,0,0,"- ","- ",36.108791351318359,-119.55896759033203,KINGS,UNINCORPORATED,-119.55898284912109,36.108768463134766
91286312,2020,2020-08-14,9440,2020-08-11,0700,016774,,2,1,9,1600,0,1,3,,1,430,SR-43,"EXCELSIOR AVE",0.00,,Y,A,-,Y,,,43,,,,,,,Y,4,0,1,2,A,-,09,21801,A,N,D,C,A,A,H,-,A,A,0,,,,,Y,,A,01,0,0,1,0,0,0,0,0,0,"- ","- ",36.401210784912109,-119.63693237304688,KINGS,UNINCORPORATED,-119.63695526123047,36.401210784912109
91287248,2020,2020-08-21,9440,2020-06-05,0250,020998,,5,3,9,1600,0,1,3,,1,198,"SR-198 E/B","16TH AVE",0.00,,Y,A,-,Y,,,198,,,,,,E,Y,1,1,0,1,A,-,01,23152,F,N,E,I,A,A,H,-,C,A,0,,,,,Y,,A,01,0,0,0,0,0,0,0,0,0,"- ","- ",36.300228118896484,-119.74472808837891,KINGS,UNINCORPORATED,-119.74472045898438,36.300182342529297
91287251,2020,2020-08-17,9440,2020-08-09,1247,018639,,7,1,9,1600,0,1,3,,1,410,"STATE ROUTE 41 S/B","ELGIN AVENUE",2112.00,N,N,A,-,Y,,,41,,,,,,S,Y,2,0,1,1,A,-,08,22107,,N,F,A,A,A,H,-,A,D,0,,,,,Y,,A,01,1,0,0,0,0,0,0,0,0,"- ","- ",36.388141632080078,-119.80973052978516,KINGS,UNINCORPORATED,-119.8096923828125,36.388137817382812
91287603,2020,2020-08-17,9440,2020-08-10,1330,019220,,1,1,9,1600,0,3,5,,2,020,"HANFORD ARMONA RD","16TH AVE",0.00,,Y,A,-,N,,,,,,,,,,Y,3,0,1,2,A,-,09,21802,A,N,D,C,A,A,H,-,A,A,0,,,,,Y,,A,01,0,1,0,0,0,0,0,0,0,"- ","- ",36.313491821289062,-119.7447509765625,KINGS,UNINCORPORATED,-119.7447509765625,36.313510894775391
91288697,2020,2020-08-19,9440,2020-08-09,2500,021114,,7,4,9,1600,0,3,5,,2,010,"FAIRFAX AVE","2ND AVE",1056.00,E,N,A,-,N,,,,,,,,,,Y,2,0,1,1,A,-,08,22107,,N,E,I,A,A,H,-,D,D,0,,,,,Y,,A,01,1,0,0,0,0,0,0,0,0,"- ","- ",36.348911285400391,-119.48870849609375,KINGS,UNINCORPORATED,-119.48963165283203,36.348804473876953
91290514,2020,2020-08-21,9495,2020-08-05,2300,021303,,3,3,9,1600,0,1,1,,2,004,"INTERSTATE 5 SOUTHBOUND",MILHAM,6336.00,N,N,A,-,Y,,,5,,,,,,S,Y,4,0,1,2,A,-,01,23152,A,N,A,D,A,A,H,-,D,D,0,,,,,Y,Y,A,01,0,0,1,0,0,0,0,0,0,"- ","- ",36.017681121826172,-120.00318908691406,KINGS,UNINCORPORATED,-120.00318145751953,36.017696380615234
91291068,2020,2020-08-24,9495,2020-08-15,1350,019829,,6,1,9,1600,0,1,3,,1,010,"STATE ROUTE 41","MILHAM AVENUE",0.00,,Y,A,-,Y,,,41,,,,,,,Y,3,0,1,2,A,-,09,21802,A,N,D,C,A,A,H,-,A,D,0,,,,,Y,,A,07,0,1,0,0,0,0,0,0,0,"- ","- ",36.010269165039062,-119.95929718017578,KINGS,UNINCORPORATED,-119.95929718017578,36.010269165039062
91291179,2020,2020-08-24,9440,2020-08-19,0731,018639,,3,1,9,1600,0,3,5,,2,010,"5TH AVENUE","ORANGE AVENUE",3.00,S,N,A,-,N,,,,,,,,,,Y,4,0,1,2,A,-,03,22350,,N,D,C,A,A,H,-,A,D,0,,,,,Y,,A,01,0,0,1,0,0,0,0,0,0,"- ","- ",36.108848571777344,-119.55467224121094,KINGS,UNINCORPORATED,-120.13128662109375,35.998580932617188
91293221,2020,2020-08-26,9440,2020-08-25,0705,016774,,2,1,9,1600,0,3,5,,2,020,"17TH AVE","IDAHO AVE",528.00,S,N,A,F,N,,,,,,,,,,Y,4,0,1,3,A,-,03,22350,,N,C,C,A,A,H,-,A,D,0,,,,,Y,,D,22,0,0,1,0,0,0,0,0,0,"- ","- ",36.269180297851562,-119.76291656494141,KINGS,UNINCORPORATED,-119.76293182373047,36.267730712890625
91295954,2020,2020-08-31,9440,2020-08-25,0555,020947,,2,3,9,1600,0,2,4,,1,041,"FLINT AVE","18TH AVE",1056.00,W,N,A,-,N,,,,,,,,,,Y,3,0,2,2,A,-,08,22107,,N,D,C,A,A,H,-,D,D,0,,,Y,,Y,,A,01,0,2,0,0,0,0,0,0,1,"- ","- ",36.371730804443359,-119.78388214111328,KINGS,UNINCORPORATED,-119.78463745117188,36.371772766113281
91296112,2020,2020-08-31,9495,2020-08-19,1620,019104,,3,2,9,1600,0,1,1,,2,004,"INTERSTATE 5 SOUTHBOUND","MILHAM AVENUE",6336.00,N,N,A,G,Y,,,5,,,,,,S,Y,4,0,1,1,A,-,08,22107,,N,E,I,A,A,H,-,A,D,0,,,,Y,Y,,F,26,0,0,1,0,0,0,0,0,0,"- ","- ",36.019859313964844,-120.00640869140625,KINGS,UNINCORPORATED,-120.00644683837891,36.019805908203125
91296187,2020,2020-08-31,9440,2020-08-29,0545,019755,,6,3,9,1600,0,3,5,,2,030,"19TH AVENUE","NEVADA AVE.",2640.00,S,N,A,-,N,,,,,,,,,,N,4,0,1,2,A,-,08,22107,,N,B,C,A,A,H,-,D,D,0,,,,,Y,,A,07,0,0,1,0,0,0,0,0,0,"- ","- ",36.130039215087891,-119.79802703857422,KINGS,UNINCORPORATED,-119.79806518554688,36.130672454833984
91296297,2020,2020-08-31,9440,2020-08-28,2035,019220,,5,2,9,1600,0,2,4,,1,067,"14TH AVE","FARGO AVE",0.00,,Y,A,-,N,,,,,,,,,,Y,4,0,2,2,A,-,09,21802,A,N,D,C,A,A,H,-,D,A,0,,,,,Y,,A,07,0,0,2,0,0,0,0,0,0,"- ","- ",36.357089996337891,-119.70905303955078,KINGS,UNINCORPORATED,-119.70899200439453,36.357181549072266
91296900,2020,2020-09-01,9440,2020-08-28,2150,019226,,5,2,9,1600,0,2,4,,1,067,"14TH AVENUE","GRANGEVILLE BLVD",800.00,S,N,A,-,N,,,,,,,,,,Y,4,0,1,2,A,-,09,21801,A,N,D,C,A,A,H,-,D,D,0,,,,,Y,,A,01,0,0,1,0,0,0,0,0,0,"- ","- ",36.340328216552734,-119.70903778076172,KINGS,UNINCORPORATED,-119.70899963378906,36.34039306640625
91297864,2020,2020-09-02,9495,2020-08-26,1245,019829,,3,1,9,1600,0,3,5,,2,054,"GENERAL PETROLEUM AVENUE","8TH STREET",100.00,W,N,A,-,N,,,,,,,,,,N,4,0,1,2,A,-,11,21950,B,N,G,B,C,A,H,-,A,D,0,Y,,,,Y,,N,60,0,0,1,0,1,0,0,0,0,"- ","- ",36.008228302001953,-119.96161651611328,KINGS,UNINCORPORATED,-119.96212768554688,36.008224487304688
91298248,2020,2020-09-03,9440,2020-08-30,0025,020998,,7,3,9,1600,0,1,3,,1,198,"SR-198 E/B","25TH AVE",4224.00,W,N,A,-,Y,,,198,,,,,,E,Y,4,0,1,1,A,-,01,23152,A,N,F,A,A,A,H,-,D,D,0,,,,,Y,Y,D,22,0,0,1,0,0,0,0,0,0,"- ","- ",36.255138397216797,-119.92086029052734,KINGS,UNINCORPORATED,-119.92086029052734,36.255172729492188
91298743,2020,2020-09-03,9440,2020-08-26,1815,017161,,3,2,9,1600,0,2,4,,1,045,"GRANGEVILLE BLVD.","22ND AVE.",0.00,,Y,A,-,N,,,,,,,,,,Y,2,0,2,2,A,-,09,21802,A,N,D,C,A,A,H,-,A,A,0,,,,,Y,,A,01,1,0,1,0,0,0,0,0,0,"- ","- ",36.343990325927734,-119.85128021240234,KINGS,UNINCORPORATED,-119.85127258300781,36.343971252441406
91298936,2020,2020-09-04,9440,2020-08-28,2350,019226,,5,3,9,1600,0,1,3,,1,410,"STATE ROUTE 41 SOUTHBOUND","STATE ROUTE 198",725.00,S,N,A,-,Y,,,41,,,,,,S,Y,4,0,1,2,A,-,07,21658,A,N,C,C,A,A,H,-,C,D,0,,,,,Y,,D,22,0,0,1,0,0,0,0,0,0,"- ","- ",36.279788970947266,-119.80831909179688,KINGS,UNINCORPORATED,-119.80814361572266,36.279792785644531
91299493,2020,2020-09-04,9495,2020-08-05,2302,021303,,3,3,9,1600,0,1,1,,2,004,"INTERSTATE 5 SOUTHBOUND",MILHAM,5808.00,N,N,A,-,Y,,,5,,,,,,S,Y,4,0,3,5,A,-,03,22350,,N,C,C,A,A,H,-,D,D,0,,,,,Y,,A,07,0,0,3,0,0,0,0,0,0,"- ","- ",36.017681121826172,-120.00318908691406,KINGS,UNINCORPORATED,-120.00318145751953,36.017696380615234
91300451,2020,2020-09-08,9440,2020-09-03,0905,019226,,4,1,9,1600,0,1,3,,1,430,"STATE ROUTE 43","LACEY BLVD",0.00,,Y,A,-,Y,,,43,,,,,,,Y,4,0,1,1,A,-,08,22107,,N,E,I,A,A,H,-,A,D,0,,,,Y,Y,,G,25,0,0,1,0,0,0,0,0,0,"- ","- ",36.329288482666016,-119.60085296630859,KINGS,UNINCORPORATED,-119.60094451904297,36.329288482666016
91300931,2020,2020-09-08,9495,2020-07-18,0250,021213,,6,3,9,1600,0,1,1,,2,004,"INTERSTATE 5 NORTHBOUND","MILHAM AVENUE",8976.00,N,N,A,-,Y,,,5,,,,,,N,Y,1,1,0,1,A,-,08,22107,,N,F,A,A,A,H,-,D,D,0,,,,,Y,,A,01,0,0,0,0,0,0,0,0,0,"- ","- ",36.024398803710938,-120.01239013671875,KINGS,UNINCORPORATED,-120.01237487792969,36.024417877197266
91301362,2020,2020-09-09,9440,2020-09-01,0350,017630,,2,3,9,1600,0,3,5,,2,020,"JERSEY AVENUE","15TH AVENUE",1600.00,W,N,A,-,N,,,,,,,,,,Y,4,0,1,2,A,-,03,22350,,N,D,C,A,A,H,-,D,D,0,,,,,Y,,A,07,0,0,1,0,0,0,0,0,0,"- ","- ",36.240650177001953,-119.732177734375,KINGS,UNINCORPORATED,-119.73212432861328,36.240188598632812
91301646,2020,2020-09-09,9440,2020-08-28,0325,018137,,5,3,9,1600,0,2,4,,1,069,"18TH AVENUE","IDAHO AVENUE",1056.00,S,N,A,-,N,,,,,,,,,,Y,4,0,1,2,A,-,03,22350,,N,C,C,A,A,H,-,D,D,0,,,,,Y,,A,07,0,0,1,0,0,0,0,0,0,"- ","- ",36.264778137207031,-119.78098297119141,KINGS,UNINCORPORATED,-119.78092956542969,36.266269683837891
91301654,2020,2020-12-10,9440,2020-08-28,1931,016961,,5,2,9,1600,0,3,5,,2,020,"IDAHO AVE","15TH AVE",1584.00,E,N,A,-,N,,,,,,,,,,Y,4,0,2,1,A,-,01,23152,A,N,E,I,A,A,H,-,B,D,0,,,,,Y,Y,A,01,0,0,2,0,0,0,0,0,0,"- ","- ",36.160831451416016,-119.43171691894531,KINGS,UNINCORPORATED,-119.72151184082031,36.269210815429688
91301711,2020,2020-09-09,9440,2020-09-01,2050,020936,,2,2,9,1600,0,1,3,,1,430,SR-43,"GRANGEVILLE BLVD",720.00,S,N,A,-,Y,,,43,,,,,,,Y,3,0,1,1,A,-,08,22107,,N,E,I,A,A,H,-,D,D,0,,,,,Y,,A,01,0,1,0,0,0,0,0,0,0,"- ","- ",36.340461730957031,-119.60108947753906,KINGS,UNINCORPORATED,-119.60092163085938,36.340457916259766
91302576,2020,2020-09-10,9440,2020-09-04,1112,018639,,5,1,9,1600,0,2,4,,1,046,"LACEY BLVD",SR-41,1056.00,E,N,A,-,N,,,,,,,,,,Y,3,0,1,1,A,-,08,22107,,N,F,A,A,A,H,-,A,D,0,,,,,Y,,A,07,0,1,0,0,0,0,0,0,0,"- ","- ",36.327880859375,-119.80439758300781,KINGS,UNINCORPORATED,-119.80458831787109,36.327964782714844
91302585,2020,2020-11-03,9440,2020-09-05,2045,017630,,6,2,9,1600,0,2,4,,1,045,"GRANGEVILLE BOULEVARD","16TH AVENUE",0.00,,Y,A,-,N,,,,,,,,,,Y,4,0,1,2,A,-,09,21802,A,N,D,C,A,A,H,-,D,D,0,,,,,Y,,A,01,0,0,1,0,0,0,0,0,0,"- ","- ",36.342548370361328,-119.74498748779297,KINGS,UNINCORPORATED,-119.7447509765625,36.34259033203125
91304188,2020,2020-09-14,9495,2020-09-06,2223,021303,,7,3,9,1600,0,3,5,,2,054,"25TH AVE","UTICA AVE",30.00,N,N,A,-,N,,,,,,,,,,Y,4,0,1,1,A,-,03,22350,,N,E,I,A,A,H,-,D,A,0,,,,,Y,,A,08,0,0,1,0,0,0,0,0,0,"- ","- ",35.934688568115234,-119.92440795898438,KINGS,UNINCORPORATED,-119.92478179931641,35.934688568115234
91304989,2020,2020-09-15,9440,2020-09-04,1810,018450,,5,2,9,1600,0,3,5,,2,010,"1ST AVE","IDAHO AVE",0.00,,Y,A,-,N,,,,,,,,,,Y,3,0,1,2,A,-,09,21802,A,N,D,C,A,A,H,-,A,A,0,,,,Y,Y,,D,22,0,1,0,0,0,0,0,0,0,"- ","- ",36.269660949707031,-119.47441864013672,KINGS,UNINCORPORATED,-119.47461,36.26905
91305147,2020,2020-09-15,9440,2020-09-05,1645,021114,,6,2,9,1600,0,1,3,,1,410,"SR-41 N/B","LACEY BLVD",40.00,N,N,A,-,Y,,,41,,,,,,N,Y,4,0,1,2,A,-,09,21802,A,N,C,C,A,A,H,-,A,A,0,,,,,Y,,A,01,0,0,1,0,0,0,0,0,0,"- ","- ",36.328090667724609,-119.80792236328125,KINGS,UNINCORPORATED,-119.80778503417969,36.328090667724609
91305156,2020,2020-09-15,9440,2020-09-06,0105,020947,,7,3,9,1600,0,3,5,,2,010,"FAIRFAX AVE","2ND AVE",0.00,,Y,A,-,N,,,,,,,,,,Y,4,0,1,1,A,-,01,23152,A,N,E,I,A,A,H,-,D,D,0,,,,,Y,Y,A,01,0,0,1,0,0,0,0,0,0,"- ","- ",36.348220825195312,-119.49308013916016,KINGS,UNINCORPORATED,-119.49298095703125,36.348079681396484
91305160,2020,2020-09-15,9440,2020-09-05,2255,020998,,6,3,9,1600,0,2,4,,1,061,"6TH AVE","REDDING AVE",960.00,N,N,A,-,N,,,,,,,,,,Y,2,0,3,1,A,-,08,22107,,N,E,I,A,A,H,-,D,D,0,,,,,Y,,A,01,2,0,1,0,0,0,0,0,0,"- ","- ",36.024269104003906,-119.57209777832031,KINGS,UNINCORPORATED,-119.57199859619141,36.024173736572266
91305753,2020,2020-09-16,9440,2020-09-09,1650,021114,,3,2,9,1600,0,2,4,,1,045,"GRANGEVILLE BLVD","16 1/2 AVE",60.00,E,N,A,-,N,,,,,,,,,,Y,4,0,1,4,A,-,03,22350,,N,C,C,A,A,H,-,A,D,0,,,,,Y,,A,01,0,0,1,0,0,0,0,0,0,"- ","- ",36.34259033203125,-119.75351715087891,KINGS,UNINCORPORATED,-119.75357818603516,36.342571258544922
91305931,2020,2020-09-16,9440,2020-09-10,1248,015975,,4,1,9,1600,0,1,3,,1,198,"SR-198 W/B","6TH AVE",0.00,,Y,B,-,Y,,,198,,,,,,W,Y,4,0,2,2,A,-,12,22450,A,N,D,C,A,A,H,-,A,A,0,,,,,Y,,A,08,0,0,2,0,0,0,0,0,0,"- ","- ",36.328548431396484,-119.56513977050781,KINGS,UNINCORPORATED,-119.56513977050781,36.328227996826172
9130635,2020,2020-11-05,1602,2020-06-08,1146,1427,46,1,5,4,1602,0,0,0,,0,001,"N 12TH AV","LACEY BL",120.00,N,N,A,-,N,,,,,,,,,,Y,3,0,1,2,A,-,09,21804,A,N,B,C,A,A,H,-,A,A,0,,,,,Y,,A,01,0,1,0,0,0,0,0,0,0,"- ","- ",36.328018188476562,-119.67282104492188,KINGS,HANFORD,-119.67299652099609,36.328468322753906
91306623,2020,2020-09-17,9440,2020-09-13,0750,016961,,7,1,9,1600,0,2,4,,1,061,"6TH AVE","FLINT AVE",2640.00,N,N,B,-,N,,,,,,,,,,Y,4,0,1,1,A,-,08,22107,,N,F,A,A,A,H,-,A,D,0,,,,,Y,,A,01,0,0,1,0,0,0,0,0,0,"- ","- ",36.224811553955078,-119.33540344238281,KINGS,UNINCORPORATED,-119.56500244140625,36.379215240478516
9130736,2020,2020-10-05,1602,2020-07-14,1739,1465,39,2,5,4,1602,0,0,0,,0,001,"WEST LACEY BL","CAMPUS DR",0.00,,Y,A,-,N,,,,,,,,,,Y,4,0,1,2,A,-,12,21453,A,N,D,C,A,A,H,-,A,A,0,,,,,Y,,A,07,0,0,1,0,0,0,0,0,0,"- ","- ",36.322799682617188,-119.66297912597656,KINGS,HANFORD,-119.66300201416016,36.328010559082031
91307869,2020,2020-09-21,9440,2020-09-08,0425,020936,,2,3,9,1600,0,2,4,,1,064,"11TH AVE","JACKSON AVE",89.00,N,N,A,-,N,,,,,,,,,,Y,3,0,1,2,A,-,01,23152,A,N,C,C,A,A,H,-,C,A,0,,,,Y,Y,Y,A,01,0,1,0,0,0,0,0,0,0,"- ","- ",36.255081176757812,-119.65489196777344,KINGS,UNINCORPORATED,-119.65486907958984,36.255073547363281
91307875,2020,2020-09-21,9440,2020-09-05,1159,018639,,6,1,9,1600,0,1,3,,1,198,"SR-198 W/B","6TH AVENUE",0.00,,Y,A,-,Y,,,198,,,,,,W,Y,3,0,2,2,A,-,21,22106,,F,D,C,A,A,H,-,A,D,0,,,,,Y,,D,22,0,1,1,0,0,0,0,0,0,"- ","- ",36.328521728515625,-119.56513214111328,KINGS,UNINCORPORATED,-119.56513214111328,36.328227996826172
91308534,2020,2020-09-21,9440,2020-09-14,0530,016961,,1,3,9,1600,0,2,4,,1,047,"HANFORD ARMONA RD","RANDALL CIR",1056.00,W,N,A,-,N,,,,,,,,,,Y,4,0,1,2,A,-,01,23152,F,M,E,I,A,A,H,-,C,D,0,,,,,Y,,A,01,0,0,1,0,0,0,0,0,0,"- ","- ",36.313518524169922,-119.717041015625,KINGS,UNINCORPORATED,-119.71697235107422,36.313507080078125
91312882,2020,2020-09-28,9440,2020-09-21,1630,018450,,1,2,9,1600,0,1,3,,1,410,SR-41,"OMAHA AVE",2640.00,S,N,A,-,Y,,,41,,,,,,,Y,2,0,4,4,A,-,06,21751,,N,A,C,A,A,H,-,A,D,0,,,,,Y,,A,01,2,2,0,0,0,0,0,0,0,"- ","- ",36.089828491210938,-119.91310882568359,KINGS,UNINCORPORATED,-119.91310882568359,36.089828491210938
91314355,2020,2020-09-29,9440,2020-06-09,1015,016585,,2,1,9,1600,0,2,4,,1,062,"10TH AVE","KENT AVE",471.00,S,N,A,-,N,,,,,,,,,,Y,1,1,0,2,A,-,03,22350,,N,C,C,A,A,H,-,A,D,0,,,Y,,Y,,D,22,0,0,0,0,0,0,0,1,0,"- ","- ",36.224800109863281,-119.63688659667969,KINGS,UNINCORPORATED,-119.63684844970703,36.224876403808594
9131466,2020,2020-09-12,1602,2020-06-25,1153,1465,25,4,5,4,1602,0,0,0,,0,001,"N 11TH AV","NEVILLE ST",114.00,N,N,A,-,N,,,,,,,,,,N,3,0,1,2,A,-,06,21760,B,N,B,G,A,A,C,E,A,D,0,,Y,,,Y,,-,,0,1,0,0,0,0,1,0,0,"- ","- ",36.341411590576172,-119.65470886230469,KINGS,HANFORD,-119.65513610839844,36.341152191162109
91314761,2020,2020-09-30,9440,2020-09-20,0210,020936,,7,3,9,1600,0,2,4,,1,069,"18TH AVENUE","JERSEY AVE",1584.00,N,N,A,-,N,,,,,,,,,,Y,3,0,3,1,A,-,08,22107,,N,E,I,A,A,H,-,C,D,0,,,,,Y,,A,01,0,1,2,0,0,0,0,0,0,"- ","- ",36.243831634521484,-119.78070068359375,KINGS,UNINCORPORATED,-119.78082275390625,36.244457244873047
91315131,2020,2020-09-30,9440,2020-09-26,0950,016774,,6,1,9,1600,0,1,3,,1,410,SR-41,"QUEBEC AVE",2640.00,N,N,A,-,Y,,,41,,,,,,,Y,2,0,1,1,A,-,08,22107,,N,F,A,A,A,H,-,A,D,0,,,Y,,Y,,C,02,1,0,0,0,0,0,0,0,1,"- ","- ",36.057209014892578,-119.94178771972656,KINGS,UNINCORPORATED,-119.94144439697266,36.057029724121094
91315220,2020,2020-09-30,9495,2020-09-26,0910,020246,,6,1,9,1600,0,1,1,,2,004,"INTERSTATE 5 NORTHBOUND","MILHAM AVE",1584.00,S,N,A,-,Y,,,5,,,,,,N,Y,4,0,2,2,A,-,03,22350,,N,C,C,A,A,H,-,A,D,0,,,,Y,Y,,A,01,0,0,2,0,0,0,0,0,0,"- ","- ",36.005840301513672,-119.98368835449219,KINGS,UNINCORPORATED,-119.98369598388672,36.005832672119141
91315957,2020,2020-10-01,9440,2020-09-26,0754,018639,,6,1,9,1600,0,3,5,,2,020,"D STREET","17TH AVENUE",880.00,W,N,A,-,N,,,,,,,,,,Y,4,0,1,2,A,-,08,22107,,N,D,C,A,A,H,-,A,D,0,,,,,Y,,A,01,0,0,1,0,0,0,0,0,0,"- ","- ",36.29833984375,-119.76580810546875,KINGS,UNINCORPORATED,-119.76583862304688,36.298351287841797
91316041,2020,2020-10-01,9440,2020-09-22,0626,016961,,2,1,9,1600,0,2,4,,1,049,"JACKSON AVE","18TH AVE",1392.00,W,N,A,-,N,,,,,,,,,,Y,4,0,2,2,A,-,01,23152,A,N,B,C,A,A,H,-,A,D,0,,,,Y,Y,Y,A,01,0,0,2,0,0,0,0,0,0,"- ","- ",36.254550933837891,-119.78566741943359,KINGS,UNINCORPORATED,-119.78554534912109,36.254642486572266
91316355,2020,2020-10-02,9440,2020-09-29,1325,017161,,2,1,9,1600,0,2,4,,1,061,"6TH AVE","REDDING AVE",1056.00,N,N,A,-,N,,,,,,,,,,Y,4,0,1,1,A,-,08,22107,,N,E,I,A,A,H,-,A,D,0,,,,,Y,,D,22,0,0,1,0,0,0,0,0,0,"- ","- ",36.024238586425781,-119.57209014892578,KINGS,UNINCORPORATED,-119.57199859619141,36.024436950683594
91317277,2020,2020-10-05,9440,2020-09-24,0010,020936,,4,3,9,1600,0,1,3,,1,410,"SR-41 N/B","FARGO AVE",40.00,N,N,A,-,Y,,,41,,,,,,N,Y,2,0,1,1,A,-,08,22107,,N,F,A,A,A,H,-,D,D,0,,,,,Y,,A,01,1,0,0,0,0,0,0,0,0,"- ","- ",36.357151031494141,-119.8082275390625,KINGS,UNINCORPORATED,-119.80827331542969,36.357147216796875