CASE_ID,ACCIDENT_YEAR,PROC_DATE,JURIS,COLLISION_DATE,COLLISION_TIME,OFFICER_ID,REPORTING_DISTRICT,DAY_OF_WEEK,CHP_SHIFT,POPULATION,CNTY_CITY_LOC,SPECIAL_COND,BEAT_TYPE,CHP_BEAT_TYPE,CITY_DIVISION_LAPD,CHP_BEAT_CLASS,BEAT_NUMBER,PRIMARY_RD,SECONDARY_RD,DISTANCE,DIRECTION,INTERSECTION,WEATHER_1,WEATHER_2,STATE_HWY_IND,CALTRANS_COUNTY,CALTRANS_DISTRICT,STATE_ROUTE,ROUTE_SUFFIX,POSTMILE_PREFIX,POSTMILE,LOCATION_TYPE,RAMP_INTERSECTION,SIDE_OF_HWY,TOW_AWAY,COLLISION_SEVERITY,NUMBER_KILLED,NUMBER_INJURED,PARTY_COUNT,PRIMARY_COLL_FACTOR,PCF_CODE_OF_VIOL,PCF_VIOL_CATEGORY,PCF_VIOLATION,PCF_VIOL_SUBSECTION,HIT_AND_RUN,TYPE_OF_COLLISION,MVIW,PED_ACTION,ROAD_SURFACE,ROAD_COND_1,ROAD_COND_2,LIGHTING,CONTROL_DEVICE,CHP_ROAD_TYPE,PEDESTRIAN_ACCIDENT,BICYCLE_ACCIDENT,MOTORCYCLE_ACCIDENT,TRUCK_ACCIDENT,NOT_PRIVATE_PROPERTY,ALCOHOL_INVOLVED,STWD_VEHTYPE_AT_FAULT,CHP_VEHTYPE_AT_FAULT,COUNT_SEVERE_INJ,COUNT_VISIBLE_INJ,COUNT_COMPLAINT_PAIN,COUNT_PED_KILLED,COUNT_PED_INJURED,COUNT_BICYCLIST_KILLED,COUNT_BICYCLIST_INJURED,COUNT_MC_KILLED,COUNT_MC_INJURED,PRIMARY_RAMP,SECONDARY_RAMP,LATITUDE,LONGITUDE,COUNTY,CITY,POINT_X,POINT_Y
91318322,2020,2020-10-19,9440,2020-09-28,0242,019220,,1,3,9,1600,0,3,5,,2,010,"PLYMOUTH AVE","PLYMOUTH AVE CROSS",100.00,N,N,A,-,N,,,,,,,,,,Y,2,0,1,1,A,-,01,23152,A,N,E,I,A,A,H,-,D,D,0,,,,,Y,Y,A,01,1,0,0,0,0,0,0,0,0,"- ","- ",36.069789886474609,-119.53684997558594,KINGS,UNINCORPORATED,,
91318602,2020,2020-10-06,9440,2020-10-01,2300,020998,,4,3,9,1600,0,1,3,,1,430,"SR-43 N/B","GRANGEVILLE BLVD",1584.00,N,N,A,-,Y,,,43,,,,,,N,Y,4,0,1,3,A,-,08,22107,,N,E,I,A,A,H,-,D,D,0,,,,Y,Y,Y,D,22,0,0,1,0,0,0,0,0,0,"- ","- ",36.347240447998047,-119.60279083251953,KINGS,UNINCORPORATED,-119.60281372070312,36.347209930419922
91319500,2020,2020-10-07,9440,2020-10-05,0635,015975,,1,1,9,1600,0,1,3,,1,198,"SR-198 W/B","AVENAL CUTOFF RD",1584.00,W,N,A,-,Y,,,198,,,,,,W,Y,4,0,1,1,A,-,08,22107,,N,F,A,A,A,H,-,B,D,0,,,,,Y,,A,01,0,0,1,0,0,0,0,0,0,"- ","- ",36.255508422851562,-119.87599182128906,KINGS,UNINCORPORATED,-119.87599182128906,36.255535125732422
9132032,2020,2020-10-03,1602,2020-07-04,0031,14102,54,6,5,4,1602,0,0,0,,0,001,"OLIVE AV","OLIVE AV 940",0.00,,-,A,-,N,,,,,,,,,,Y,4,0,1,6,A,-,01,23152,F,N,A,E,A,A,H,-,C,D,0,,,,,Y,,-,,0,0,1,0,0,0,0,0,0,"- ","- ",36.314468383789062,-119.66306304931641,KINGS,HANFORD,-119.66274799999999,36.314450999999998
9132040,2020,2020-10-12,1602,2020-07-19,0015,14101,42,7,5,4,1602,0,0,0,,0,002,"E FLORINDA ST","GREEN ST",0.00,,Y,A,-,N,,,,,,,,,,Y,3,0,1,4,A,-,01,23152,A,M,C,E,A,A,H,-,C,D,0,,,,Y,Y,Y,A,01,0,1,0,0,0,0,0,0,0,"- ","- ",36.334609985351562,-119.64347076416016,KINGS,HANFORD,-119.64112854003906,36.334911346435547
9132124,2020,2020-09-29,1602,2020-07-09,1349,1421,40,4,5,4,1602,0,0,0,,0,002,"N 11TH AV","LACEY BL",147.00,S,N,A,-,N,,,,,,,,,,Y,3,0,1,2,A,-,09,21804,A,N,D,C,A,A,H,-,A,A,0,,,,,Y,,A,07,0,1,0,0,0,0,0,0,0,"- ","- ",36.328128814697266,-119.65521240234375,KINGS,HANFORD,-119.65515899658203,36.327648162841797
9132125,2020,2020-11-24,1602,2020-07-11,1807,1496,46,6,5,4,1602,0,0,0,,0,001,"RT 198","12TH AV",17.00,E,N,A,-,Y,KIN,6,198,-,R,17.070,R,1,W,N,4,0,1,2,A,-,21,22106,,N,C,C,A,A,H,-,A,A,0,,,,,Y,,A,01,0,0,1,0,0,0,0,0,0,WF,"- ",36.320541381835938,-119.67192840576172,KINGS,HANFORD,-119.67001342773438,36.319122314453125
91321910,2020,2020-10-12,9440,2020-10-08,0810,015975,,4,1,9,1600,0,1,3,,1,430,SR-43,"CROSS CREEK BRIDGE",2640.00,S,N,A,-,Y,,,43,,,,,,,Y,4,0,2,2,A,-,03,22350,,N,C,C,A,A,H,-,A,D,0,,,,Y,Y,,G,25,0,0,2,0,0,0,0,0,0,"- ","- ",36.166999816894531,-119.60032653808594,KINGS,UNINCORPORATED,-119.60042572021484,36.167003631591797
91322359,2020,2020-10-12,9440,2020-10-11,1550,021086,,7,2,9,1600,0,1,3,,1,198,"STATE ROUTE 198 E/B","10TH AVENUE",7.00,W,N,A,-,Y,,,198,,,,,,E,Y,4,0,1,2,A,-,07,21658,A,M,C,C,A,A,H,-,A,D,0,,,,,Y,,-,99,0,0,1,0,0,0,0,0,0,"- ","- ",36.324089050292969,-119.63716125488281,KINGS,UNINCORPORATED,-119.63715362548828,36.324066162109375
91323077,2020,2020-10-13,9495,2020-10-06,1615,019104,,2,2,9,1600,0,1,3,,1,010,"STATE ROUTE 41","YORK AVENUE",7392.00,N,N,B,-,Y,,,41,,,,,,,Y,4,0,2,1,A,-,08,22107,,N,E,I,A,A,H,-,A,D,0,,,,,Y,,A,07,0,0,2,0,0,0,0,0,0,"- ","- ",35.839328765869141,-120.08663177490234,KINGS,UNINCORPORATED,-120.08667755126953,35.83935546875
91325923,2020,2020-10-19,9440,2020-10-13,1015,015975,,2,1,9,1600,0,3,5,,2,010,"ORCHARD ST","10TH AVE",48.00,E,N,A,-,N,,,,,,,,,,Y,3,0,1,1,A,-,01,23152,F,M,E,I,A,A,H,-,A,D,0,,,,,Y,,A,01,0,1,0,0,0,0,0,0,0,"- ","- ",36.30596923828125,-119.63658905029297,KINGS,UNINCORPORATED,-119.63677978515625,36.306007385253906
91326261,2020,2020-10-19,9440,2020-10-17,0830,019226,,6,1,9,1600,0,3,5,,2,020,"IDAHO AVENUE","16TH AVENUE",1584.00,W,N,A,-,N,,,,,,,,,,Y,3,0,1,1,A,-,08,22107,,N,E,I,A,A,H,-,A,D,0,,,,,Y,,A,01,0,1,0,0,0,0,0,0,0,"- ","- ",36.269359588623047,-119.75318908691406,KINGS,UNINCORPORATED,-119.75000762939453,36.269454956054688
91327049,2020,2020-10-20,9440,2020-10-16,1638,020333,,5,2,9,1600,0,2,4,,1,062,"10TH AVE","KENT AVE",0.00,,Y,A,-,N,,,,,,,,,,Y,3,0,1,2,A,-,09,21802,A,N,D,C,A,A,H,-,A,A,0,,,,,Y,,A,08,0,1,0,0,0,0,0,0,0,"- ","- ",36.226219177246094,-119.63690948486328,KINGS,UNINCORPORATED,-119.63684844970703,36.226169586181641
91327924,2020,2020-10-21,9440,2020-10-12,1650,018450,,1,2,9,1600,0,2,4,,1,046,"LACEY BLVD","18 3/4 AVE",1016.00,W,N,A,-,N,,,,,,,,,,Y,3,0,1,2,A,-,03,22350,,N,C,C,A,A,H,-,A,D,0,,,,,Y,,A,01,0,1,0,0,0,0,0,0,0,"- ","- ",36.327949523925781,-119.79429626464844,KINGS,UNINCORPORATED,-119.79767608642578,36.327968597412109
9132811,2020,2020-09-09,1602,2020-07-03,1155,1493,42,5,5,4,1602,0,0,0,,0,002,"E FLORINDA ST","N DOUTY ST",0.00,,Y,A,-,N,,,,,,,,,,Y,4,0,1,2,A,-,09,21801,A,N,D,C,A,A,H,-,A,A,0,,,,,Y,,A,01,0,0,1,0,0,0,0,0,0,"- ","- ",36.334911346435547,-119.64602661132812,KINGS,HANFORD,-119.64604949951172,36.33489990234375
91330966,2020,2020-10-26,9440,2020-10-14,2050,021086,,3,2,9,1600,0,2,4,,1,048,"HOUSTON AVENUE","6TH AVENUE",10032.00,E,N,A,-,N,,,,,,,,,,Y,2,0,1,1,A,-,01,23152,A,N,E,I,A,A,H,-,D,D,0,,,,,Y,Y,A,01,1,0,0,0,0,0,0,0,0,"- ","- ",36.298721313476562,-119.52548217773438,KINGS,UNINCORPORATED,-119.53114318847656,36.299037933349609
91331196,2020,2020-10-26,9495,2020-10-16,2025,021300,,5,2,9,1600,0,1,3,,1,010,"STATE ROUTE 41","BULLWHEEL RIDGE ROAD.",100.00,S,N,A,-,Y,,,41,,,,,,,Y,3,0,1,1,A,-,08,22107,,N,F,A,A,A,H,-,D,D,0,,,,,Y,,A,01,0,1,0,0,0,0,0,0,0,"- ","- ",35.965671539306641,-119.97418975830078,KINGS,UNINCORPORATED,-119.97406768798828,35.965549468994141
91331588,2020,2020-10-26,9440,2020-10-16,1440,021086,,5,2,9,1600,0,1,3,,1,430,"STATE ROUTE 43","10TH AVE",0.00,,Y,A,-,Y,,,43,,,,,,,Y,3,0,2,2,A,-,09,21802,A,N,D,C,A,A,H,-,A,A,0,,,,Y,Y,,A,01,0,1,1,0,0,0,0,0,0,"- ","- ",36.366291046142578,-119.63593292236328,KINGS,UNINCORPORATED,-119.63585662841797,36.366352081298828
91331974,2020,2020-10-27,9440,2020-10-21,0805,016585,,3,1,9,1600,0,3,5,,2,010,"CORONA AVE.","9TH AVE.",705.00,E,N,A,-,N,,,,,,,,,,Y,3,0,1,1,A,-,08,22107,,N,F,A,A,A,H,-,A,D,0,,,,,Y,,A,07,0,1,0,0,0,0,0,0,0,"- ","- ",36.264209747314453,-119.36578369140625,KINGS,UNINCORPORATED,-119.61601257324219,36.445243835449219
91333776,2020,2020-10-29,9440,2020-10-20,0556,016961,,2,3,9,1600,0,1,3,,1,410,"SR-41 N/B","OMAHA AVE",22.00,S,N,A,-,Y,,,,,,,,,,Y,4,0,2,2,A,-,03,22350,,N,C,C,A,A,H,-,D,D,0,,,,,Y,,A,01,0,0,2,0,0,0,0,0,0,"- ","- ",36.094070434570312,-119.19052124023438,KINGS,UNINCORPORATED,-119.9105224609375,36.094005584716797
91335758,2020,2020-10-30,9495,2020-10-17,1700,021300,,6,2,9,1600,0,1,1,,2,004,"INTERSTATE 5 NORTHBOUND","QUEBEC AVENUE",7920.00,S,N,A,-,Y,,,5,,,,,,N,Y,3,0,3,1,A,-,08,22107,,N,F,I,A,A,H,-,A,D,0,,,,,Y,,D,22,0,3,0,0,0,0,0,0,0,"- ","- ",36.041301727294922,-120.04180145263672,KINGS,UNINCORPORATED,-120.04182434082031,36.041248321533203
91338377,2020,2020-11-03,9440,2020-10-25,1354,018639,,7,1,9,1600,0,2,4,,1,060,"2ND AVENUE","HOUSTON AVENUE",2798.00,N,N,A,-,N,,,,,,,,,,Y,4,0,1,2,A,-,09,21801,A,N,D,C,A,A,H,-,A,D,0,,,,,Y,,D,22,0,0,1,0,0,0,0,0,0,"- ","- ",36.305591583251953,-119.49266815185547,KINGS,UNINCORPORATED,-119.49263763427734,36.305446624755859
91338840,2020,2020-11-04,9440,2020-09-19,1533,017630,,6,2,9,1600,0,1,3,,1,198,"STATE ROUTE 198 EASTBOUND","HANFORD-ARMONA ROAD",813.00,W,N,A,-,Y,,,198,,,,,,E,Y,1,1,1,3,A,-,03,22350,,N,C,C,A,A,H,-,A,D,0,,,,Y,Y,,F,26,1,0,0,0,0,0,0,0,0,"- ","- ",36.313190460205078,-119.69522857666016,KINGS,UNINCORPORATED,-119.69524383544922,36.313232421875
91339045,2020,2020-11-04,9440,2020-10-23,1900,021086,,5,2,9,1600,0,3,5,,2,020,"15TH AVENUE","IDAHO AVENUE",0.00,,Y,A,-,N,,,,,,,,,,Y,2,0,2,2,A,-,01,23152,A,N,D,C,A,A,H,-,D,A,0,,,,,Y,Y,A,01,1,0,1,0,0,0,0,0,0,"- ","- ",36.269149780273438,-119.72689819335938,KINGS,UNINCORPORATED,-119.72688293457031,36.269161224365234
91339593,2020,2020-11-04,9440,2020-10-29,0620,016585,,4,1,9,1600,0,1,3,,1,430,SR-43,"8 1/2 AVE",0.00,,Y,A,-,Y,,,43,,,,,,,Y,4,0,3,2,A,-,09,21802,A,N,D,C,A,A,H,-,D,A,0,,,,,Y,,A,07,0,0,3,0,0,0,0,0,0,"- ","- ",36.351371765136719,-119.61002349853516,KINGS,UNINCORPORATED,-119.61001586914062,36.351383209228516
91340274,2020,2020-11-05,9440,2020-10-28,0655,021086,,3,1,9,1600,0,2,4,,1,068,"17TH AVENNUE","HOUSTON AVE",1667.00,N,N,A,-,N,,,,,,,,,,Y,3,0,1,1,A,-,08,22107,,N,F,A,A,A,H,-,A,D,0,,,,,Y,,A,07,0,1,0,0,0,0,0,0,0,"- ","- ",36.303028106689453,-119.76286315917969,KINGS,UNINCORPORATED,-119.7628173828125,36.3028564453125
91340821,2020,2020-11-06,9440,2020-10-27,1353,017161,,2,1,9,1600,0,2,4,,1,046,"LACEY BLVD","18 3/4 AVE",0.00,,Y,A,-,N,,,,,,,,,,Y,3,0,3,2,A,-,09,21801,A,N,A,C,A,A,H,-,A,D,0,,,,,Y,,A,07,0,1,2,0,0,0,0,0,0,"- ","- ",36.327949523925781,-119.7943115234375,KINGS,UNINCORPORATED,-119.79422760009766,36.327968597412109
91340853,2020,2020-11-06,9440,2020-10-30,2337,020998,,5,3,9,1600,0,3,5,,2,020,"IDAHO AVE","14TH AVE",0.00,,Y,A,-,N,,,,,,,,,,Y,4,0,2,2,A,-,09,21802,A,N,D,C,A,A,H,-,D,A,0,,,,,Y,,D,22,0,0,2,0,0,0,0,0,0,"- ","- ",36.269309997558594,-119.70900726318359,KINGS,UNINCORPORATED,-119.70902252197266,36.269329071044922
91340857,2020,2020-11-06,9440,2020-10-28,0640,016774,,3,1,9,1600,0,2,4,,1,061,"6TH AVE","CLINTON AVE",377.00,N,N,A,-,N,,,,,,,,,,Y,2,0,2,2,A,-,01,23152,F,N,A,C,A,A,H,-,A,D,0,,,,,Y,,A,07,2,0,0,0,0,0,0,0,0,"- ","- ",36.452369689941406,-119.56452178955078,KINGS,UNINCORPORATED,-119.56450653076172,36.453403472900391
91340990,2020,2020-11-06,9440,2020-10-27,0938,016961,,2,1,9,1600,0,3,5,,2,010,"OTTAWA AVE","7TH AVE",75.00,E,N,A,-,N,,,,,,,,,,Y,4,0,1,1,A,-,03,22350,,N,F,A,A,A,H,-,A,D,0,,,,Y,Y,,G,25,0,0,1,0,0,0,0,0,0,"- ","- ",36.083511352539062,-119.58997344970703,KINGS,UNINCORPORATED,-119.58958435058594,36.083538055419922
91341271,2020,2020-11-06,9440,2020-10-30,1622,017630,,5,2,9,1600,0,1,3,,1,198,"SR-198 W/B","11TH AVENUE",600.00,W,N,A,-,Y,,,,,,,,,,Y,2,0,5,3,A,-,03,22350,,N,C,C,A,A,H,-,A,D,0,,,,Y,Y,,A,07,2,2,1,0,0,0,0,0,0,"- ","- ",36.320770263671875,-119.65952301025391,KINGS,UNINCORPORATED,-119.65716552734375,36.321113586425781
91341315,2020,2020-11-06,9440,2020-10-26,2035,017161,,1,2,9,1600,0,1,3,,1,430,SR-43,"DENVER AVE.",457.00,S,N,A,-,Y,,,43,,,,,,,Y,4,0,2,3,A,-,01,23152,F,N,B,C,A,A,H,-,D,D,0,,,,,Y,,A,01,0,0,2,0,0,0,0,0,0,"- ","- ",36.429439544677734,-119.63639068603516,KINGS,UNINCORPORATED,-119.63638305664062,36.429439544677734
91341923,2020,2020-11-09,9440,2020-08-30,1742,017161,,7,2,9,1600,0,2,4,,1,041,"EXCELSIOR AVE.","13TH AVE",0.00,,Y,A,-,N,,,,,,,,,,Y,1,1,0,2,A,-,01,23152,F,N,D,C,A,A,H,-,A,D,0,,,Y,,Y,,C,02,0,0,0,0,0,0,0,1,0,"- ","- ",36.401138305664062,-119.69097137451172,KINGS,UNINCORPORATED,-119.69097137451172,36.401168823242188
91341936,2020,2020-11-09,9440,2020-11-02,1740,020998,,1,2,9,1600,0,2,4,,1,062,"10TH AVE","HANFORD ARMONA RD",1320.00,S,N,A,-,N,,,,,,,,,,N,3,0,2,2,A,-,09,21804,A,N,C,C,A,A,H,-,C,D,0,,,,,Y,,E,22,0,2,0,0,0,0,0,0,0,"- ","- ",36.310501098632812,-119.63693237304688,KINGS,UNINCORPORATED,-119.63694000244141,36.309757232666016
91341997,2020,2020-11-09,9440,2020-10-31,1255,016585,,6,1,9,1600,0,1,3,,1,198,"SR-198 W/B","HANFORD ARMONA RD",2083.00,W,N,A,-,Y,,,,,,,,,,Y,4,0,1,2,A,-,07,21658,A,N,E,I,A,A,H,-,A,D,0,,,,,Y,,D,22,0,0,1,0,0,0,0,0,0,"- ","- ",36.184230804443359,-119.41593170166016,KINGS,UNINCORPORATED,-119.69935607910156,36.312046051025391
91342002,2020,2020-11-09,9440,2020-10-30,1715,021086,,5,2,9,1600,0,2,4,,1,061,"6TH AVENUE","STATE ROUTE 198",10.00,N,N,A,-,Y,,,,,,,,,,N,4,0,5,2,A,-,03,22350,,F,C,C,A,A,H,-,A,A,0,,,,,Y,,D,22,0,0,5,0,0,0,0,0,0,"- ","- ",36.328601837158203,-119.56520843505859,KINGS,UNINCORPORATED,,
91342289,2020,2020-11-09,9440,2020-11-03,1431,016961,,2,2,9,1600,0,2,4,,1,046,"LACEY BLVD","18TH AVE",0.00,,Y,A,-,N,,,,,,,,,,Y,4,0,2,2,A,-,09,21800,A,N,D,C,A,A,H,-,A,A,0,,,,,Y,,A,01,0,0,2,0,0,0,0,0,0,"- ","- ",36.327991485595703,-119.78076171875,KINGS,UNINCORPORATED,-119.78079223632812,36.327999114990234
91342294,2020,2020-11-09,9440,2020-10-28,1720,018450,,3,2,9,1600,0,1,3,,1,430,SR-43,"10TH AVE",0.00,,Y,A,-,Y,,,43,,,,,,,Y,4,0,1,2,A,-,09,21802,A,N,D,C,A,A,H,-,A,A,0,,,,,Y,,A,07,0,0,1,0,0,0,0,0,0,"- ","- ",36.366279602050781,-119.63591766357422,KINGS,UNINCORPORATED,-119.63584136962891,36.366344451904297
91343059,2020,2020-11-10,9440,2020-11-06,0528,016961,,5,3,9,1600,0,2,4,,1,050,"KANSAS AVE","12TH AVE",1584.00,E,N,A,-,N,,,,,,,,,,Y,4,0,1,1,A,-,08,22107,,N,F,A,A,A,H,-,D,D,0,,,,,Y,,A,01,0,0,1,0,0,0,0,0,0,"- ","- ",36.211128234863281,-119.67266845703125,KINGS,UNINCORPORATED,-119.66730499267578,36.211128234863281
91343109,2020,2020-11-10,9495,2020-11-02,1930,021300,,1,2,9,1600,0,1,1,,2,004,"INTERSTATE 5 NORTHBOUND","STATE ROUTE 41",2640.00,N,N,A,-,Y,,,5,,,,,,N,Y,4,0,1,2,A,-,08,22107,,N,B,C,A,A,H,-,D,D,0,,,,,Y,,A,01,0,0,1,0,0,0,0,0,0,"- ","- ",35.990108489990234,-119.9681396484375,KINGS,UNINCORPORATED,-119.96818542480469,35.990070343017578
91344782,2020,2020-11-13,9495,2020-11-03,1930,021303,,2,2,9,1600,0,1,1,,2,004,"INTERSTATE 5 S/B TO SR-41","STATE ROUTE 41",430.00,N,N,A,-,Y,,,5,,,,R,,S,Y,4,0,1,2,A,-,08,22107,,N,C,E,A,A,H,-,C,D,0,,,,Y,Y,,A,01,0,0,1,0,0,0,0,0,0,"- ","- ",35.981971740722656,-119.96170043945312,KINGS,UNINCORPORATED,-119.96170043945312,35.981971740722656
91346137,2020,2020-11-16,9440,2020-11-11,1725,018450,,3,2,9,1600,0,2,4,,1,041,"EXCELSIOR AVE","12 3/4 AVE",0.00,,Y,A,-,N,,,,,,,,,,Y,4,0,2,2,A,-,09,21801,A,N,A,C,A,A,H,-,C,D,0,,,,,Y,,A,01,0,0,2,0,0,0,0,0,0,"- ","- ",36.401218414306641,-119.68649291992188,KINGS,UNINCORPORATED,-119.68647766113281,36.401180267333984
91347225,2020,2020-11-17,9440,2020-11-08,1320,017161,,7,1,9,1600,0,2,4,,1,062,"10TH AVE.","NEVADA AVE.",2640.00,S,N,B,-,N,,,,,,,,,,Y,2,0,1,1,A,-,01,23152,A,N,F,A,A,A,H,-,A,D,0,,,,,Y,Y,D,22,1,0,0,0,0,0,0,0,0,"- ","- ",36.128219604492188,-119.64453887939453,KINGS,UNINCORPORATED,-119.6444091796875,36.130729675292969
91347240,2020,2020-11-17,9440,2020-11-07,0145,018137,,6,3,9,1600,0,1,3,,1,198,"SR-198 E/B TO 14TH AVENUE","14TH AVENUE",0.00,,Y,A,-,Y,,,198,,,,R,,E,Y,2,0,1,2,A,-,01,23152,F,N,D,C,A,A,H,-,C,A,0,,,,Y,Y,,D,22,1,0,0,0,0,0,0,0,0,"- ","- ",36.308551788330078,-119.70912933349609,KINGS,UNINCORPORATED,-119.70912933349609,36.308551788330078
91347482,2020,2020-11-18,9440,2020-11-09,0512,016961,,1,3,9,1600,0,1,3,,1,430,"SR-43 S/B","FLINT AVE",7.00,S,N,A,-,Y,,,43,,,,,,S,Y,4,0,1,1,A,-,01,23152,A,N,E,I,A,A,H,-,C,A,0,,,,,Y,Y,A,01,0,0,1,0,0,0,0,0,0,"- ","- ",36.3719482421875,-119.63700103759766,KINGS,UNINCORPORATED,-119.63703918457031,36.3719482421875
91347555,2020,2020-11-18,9440,2020-11-11,1612,017161,,3,2,9,1600,0,2,4,,1,046,"LACEY BLVD.","13TH AVE.",348.00,E,N,B,-,N,,,,,,,,,,Y,4,0,1,2,A,-,03,22350,,N,C,C,A,A,H,-,B,D,0,,,,,Y,,A,07,0,0,1,0,0,0,0,0,0,"- ","- ",36.328109741210938,-119.68975830078125,KINGS,UNINCORPORATED,-119.68981170654297,36.328071594238281
9134871,2020,2020-09-14,1602,2020-04-13,2202,1497,46,1,5,4,1602,0,0,0,,0,001,"W 7TH ST","N 11TH AV",0.00,,Y,A,-,N,,,,,,,,,,Y,4,0,3,2,A,-,12,21453,,F,D,C,A,A,H,-,C,A,0,,,,,Y,Y,A,71,0,0,3,0,0,0,0,0,0,"- ","- ",36.325229644775391,-119.65502166748047,KINGS,HANFORD,-119.65518188476562,36.325210571289062
91350234,2020,2020-11-20,9440,2020-11-17,0659,018639,,2,1,9,1600,0,2,4,,1,061,"6TH AVENUE","PARIS AVENUE",898.00,N,N,A,-,N,,,,,,,,,,Y,4,0,1,2,A,-,03,22350,,N,C,C,A,A,H,-,A,D,0,,,,,Y,,A,01,0,0,1,0,0,0,0,0,0,"- ","- ",36.067699432373047,-119.57196044921875,KINGS,UNINCORPORATED,-119.57198333740234,36.067634582519531
91350533,2020,2020-11-24,9440,2020-11-11,1340,018450,,3,1,9,1600,0,2,4,,1,050,"KANSAS AVE.","17TH AVE.",176.00,E,N,A,-,N,,,,,,,,,,Y,4,0,1,2,A,-,01,23152,A,M,B,C,A,A,H,-,A,A,0,,,,,Y,Y,A,01,0,0,1,0,0,0,0,0,0,"- ","- ",36.211189270019531,-119.76174163818359,KINGS,UNINCORPORATED,-119.76173400878906,36.211174011230469
91350599,2020,2020-11-20,9440,2020-11-12,1325,021086,,4,1,9,1600,0,2,4,,1,065,"IONA AVENUE","12TH AVENUE",0.00,,Y,A,-,N,,,,,,,,,,Y,4,0,2,2,A,-,09,21802,A,N,D,C,A,A,H,-,A,A,0,,,,,Y,,A,01,0,0,2,0,0,0,0,0,0,"- ","- ",36.283790588378906,-119.67275238037109,KINGS,UNINCORPORATED,-119.67270660400391,36.283779144287109
91351198,2020,2020-11-23,9440,2020-11-15,0015,020998,,7,3,9,1600,0,3,5,,2,030,"LAUREL AVENUE","23RD AVENUE",2112.00,E,N,A,-,N,,,,,,,,,,Y,3,0,1,1,A,-,08,22107,,N,F,A,A,A,H,-,D,D,0,,,,,Y,,A,01,0,1,0,0,0,0,0,0,0,"- ","- ",36.1893310546875,-119.865478515625,KINGS,UNINCORPORATED,-119.86473083496094,36.189449310302734
91351205,2020,2020-11-23,9495,2020-11-11,1905,019829,,3,2,9,1600,0,1,3,,1,010,"STATE ROUTE 41","STANDARD OIL AVENUE",0.00,,Y,A,-,Y,,,41,,,,,,,N,4,0,5,2,A,-,08,22107,,N,D,C,A,A,H,-,C,D,0,,,,,Y,,A,07,0,0,5,0,0,0,0,0,0,"- ","- ",36.009239196777344,-119.95931243896484,KINGS,UNINCORPORATED,-119.95930480957031,36.009239196777344
91351292,2020,2020-11-23,9440,2020-11-15,1327,017630,,7,1,9,1600,0,2,4,,1,064,"11TH AVENUE","KANSAS AVENUE",0.00,,Y,A,-,N,,,,,,,,,,Y,4,0,4,2,A,-,09,21802,A,N,D,C,A,A,H,-,A,A,0,,,,,Y,,A,01,0,0,4,0,0,0,0,0,0,"- ","- ",36.211170196533203,-119.6549072265625,KINGS,UNINCORPORATED,-119.65489959716797,36.211170196533203
91351626,2020,2020-11-23,9440,2020-10-03,0325,018137,,6,3,9,1600,0,1,3,,1,430,SR-43,"NEVADA AVE",2640.00,N,N,A,-,Y,,,43,,,,,,,Y,1,1,0,1,A,-,01,23152,A,N,E,I,A,A,H,-,D,D,0,,,,,Y,Y,A,01,0,0,0,0,0,0,0,0,0,"- ","- ",36.143329620361328,-119.58888244628906,KINGS,UNINCORPORATED,-119.58897399902344,36.143257141113281
91353558,2020,2020-11-25,9440,2020-11-19,0811,018639,,4,1,9,1600,0,1,3,,1,198,"SR-198 W/B","16TH AVENUE",37.00,W,N,A,-,Y,,,198,,,,,,W,Y,4,0,1,2,A,-,03,22350,,N,C,C,A,A,H,-,A,D,0,,,,,Y,,D,22,0,0,1,0,0,0,0,0,0,"- ","- ",36.300270080566406,-119.74519348144531,KINGS,UNINCORPORATED,-119.74517059326172,36.300205230712891
91353598,2020,2020-11-25,9440,2020-11-18,2100,018137,,3,2,9,1600,0,3,5,,2,020,"16TH AVENUE","IDAHO AVENUE",2112.00,N,N,A,-,N,,,,,,,,,,Y,2,0,1,1,A,-,01,23152,A,N,E,I,A,A,H,-,D,D,0,,,,,Y,Y,A,01,1,0,0,0,0,0,0,0,0,"- ","- ",36.278270721435547,-119.74472808837891,KINGS,UNINCORPORATED,-119.74467468261719,36.275356292724609
91353815,2020,2020-11-25,9440,2020-11-17,0042,020947,,2,3,9,1600,0,2,4,,1,062,"10TH AVE","NILES AVE",1794.00,N,N,A,-,N,,,,,,,,,,Y,2,0,2,1,A,-,08,22107,,N,F,A,A,A,H,-,D,D,0,,,,,Y,,A,01,1,1,0,0,0,0,0,0,0,"- ","- ",36.124210357666016,-119.64438629150391,KINGS,UNINCORPORATED,-119.64440155029297,36.121162414550781