CASE_ID,ACCIDENT_YEAR,PROC_DATE,JURIS,COLLISION_DATE,COLLISION_TIME,OFFICER_ID,REPORTING_DISTRICT,DAY_OF_WEEK,CHP_SHIFT,POPULATION,CNTY_CITY_LOC,SPECIAL_COND,BEAT_TYPE,CHP_BEAT_TYPE,CITY_DIVISION_LAPD,CHP_BEAT_CLASS,BEAT_NUMBER,PRIMARY_RD,SECONDARY_RD,DISTANCE,DIRECTION,INTERSECTION,WEATHER_1,WEATHER_2,STATE_HWY_IND,CALTRANS_COUNTY,CALTRANS_DISTRICT,STATE_ROUTE,ROUTE_SUFFIX,POSTMILE_PREFIX,POSTMILE,LOCATION_TYPE,RAMP_INTERSECTION,SIDE_OF_HWY,TOW_AWAY,COLLISION_SEVERITY,NUMBER_KILLED,NUMBER_INJURED,PARTY_COUNT,PRIMARY_COLL_FACTOR,PCF_CODE_OF_VIOL,PCF_VIOL_CATEGORY,PCF_VIOLATION,PCF_VIOL_SUBSECTION,HIT_AND_RUN,TYPE_OF_COLLISION,MVIW,PED_ACTION,ROAD_SURFACE,ROAD_COND_1,ROAD_COND_2,LIGHTING,CONTROL_DEVICE,CHP_ROAD_TYPE,PEDESTRIAN_ACCIDENT,BICYCLE_ACCIDENT,MOTORCYCLE_ACCIDENT,TRUCK_ACCIDENT,NOT_PRIVATE_PROPERTY,ALCOHOL_INVOLVED,STWD_VEHTYPE_AT_FAULT,CHP_VEHTYPE_AT_FAULT,COUNT_SEVERE_INJ,COUNT_VISIBLE_INJ,COUNT_COMPLAINT_PAIN,COUNT_PED_KILLED,COUNT_PED_INJURED,COUNT_BICYCLIST_KILLED,COUNT_BICYCLIST_INJURED,COUNT_MC_KILLED,COUNT_MC_INJURED,PRIMARY_RAMP,SECONDARY_RAMP,LATITUDE,LONGITUDE,COUNTY,CITY,POINT_X,POINT_Y
91460154,2021,2021-04-28,9440,2021-04-26,1140,016774,,1,1,9,1600,0,3,5,,2,010,"NILES AVE","10TH AVE",0.00,,Y,A,-,N,,,,,,,,,,Y,4,0,2,2,A,-,12,22450,A,N,D,C,A,A,H,-,A,A,0,,,,,Y,,A,01,0,0,2,0,0,0,0,0,0,"- ","- ",36.116138458251953,-119.64434814453125,KINGS,UNINCORPORATED,-119.64437866210938,36.116245269775391
91460375,2021,2021-04-28,9495,2021-04-17,1210,019829,,6,1,9,1600,0,1,3,,1,010,"STATE ROUTE 41","CALIFORNIA AQUEDUCT",200.00,N,N,A,-,Y,,,41,,,,,,,Y,3,0,2,3,A,-,09,21804,A,N,D,C,A,A,H,-,A,D,0,,,,,Y,,A,01,0,2,0,0,0,0,0,0,0,"- ","- ",35.992740631103516,-119.95932006835938,KINGS,UNINCORPORATED,-119.95956420898438,35.992744445800781
91461351,2021,2021-04-29,9440,2021-04-11,0340,018137,,7,3,9,1600,0,1,3,,1,198,"SR-198 W/B","AVENAL CUTOFF RD",153.00,E,N,A,-,Y,,,198,,,,,,W,Y,3,0,1,1,A,-,01,23152,A,N,F,A,A,A,H,-,D,D,0,,,,,Y,Y,A,01,0,1,0,0,0,0,0,0,0,"- ","- ",36.255760192871094,-119.86952209472656,KINGS,UNINCORPORATED,-119.86949920654297,36.255683898925781
91461577,2021,2021-04-29,9495,2021-04-20,1437,019104,,2,2,9,1600,0,1,3,,1,010,"STATE ROUTE 41","STATE ROUTE 33",0.00,,Y,A,-,Y,,,41,,,,,,,Y,2,0,2,3,A,-,12,21453,A,N,D,C,A,A,H,-,A,A,0,,,,Y,Y,,A,01,1,0,1,0,0,0,0,0,0,"- ","- ",35.887500762939453,-120.04666900634766,KINGS,UNINCORPORATED,-120.04712677001953,35.887809753417969
91461656,2021,2021-04-29,9440,2021-04-25,1412,017161,,7,2,9,1600,0,2,4,,1,067,"IDAHO AVE","14TH AVE",0.00,,Y,B,-,N,,,,,,,,,,Y,4,0,2,2,A,-,09,21802,A,N,D,C,A,A,H,-,A,A,0,,,,,Y,,A,01,0,0,2,0,0,0,0,0,0,"- ","- ",36.269329071044922,-119.70903778076172,KINGS,UNINCORPORATED,-119.70901489257812,36.269332885742188
91465411,2021,2021-05-04,9440,2021-04-28,0710,016585,,3,1,9,1600,0,1,3,,1,198,"SR-198 W/B","14TH AVE",3960.00,W,N,A,-,Y,,,198,,,,,,W,Y,4,0,1,2,A,-,07,21658,A,N,B,C,A,A,H,-,A,D,0,,,,,Y,,A,01,0,0,1,0,0,0,0,0,0,"- ","- ",36.305381774902344,-119.72383117675781,KINGS,UNINCORPORATED,-119.72383117675781,36.305377960205078
91466844,2021,2021-05-06,9440,2021-04-24,2225,018137,,6,3,9,1600,0,2,4,,1,040,"AVENAL CUTOFF RD","25TH AVE",1584.00,N,N,A,-,N,,,,,,,,,,Y,3,0,1,2,A,-,05,21650,,F,B,C,A,A,H,-,D,D,0,,,,,Y,,A,01,0,1,0,0,0,0,0,0,0,"- ","- ",36.222019195556641,-119.90383148193359,KINGS,UNINCORPORATED,-119.90134429931641,36.223850250244141
91467398,2021,2021-05-06,9440,2021-05-01,1420,019220,,6,2,9,1600,0,1,3,,1,430,"STATE ROUTE 43 (NORTHBOUND)","LACEY BLVD",0.00,,Y,A,-,Y,,,43,,,,,,,N,4,0,1,2,A,-,09,21803,A,N,D,C,A,A,H,-,A,A,0,,,,,Y,,D,22,0,0,1,0,0,0,0,0,0,"- ","- ",36.329921722412109,-119.60089111328125,KINGS,UNINCORPORATED,-119.60094451904297,36.329921722412109
91467845,2021,2021-05-07,9440,2021-05-01,1840,019220,,6,2,9,1600,0,1,3,,1,430,"STATE ROUTE 43","DENVER AVE",355.00,N,N,A,-,Y,,,43,,,,,,,Y,3,0,2,3,A,-,03,22350,,N,C,C,A,A,H,-,A,D,0,,,,,Y,,A,01,0,1,1,0,0,0,0,0,0,"- ","- ",36.431861877441406,-119.63614654541016,KINGS,UNINCORPORATED,-119.63617706298828,36.431861877441406
91467984,2021,2021-05-07,9440,2021-05-02,1912,017161,,7,2,9,1600,0,1,3,,1,198,"SR-198 W/B","6TH AVE",0.00,,Y,A,-,Y,,,198,,,,,,W,Y,4,0,2,2,A,-,09,21802,A,N,D,C,A,A,H,-,B,A,0,,,,,Y,,A,07,0,0,2,0,0,0,0,0,0,"- ","- ",36.328498840332031,-119.56514739990234,KINGS,UNINCORPORATED,-119.56514739990234,36.328227996826172
91468299,2021,2021-05-07,9440,2021-04-29,2140,019755,,4,2,9,1600,0,1,3,,1,198,"SR-198 E/B","7TH AVENUE",2112.00,E,N,A,-,Y,,,198,,,,,,E,Y,4,0,1,2,A,-,01,23152,A,N,C,C,A,A,H,-,D,D,0,,,,,Y,Y,D,22,0,0,1,0,0,0,0,0,0,"- ","- ",36.328109741210938,-119.57650756835938,KINGS,UNINCORPORATED,-119.57650756835938,36.328128814697266
91469432,2021,2021-05-10,9440,2021-05-02,1955,017161,,7,2,9,1600,0,2,4,,1,048,"HOUSTON AVE","SHAW PL",157.00,W,N,A,-,N,,,,,,,,,,Y,3,0,2,2,A,-,09,21804,A,N,B,C,A,A,H,-,B,D,0,,,Y,,Y,Y,C,06,0,1,1,0,0,0,0,0,2,"- ","- ",36.298629760742188,-119.63186645507812,KINGS,UNINCORPORATED,-119.63178253173828,36.298629760742188
91470421,2021,2021-05-27,9440,2021-05-10,1055,016774,,1,1,9,1600,0,1,3,,1,198,"SR 198 E/B TO HANFORD ARMONA RD","HANFORD ARMONA RD",0.00,,Y,A,-,Y,,,198,,,,R,,E,Y,3,0,2,2,A,-,09,21802,A,N,D,C,A,A,H,-,A,A,0,,,,,Y,,A,01,0,1,1,0,0,0,0,0,0,"- ","- ",36.313610076904297,-119.69100189208984,KINGS,UNINCORPORATED,-119.69100189208984,36.313610076904297
91470980,2021,2021-05-12,9440,2021-05-06,1534,016961,,4,2,9,1600,0,2,4,,1,069,"18TH AVE","FLINT AVE",0.00,,Y,A,-,N,,,,,,,,,,Y,4,0,1,2,A,-,09,21802,A,N,D,C,A,A,H,-,A,A,0,,,,,Y,,D,22,0,0,1,0,0,0,0,0,0,"- ","- ",36.371761322021484,-119.78102111816406,KINGS,UNINCORPORATED,-119.78105163574219,36.371780395507812
91470987,2021,2021-05-12,9440,2021-05-06,1439,017161,,4,2,9,1600,0,1,3,,1,198,"SR-198 W/B","6TH AVE",0.00,,Y,A,-,Y,,,198,,,,,,W,Y,3,0,3,2,A,-,09,21801,A,N,D,C,A,A,H,-,A,D,0,,,,,Y,,A,01,0,3,0,0,0,0,0,0,0,"- ","- ",36.328208923339844,-119.56513214111328,KINGS,UNINCORPORATED,-119.56513214111328,36.328227996826172
91471744,2021,2021-05-27,9440,2021-05-11,0540,016774,,2,3,9,1600,0,1,3,,1,410,SR-41,"LAUREL AVE",0.00,,Y,A,-,Y,,,41,,,,,,,Y,3,0,2,2,A,-,09,21802,A,N,D,C,A,A,H,-,B,D,0,,,,,Y,,A,07,0,2,0,0,0,0,0,0,0,"- ","- ",36.189441680908203,-119.82787322998047,KINGS,UNINCORPORATED,-119.82788848876953,36.189453125
91471755,2021,2021-05-12,9440,2021-05-03,0505,016585,,1,3,9,1600,0,1,3,,1,198,"SR-198 W/B","16TH AVE",550.00,E,N,A,-,Y,,,198,,,,,,W,Y,4,0,1,1,A,-,03,22350,,N,E,I,A,A,H,-,D,D,0,,,,,Y,,A,01,0,0,1,0,0,0,0,0,0,"- ","- ",36.300819396972656,-119.74284362792969,KINGS,UNINCORPORATED,-119.74282836914062,36.300769805908203
91472839,2021,2021-05-27,9440,2021-05-08,1345,017630,,6,1,9,1600,0,2,4,,1,045,"GRANGEVILLE BOULEVARD","14TH AVENUE",200.00,E,N,A,-,N,,,,,,,,,,N,4,0,1,2,A,-,09,21804,A,N,D,C,A,A,H,-,A,D,0,,,,,Y,,A,01,0,0,1,0,0,0,0,0,0,"- ","- ",36.342498779296875,-119.70784759521484,KINGS,UNINCORPORATED,-119.70832061767578,36.34259033203125
91472938,2021,2021-05-13,9440,2021-05-06,2035,017161,,4,2,9,1600,0,2,4,,1,050,"KANSAS AVE","9 1/2 AVE",1056.00,W,N,A,-,N,,,,,,,,,,Y,4,0,2,2,A,-,14,38345,,N,C,C,A,A,H,-,D,D,0,,,,,Y,,M,46,0,0,2,0,0,0,0,0,0,"- ","- ",36.211238861083984,-119.63030242919922,KINGS,UNINCORPORATED,-119.6314697265625,36.211246490478516
91474701,2021,2021-05-17,9440,2021-01-20,2235,021086,,3,3,9,1600,0,1,3,,1,410,"STATE ROUTE 41","NEWTON AVENUE",110.00,N,N,A,-,Y,,,41,,,,,,,Y,1,1,0,1,A,-,01,23152,A,N,E,I,A,A,H,-,C,D,0,,,,,Y,Y,A,07,0,0,0,0,0,0,0,0,0,"- ","- ",36.12384033203125,-119.891357421875,KINGS,UNINCORPORATED,-119.89144897460938,36.123920440673828
91475741,2021,2021-05-18,9440,2021-05-06,0725,016585,,4,1,9,1600,0,2,4,,1,067,"KENT AVE.","14TH AVE.",0.00,,Y,A,-,N,,,,,,,,,,Y,2,0,2,2,A,-,12,22450,A,N,D,C,A,A,H,-,A,A,0,,,,Y,Y,,A,08,1,1,0,0,0,0,0,0,0,"- ","- ",36.225711822509766,-119.708740234375,KINGS,UNINCORPORATED,-119.70870208740234,36.225658416748047
91476938,2021,2021-05-27,9440,2021-05-11,2335,020947,,2,3,9,1600,0,2,4,,1,043,"FLINT AVE","MISSION DR",210.00,W,N,A,-,N,,,,,,,,,,Y,3,0,1,1,A,-,01,23152,A,N,E,I,A,A,H,-,D,D,0,,,,,Y,Y,A,01,0,1,0,0,0,0,0,0,0,"- ","- ",36.371978759765625,-119.63938140869141,KINGS,UNINCORPORATED,-119.63925170898438,36.3719482421875
91476960,2021,2021-05-27,9440,2021-05-14,2035,019220,,5,2,9,1600,0,2,4,,1,045,"GRANGEVILLE BLVD","23RD AVENUE",260.00,E,N,A,-,N,,,,,,,,,,N,3,0,1,2,A,-,03,22350,,N,C,C,A,A,H,-,D,D,0,,,,,Y,,A,01,0,1,0,0,0,0,0,0,0,"- ","- ",36.343940734863281,-119.86829376220703,KINGS,UNINCORPORATED,-119.86835479736328,36.343952178955078
91479184,2021,2021-05-27,9440,2021-05-17,2045,017161,,1,2,9,1600,0,1,3,,1,198,"SR-198 W/B",SR-43,400.00,W,N,A,-,Y,,,198,,,,,,W,N,4,0,1,1,C,-,18,,,N,E,J,A,A,H,-,E,D,0,,,,,Y,,-,"- ",0,0,1,0,0,0,0,0,0,"- ","- ",36.3248291015625,-119.60265350341797,KINGS,UNINCORPORATED,-119.6026611328125,36.324867248535156
91481052,2021,2021-05-27,9440,2021-05-23,1400,017161,,7,2,9,1600,0,3,5,,2,030,"25TH AVE",SR-198,1584.00,S,N,A,-,N,,,,,,,,,,Y,3,0,1,1,A,-,08,22107,,N,F,A,A,A,H,-,A,D,0,,,,,Y,,A,01,0,1,0,0,0,0,0,0,0,"- ","- ",36.244651794433594,-119.90518188476562,KINGS,UNINCORPORATED,-119.90509033203125,36.251003265380859
91482295,2021,2021-05-27,9440,2021-05-14,1855,019220,,5,2,9,1600,0,3,5,,2,030,"NEVADA AVENUE","STATE ROUTE 41",234.00,E,N,A,-,N,,,,,,,,,,N,3,0,1,1,A,-,03,22350,,N,E,I,A,A,H,-,A,A,0,,,,,Y,,J,48,0,1,0,0,0,0,0,0,0,"- ","- ",36.137870788574219,-119.87770843505859,KINGS,UNINCORPORATED,-119.87886047363281,36.137741088867188
91485553,2021,2021-05-31,9440,2021-05-18,0435,021086,,2,3,9,1600,0,2,S,,2,123,"6TH AVENUE","BARSTOW AVENUE",561.00,N,N,A,-,N,,,,,,,,,,Y,3,0,2,2,A,-,03,22350,,N,C,C,A,A,H,-,D,D,0,,,,,Y,Y,A,01,0,1,1,0,0,0,0,0,0,"- ","- ",36.476490020751953,-119.56423187255859,KINGS,UNINCORPORATED,-119.56418609619141,36.475639343261719
91486561,2021,2021-06-01,9440,2021-05-23,0554,018639,,7,3,9,1600,0,2,4,,1,060,"2ND AVENUE","IONA AVENUE",1212.00,N,N,A,-,N,,,,,,,,,,Y,3,0,1,1,A,-,01,23152,A,N,F,A,A,A,H,-,A,D,0,,,,,Y,Y,A,01,0,1,0,0,0,0,0,0,0,"- ","- ",36.287418365478516,-119.49227905273438,KINGS,UNINCORPORATED,-119.49216461181641,36.286647796630859
91486576,2021,2021-06-01,9440,2021-05-21,0808,016585,,5,1,9,1600,0,2,4,,1,045,"GRANGEVILLE BLVD","5TH AVE",3613.00,E,N,A,-,N,,,,,,,,,,Y,3,0,1,2,A,-,05,21460,A,N,A,C,A,A,H,-,A,A,0,,,,,Y,,A,07,0,1,0,0,0,0,0,0,0,"- ","- ",36.343048095703125,-119.53475189208984,KINGS,UNINCORPORATED,-119.53484344482422,36.343032836914062
91488339,2021,2021-06-03,9440,2021-05-24,0646,016961,,1,1,9,1600,0,2,4,,1,040,"AVENAL CUTOFF RD",SR-198,528.00,N,N,A,-,N,,,,,,,,,,Y,4,0,1,1,A,-,08,22107,,N,E,I,A,A,H,-,A,D,0,,,,,Y,,A,01,0,0,1,0,0,0,0,0,0,"- ","- ",36.152698516845703,-119.52101135253906,KINGS,UNINCORPORATED,-119.86953735351562,36.257198333740234
91488825,2021,2021-06-03,9440,2021-05-25,1042,018639,,2,1,9,1600,0,1,3,,1,410,"SR-41 S/B","GRANGEVILLE BLVD",115.00,N,N,A,-,Y,,,41,,,,,,S,Y,3,0,1,3,A,-,03,22350,,N,C,C,A,A,H,-,A,A,0,,,,,Y,,A,08,0,1,0,0,0,0,0,0,0,"- ","- ",36.343441009521484,-119.80821228027344,KINGS,UNINCORPORATED,-119.8082275390625,36.343441009521484
91490826,2021,2021-06-07,9495,2021-05-23,2235,021300,,7,3,9,1600,0,1,3,,1,010,"STATE ROUTE 41 NORTHBOUND","INTERSTATE 5",700.00,N,N,A,-,Y,,,41,,,,,,N,Y,3,0,3,2,A,-,08,22107,,N,C,C,A,A,H,-,C,D,0,,,,,Y,,A,07,0,1,2,0,0,0,0,0,0,"- ","- ",35.983730316162109,-119.95980072021484,KINGS,UNINCORPORATED,-119.959716796875,35.983722686767578
91490960,2021,2021-06-07,9440,2021-05-26,0553,016585,,3,3,9,1600,0,1,3,,1,430,SR-43,"10TH AVE",0.00,,Y,A,-,Y,,,,,,,,,,Y,4,0,2,2,A,-,12,22450,A,N,D,C,A,A,H,-,A,A,0,,,,,Y,,A,01,0,0,2,0,0,0,0,0,0,"- ","- ",36.215808868408203,-119.38095092773438,KINGS,UNINCORPORATED,-119.63594818115234,36.366363525390625
91491241,2021,2021-06-07,9440,2021-05-27,1731,019755,,4,2,9,1600,0,1,3,,1,410,"SR-41 N/B","GRANGEVILLE BLVD.",50.00,S,N,A,-,Y,,,41,,,,,,N,N,4,0,2,2,A,-,03,22350,,N,C,C,A,A,H,-,A,A,0,,,,,Y,,A,01,0,0,2,0,0,0,0,0,0,"- ","- ",36.342250823974609,-119.80815124511719,KINGS,UNINCORPORATED,-119.80784606933594,36.342250823974609
91491752,2021,2021-06-08,9440,2021-05-27,1601,017161,,4,2,9,1600,0,2,4,,1,063,"10 1/2 AVE","LANSING AVE",4752.00,S,N,A,-,N,,,,,,,,,,Y,4,0,1,2,A,-,08,22107,,N,D,C,A,A,H,-,A,D,0,,,,,Y,,A,07,0,0,1,0,0,0,0,0,0,"- ","- ",36.178478240966797,-119.64591979980469,KINGS,UNINCORPORATED,-119.64591979980469,36.183746337890625
91492833,2021,2021-06-09,9495,2021-06-03,1650,019104,,4,2,9,1600,0,3,5,,2,054,"AVENAL CUTOFF ROAD","NEVADA AVENUE",0.00,,Y,A,-,N,,,,,,,,,,Y,4,0,2,2,A,-,12,22450,A,N,A,C,A,A,H,-,A,A,0,,,,,Y,,A,01,0,0,2,0,0,0,0,0,0,"- ","- ",36.137680053710938,-120.01158142089844,KINGS,UNINCORPORATED,-120.01139068603516,36.137779235839844
91492938,2021,2021-06-09,9440,2021-06-01,0450,021086,,2,3,9,1600,0,2,4,,1,050,"KANSAS AVENUE","13TH AVENUE",1595.00,W,N,A,-,N,,,,,,,,,,Y,3,0,1,3,A,-,08,22107,,N,B,C,A,A,H,-,B,D,0,,,,Y,Y,,A,01,0,1,0,0,0,0,0,0,0,"- ","- ",36.211101531982422,-119.69561767578125,KINGS,UNINCORPORATED,-119.69605255126953,36.211105346679688
91493035,2021,2021-06-09,9440,2021-06-02,0950,019220,,3,1,9,1600,0,1,3,,1,198,"STATE ROUTE 198 (WESTBOUND)","21ST AVENUE",3696.00,W,N,A,-,Y,,,198,,,,,,,N,4,0,1,2,A,-,03,22350,,N,C,C,A,A,A,H,A,D,0,,,,Y,Y,,A,01,0,0,1,0,0,0,0,0,0,"- ","- ",36.265830993652344,-119.84590148925781,KINGS,UNINCORPORATED,-119.84584045410156,36.265693664550781
91493787,2021,2021-06-10,9440,2021-06-01,1530,017630,,2,2,9,1600,0,1,3,,1,198,"SR-198 E/B TO AVENAL CUTOFF ROAD","AVENAL CUTOFF ROAD",0.00,,Y,A,-,Y,,,198,,,,R,,E,Y,4,0,3,2,A,-,09,21802,A,N,D,C,A,A,H,-,A,A,0,,,,,Y,,A,01,0,0,3,0,0,0,0,0,0,"- ","- ",36.254119873046875,-119.86959075927734,KINGS,UNINCORPORATED,-119.86959075927734,36.254119873046875
91494237,2021,2021-06-10,9440,2021-06-03,1905,019755,,4,2,9,1600,0,1,3,,1,198,"SR-198 W/B","16TH AVE.",0.00,,Y,A,-,Y,,,198,,,,,,W,N,3,0,1,1,A,-,03,22350,,N,E,J,A,A,H,-,A,D,0,,,,,Y,,A,01,0,1,0,0,0,0,0,0,0,"- ","- ",36.300731658935547,-119.74510955810547,KINGS,UNINCORPORATED,-119.7449951171875,36.300247192382812
91494763,2021,2021-10-15,9440,2021-06-01,2310,020936,,2,3,4,1602,0,1,3,,1,198,"SR-198 W/B","12TH AVENUE",1584.00,W,N,A,-,Y,,,198,,,,,,W,Y,3,0,5,2,A,-,01,23152,A,N,B,2,A,A,H,-,C,D,0,,,,,Y,Y,A,01,0,3,2,0,0,0,0,0,0,"- ","- ",36.317600250244141,-119.68016815185547,KINGS,HANFORD,-119.68016052246094,36.317558288574219
91494790,2021,2021-06-11,9440,2021-06-03,0735,019226,,4,1,9,1600,0,1,3,,1,410,"STATE ROUTE 41 SOUTHBOUND","HANFORD ARMONA RD",350.00,N,N,A,-,Y,,,41,,,,,,S,Y,3,0,3,3,A,-,03,22350,,N,C,C,A,A,H,-,A,A,0,,,,,Y,,D,22,0,2,1,0,0,0,0,0,0,"- ","- ",36.314861297607422,-119.80812835693359,KINGS,UNINCORPORATED,-119.80811309814453,36.314861297607422
91495224,2021,2021-06-11,9440,2021-06-08,1240,016774,,2,1,9,1600,0,2,4,,1,041,"EXCELSIOR AVE","22ND AVE",0.00,,Y,A,-,N,,,,,,,,,,Y,4,0,1,2,A,-,09,21802,A,N,D,C,A,A,H,-,A,A,0,,,,,Y,,A,01,0,0,1,0,0,0,0,0,0,"- ","- ",36.401981353759766,-119.85124206542969,KINGS,UNINCORPORATED,-119.85124206542969,36.402019500732422
91496135,2021,2021-06-14,9440,2021-06-02,1240,016585,,3,1,9,1600,0,2,4,,1,061,"6TH AVE","UTICA AVE",5280.00,S,N,A,-,N,,,,,,,,,,Y,2,0,1,1,A,-,08,22107,,N,F,A,A,A,H,-,A,D,0,,,,,Y,,D,22,1,0,0,0,0,0,0,0,0,"- ","- ",35.927249908447266,-119.57295989990234,KINGS,UNINCORPORATED,-119.57331848144531,35.919918060302734
91496191,2021,2021-06-14,9440,2021-01-05,1750,021114,,2,2,9,1600,0,1,3,,1,198,"SR-198 W/B","2ND AVENUE",2640.00,W,N,A,-,Y,,,198,,,,,,W,Y,1,1,2,2,A,-,03,22350,,N,C,C,A,A,H,-,D,D,0,,,,,Y,,A,01,1,1,0,0,0,0,0,0,0,"- ","- ",36.328678131103516,-119.500732421875,KINGS,UNINCORPORATED,-119.500732421875,36.328205108642578
91496759,2021,2021-06-14,9495,2021-06-10,0900,019082,,4,1,9,1600,0,1,1,,2,004,"INTERSTATE 5 (SOUTHBOUND)","UTICA AVENUE",6336.00,S,N,A,-,Y,,,,,,,,,,Y,4,0,1,2,A,-,08,22107,,N,C,E,A,A,H,-,A,D,0,,,,Y,Y,,E,22,0,0,1,0,0,0,0,0,0,"- ","- ",35.552600860595703,-119.54060363769531,KINGS,UNINCORPORATED,-119.91143798828125,35.933708190917969
91497149,2021,2021-06-15,9440,2021-06-05,2210,020998,,6,3,9,1600,0,2,4,,1,040,"AVENAL CUTOFF RD","25TH AVENUE",1320.00,N,N,A,-,N,,,,,,,,,,Y,4,0,2,2,A,-,05,21650,,N,D,C,A,A,H,-,D,D,0,,,,,Y,,A,01,0,0,2,0,0,0,0,0,0,"- ","- ",36.223701477050781,-119.901611328125,KINGS,UNINCORPORATED,-119.90199279785156,36.223346710205078
91499251,2021,2021-06-17,9440,2021-06-07,0520,019226,,1,3,9,1600,0,3,5,,2,020,"16TH AVENUE","LACEY BLVD",2640.00,N,N,A,-,N,,,,,,,,,,Y,2,0,1,2,A,-,05,21650,,N,B,C,A,A,H,-,D,D,0,,,Y,,Y,,A,07,1,0,0,0,0,0,0,0,1,"- ","- ",36.334720611572266,-119.7447509765625,KINGS,UNINCORPORATED,-119.74478149414062,36.335308074951172
91500246,2021,2021-06-18,9440,2021-06-10,1745,017161,,4,2,9,1600,0,2,4,,1,043,"FLINT AVE.","6TH AVE.",0.00,,Y,A,-,N,,,,,,,,,,Y,4,0,1,2,A,-,09,21802,A,N,D,C,A,A,H,-,A,A,0,,,,Y,Y,,A,07,0,0,1,0,0,0,0,0,0,"- ","- ",36.371959686279297,-119.56497955322266,KINGS,UNINCORPORATED,-119.56500244140625,36.371971130371094
91501896,2021,2021-06-21,9440,2021-06-20,0430,019226,,7,3,9,1600,0,2,4,,1,041,"EXCELSIOR AVE","6TH AVENUE",1584.00,W,N,A,-,N,,,,,,,,,,Y,3,0,1,1,A,-,08,22107,,N,F,A,A,A,H,-,D,D,0,,,,,Y,,A,07,0,1,0,0,0,0,0,0,0,"- ","- ",36.401340484619141,-119.56970977783203,KINGS,UNINCORPORATED,-119.57029724121094,36.401363372802734
91503728,2021,2021-06-23,9440,2021-06-09,2500,021114,,3,4,9,1600,0,2,4,,1,061,"6TH AVE.","COUNTY LINE RD.",12144.00,N,N,A,-,N,,,,,,,,,,Y,2,0,4,1,A,-,08,22107,,N,E,I,A,A,H,-,D,D,0,,,,,Y,,A,07,2,1,1,0,0,0,0,0,0,"- ","- ",35.829288482666016,-119.57267761230469,KINGS,UNINCORPORATED,-119.57349395751953,35.822284698486328
91503732,2021,2021-06-23,9440,2021-06-13,0845,019226,,7,1,4,1602,0,1,3,,1,198,"STATE ROUTE 198 EASTBOUND","11TH AVE",528.00,E,N,A,-,Y,,,198,,,,,,E,Y,2,0,1,1,A,-,08,22107,,N,E,8,A,A,H,-,A,D,0,,,,,Y,,A,01,1,0,0,0,0,0,0,0,0,"- ","- ",36.321769714355469,-119.6517333984375,KINGS,HANFORD,-119.65174102783203,36.321842193603516
91504428,2021,2021-06-23,9440,2021-06-12,1208,016961,,6,1,9,1600,0,3,5,,2,020,"13TH AVE","EXCELSIOR AVE",25.00,S,N,A,-,N,,,,,,,,,,N,4,0,3,2,A,-,03,22350,,N,C,C,A,A,H,-,A,A,0,,,,,Y,,A,07,0,0,3,0,0,0,0,0,0,"- ","- ",36.401180267333984,-119.69097137451172,KINGS,UNINCORPORATED,-119.69097137451172,36.401100158691406
91504432,2021,2021-06-23,9440,2021-06-14,0530,016961,,1,3,9,1600,0,3,5,,2,010,"4TH AVE","FLINT AVE",4224.00,N,N,A,-,N,,,,,,,,,,Y,3,0,1,1,A,-,08,22107,,N,E,I,A,A,H,-,B,D,0,,,,,Y,,A,01,0,1,0,0,0,0,0,0,0,"- ","- ",36.401470184326172,-119.52877807617188,KINGS,UNINCORPORATED,-119.52890014648438,36.383857727050781
91505061,2021,2021-06-24,9440,2021-06-09,0855,016961,,3,1,9,1600,0,1,3,,1,410,SR-41,"NEVADA AVE",1056.00,N,N,A,-,Y,,,41,,,,,,,Y,2,0,3,2,A,-,06,21751,,N,A,C,A,A,H,-,A,D,0,,,,,Y,,D,22,1,1,1,0,0,0,0,0,0,"- ","- ",36.137931823730469,-119.87857818603516,KINGS,UNINCORPORATED,-119.87859344482422,36.137943267822266
91505076,2021,2021-06-24,9440,2021-06-18,2055,021086,,5,2,9,1600,0,3,5,,2,020,"13TH AVE","LACEY BLVD",0.00,,Y,A,-,N,,,,,,,,,,Y,4,0,3,2,A,-,09,21453,C,N,A,C,A,A,H,-,C,A,0,,,,,Y,,A,07,0,0,3,0,0,0,0,0,0,"- ","- ",36.328098297119141,-119.69094848632812,KINGS,UNINCORPORATED,-119.69099426269531,36.328067779541016
91505086,2021,2021-06-24,9440,2021-06-20,0440,021086,,7,3,9,1600,0,3,5,,2,030,"19TH AVENUE","IDAHO AVENUE",981.00,S,N,A,-,N,,,,,,,,,,Y,3,0,1,1,A,-,08,22107,,N,E,I,A,A,H,-,D,D,0,,,,,Y,,A,01,0,1,0,0,0,0,0,0,0,"- ","- ",36.266288757324219,-119.79901885986328,KINGS,UNINCORPORATED,-119.79891204833984,36.2664794921875