CASE_ID,ACCIDENT_YEAR,PROC_DATE,JURIS,COLLISION_DATE,COLLISION_TIME,OFFICER_ID,REPORTING_DISTRICT,DAY_OF_WEEK,CHP_SHIFT,POPULATION,CNTY_CITY_LOC,SPECIAL_COND,BEAT_TYPE,CHP_BEAT_TYPE,CITY_DIVISION_LAPD,CHP_BEAT_CLASS,BEAT_NUMBER,PRIMARY_RD,SECONDARY_RD,DISTANCE,DIRECTION,INTERSECTION,WEATHER_1,WEATHER_2,STATE_HWY_IND,CALTRANS_COUNTY,CALTRANS_DISTRICT,STATE_ROUTE,ROUTE_SUFFIX,POSTMILE_PREFIX,POSTMILE,LOCATION_TYPE,RAMP_INTERSECTION,SIDE_OF_HWY,TOW_AWAY,COLLISION_SEVERITY,NUMBER_KILLED,NUMBER_INJURED,PARTY_COUNT,PRIMARY_COLL_FACTOR,PCF_CODE_OF_VIOL,PCF_VIOL_CATEGORY,PCF_VIOLATION,PCF_VIOL_SUBSECTION,HIT_AND_RUN,TYPE_OF_COLLISION,MVIW,PED_ACTION,ROAD_SURFACE,ROAD_COND_1,ROAD_COND_2,LIGHTING,CONTROL_DEVICE,CHP_ROAD_TYPE,PEDESTRIAN_ACCIDENT,BICYCLE_ACCIDENT,MOTORCYCLE_ACCIDENT,TRUCK_ACCIDENT,NOT_PRIVATE_PROPERTY,ALCOHOL_INVOLVED,STWD_VEHTYPE_AT_FAULT,CHP_VEHTYPE_AT_FAULT,COUNT_SEVERE_INJ,COUNT_VISIBLE_INJ,COUNT_COMPLAINT_PAIN,COUNT_PED_KILLED,COUNT_PED_INJURED,COUNT_BICYCLIST_KILLED,COUNT_BICYCLIST_INJURED,COUNT_MC_KILLED,COUNT_MC_INJURED,PRIMARY_RAMP,SECONDARY_RAMP,LATITUDE,LONGITUDE,COUNTY,CITY,POINT_X,POINT_Y
91694651,2022,2022-02-07,9440,2022-01-14,0746,016961,,5,1,9,1600,0,1,3,,1,430,"SR-43 N/B","FARGO AVE",0.00,,Y,E,-,Y,KIN,,43,,,20.982,H,,R,Y,3,0,1,2,A,-,03,22350,,N,C,C,A,A,H,-,A,D,0,,,,Y,Y,,G,25,0,1,0,0,0,0,0,0,0,"- ","- ",36.357231140136719,-119.62046813964844,KINGS,UNINCORPORATED,-119.62045288085938,36.357250213623047
91694663,2022,2022-02-07,9440,2022-01-14,1934,020250,,5,2,9,1600,0,2,4,,1,050,"KANSAS AVE","17TH AVE",528.00,E,N,E,-,N,,,,,,,,,,Y,3,0,5,2,A,-,05,21650,,N,B,C,A,B,H,-,D,D,0,,,,,Y,,A,01,0,1,4,0,0,0,0,0,0,"- ","- ",36.211208343505859,-119.75949859619141,KINGS,UNINCORPORATED,-119.76054382324219,36.211166381835938
91694668,2022,2022-02-07,9440,2022-01-18,0751,016961,,2,1,9,1600,0,2,4,,1,068,"17TH AVE","LAUREL AVE",0.00,,Y,A,-,N,,,,,,,,,,Y,3,0,2,2,A,-,12,22450,A,N,D,C,A,A,H,-,A,A,0,,,,,Y,,A,01,0,1,1,0,0,0,0,0,0,"- ","- ",36.1893310546875,-119.7625732421875,KINGS,UNINCORPORATED,-119.76255035400391,36.189350128173828
9169482,2020,2020-11-12,1602,2020-09-10,2117,1498,55,4,5,4,1602,0,0,0,,0,002,"S PHILLIPS ST","POLE #4545273E",330.00,S,N,A,-,N,,,,,,,,,,Y,3,0,1,4,A,-,00,21340,A,N,E,J,A,A,H,-,C,D,0,,,,Y,Y,Y,A,01,0,1,0,0,0,0,0,0,0,"- ","- ",36.313430786132812,-119.64851379394531,KINGS,HANFORD,,
9169486,2020,2020-11-10,1602,2020-09-11,1947,1498,55,5,5,4,1602,0,0,0,,0,002,"S REDINGTON ST","SCOTT ST",300.00,N,N,A,-,N,,,,,,,,,,Y,4,0,1,2,A,-,03,22350,,N,B,E,A,B,F,-,C,D,0,,,,,Y,,A,01,0,0,1,0,0,0,0,0,0,"- ","- ",36.317310333251953,-119.64692687988281,KINGS,HANFORD,-119.6474609375,36.317058563232422
91695202,2022,2022-02-07,9440,2022-01-29,2045,021086,,6,2,9,1600,0,1,3,,1,410,"STATE ROUTE 41 (SOUTHBOUND)","HANFORD ARMONA ROAD",75.00,N,N,A,-,Y,KIN,,41,,R,42.167,H,,R,N,4,0,1,4,A,-,03,22350,,N,C,C,A,A,H,-,C,A,0,,,,,Y,,A,01,0,0,1,0,0,0,0,0,0,"- ","- ",36.31365966796875,-119.80786895751953,KINGS,UNINCORPORATED,-119.80775451660156,36.31365966796875
91695206,2022,2022-02-07,9440,2022-01-22,1715,020250,,6,2,9,1600,0,1,3,,1,430,"STATE ROUTE 43","PICKERELL AVE",0.00,,Y,A,-,Y,KIN,,43,,,2.257,H,,R,Y,3,0,2,2,A,-,09,21802,A,N,D,C,A,A,H,-,B,A,0,,,,,Y,,D,22,0,2,0,0,0,0,0,0,0,"- ","- ",36.106868743896484,-119.55422210693359,KINGS,UNINCORPORATED,-119.55422973632812,36.106857299804688
91695886,2022,2022-02-08,9440,2022-01-15,1835,020250,,6,2,9,1600,0,1,3,,1,410,"STATE ROUTE 41","NEVADA AVE.",1056.00,N,N,A,-,Y,KIN,,41,,,28.544,H,,R,Y,4,0,2,2,A,-,08,22107,,F,B,C,A,A,H,-,D,D,0,,,,,Y,,A,01,0,0,2,0,0,0,0,0,0,"- ","- ",36.138988494873047,-119.87738037109375,KINGS,UNINCORPORATED,-119.87739562988281,36.139003753662109
91696002,2022,2022-02-08,9440,2022-02-04,0935,016774,,5,1,9,1600,0,3,5,,2,020,"13TH AVE",HOUSTON,2640.00,N,N,A,-,N,,,,,,,,,,Y,4,0,1,1,A,-,08,22107,,N,E,I,A,A,H,-,A,D,0,,,,,Y,,A,01,0,0,1,0,0,0,0,0,0,"- ","- ",36.305591583251953,-119.69110870361328,KINGS,UNINCORPORATED,-119.69115447998047,36.305595397949219
91696632,2022,2022-02-09,9440,2022-01-31,1950,020947,,1,2,9,1600,0,1,3,,1,410,SR-41,"22ND AVE",1056.00,N,N,A,-,Y,KIN,,41,,,30.696,H,,R,Y,3,0,1,2,A,-,05,21650,,N,B,C,A,A,H,-,D,D,0,,,,Y,Y,,-,"- ",0,1,0,0,0,0,0,0,0,"- ","- ",36.161670684814453,-119.85063934326172,KINGS,UNINCORPORATED,-119.8507080078125,36.161720275878906
91697133,2022,2022-02-09,9440,2022-02-01,0710,014816,,2,1,9,1600,0,3,5,,2,010,"CLINTON AVENUE","8TH AVENUE",0.00,,Y,E,-,N,,,,,,,,,,Y,4,0,1,1,A,-,03,22350,,N,E,I,A,A,H,-,A,A,0,,,,,Y,,D,22,0,0,1,0,0,0,0,0,0,"- ","- ",36.270931243896484,-119.36022186279297,KINGS,UNINCORPORATED,-119.60034942626953,36.452438354492188
91698704,2022,2022-02-11,9440,2022-02-06,0350,020947,,7,3,9,1600,0,1,3,,1,410,"SR-41 S/B","GRANGEVILLE BLVD",528.00,S,N,A,-,Y,KIN,,41,,R,44.122,H,,L,Y,4,0,1,2,A,-,03,22350,,N,C,C,A,A,H,-,D,D,0,,,,Y,Y,,A,01,0,0,1,0,0,0,0,0,0,"- ","- ",36.342029571533203,-119.80825805664062,KINGS,UNINCORPORATED,-119.80825042724609,36.342029571533203
91701483,2022,2022-02-15,9440,2022-01-14,0711,016961,,5,1,9,1600,0,1,3,,1,198,SR-198,"7TH AVE",0.00,,Y,E,-,Y,KIN,,198,,T,22.006,H,,R,Y,2,0,2,3,A,-,03,22350,,F,D,C,A,A,H,-,A,D,0,,,,Y,Y,,A,07,1,0,1,0,0,0,0,0,0,"- ","- ",36.327800750732422,-119.58306884765625,KINGS,UNINCORPORATED,-119.58306884765625,36.327854156494141
91702060,2022,2022-02-16,9495,2022-02-07,1750,019453,,1,2,9,1600,0,3,5,,2,054,"25TH AVENUE","UTICA AVENUE",3432.00,N,N,A,-,N,,,,,,,,,,Y,2,0,1,1,A,-,08,22107,,N,F,A,A,A,H,-,D,D,0,,,,Y,Y,,F,26,1,0,0,0,0,0,0,0,0,"- ","- ",35.943809509277344,-119.92881011962891,KINGS,UNINCORPORATED,-119.92877960205078,35.943386077880859
91705697,2022,2022-02-22,9440,2022-02-14,1745,020998,,1,2,9,1600,0,1,3,,1,198,"SR-198 E/B","1 1/2 AVENUE",0.00,,Y,A,-,Y,KIN,,198,,,27.826,H,,R,Y,3,0,1,2,A,-,09,21801,A,N,D,C,A,A,H,-,B,D,0,,,,,Y,,A,01,0,1,0,0,0,0,0,0,0,"- ","- ",36.327980041503906,-119.48426818847656,KINGS,UNINCORPORATED,-119.48427581787109,36.327945709228516
91705822,2022,2022-02-22,9495,2022-02-12,2150,021029,,6,2,9,1600,0,1,1,,2,004,"INTERSTATE 5 NORTHBOUND","UTICA AVENUE",2640.00,S,N,A,-,Y,KIN,,5,,,11.686,H,,R,Y,3,0,1,2,A,-,08,22107,,F,C,C,A,A,H,-,D,D,0,,,,,Y,,A,01,0,1,0,0,0,0,0,0,0,"- ","- ",35.927051544189453,-119.90411376953125,KINGS,UNINCORPORATED,-119.90412902832031,35.927040100097656
91706149,2022,2022-02-22,9440,2022-02-14,0629,014816,,1,1,9,1600,0,1,3,,1,198,SR-198,"6TH AVE",0.00,,Y,A,-,Y,,,,,,,,,,Y,4,0,3,2,A,-,09,21802,A,N,D,C,A,A,H,-,A,A,0,,,,,Y,,D,22,0,0,3,0,0,0,0,0,0,"- ","- ",36.194110870361328,-119.33544158935547,KINGS,UNINCORPORATED,-119.56512451171875,36.328517913818359
91706660,2022,2022-02-23,9440,2022-02-10,0150,019226,,4,3,9,1600,0,2,4,,1,062,"10TH AVENUE","KANSAS AVENUE",528.00,S,N,A,-,N,,,,,,,,,,Y,3,0,4,1,A,-,03,22350,,N,E,I,A,A,H,-,C,D,0,,,,,Y,,A,01,0,4,0,0,0,0,0,0,0,"- ","- ",36.210441589355469,-119.63681793212891,KINGS,UNINCORPORATED,-119.63694763183594,36.209850311279297
91706933,2022,2022-02-23,9440,2022-02-15,2308,019755,,2,3,4,1602,0,1,3,,1,198,"SR-198 E/B","11TH AVE",1584.00,W,N,A,-,Y,KIN,,198,,R,17.613,H,,R,N,4,0,2,1,A,-,08,22107,,N,E,I,A,A,H,-,D,D,0,,,,,Y,Y,A,01,0,0,2,0,0,0,0,0,0,"- ","- ",36.320388793945312,-119.66062927246094,KINGS,HANFORD,-119.66064453125,36.320438385009766
91707647,2022,2022-02-24,9440,2022-02-11,1808,020998,,5,2,9,1600,0,2,4,,1,045,"GRANGEVILLE BOULEVARD",SR-43,500.00,E,N,A,-,N,,,,,,,,,,N,3,0,1,2,D,-,00,,,N,B,G,A,A,H,-,D,D,0,,,Y,,Y,,-,"- ",0,1,0,0,0,0,0,0,1,"- ","- ",36.342628479003906,-119.59918975830078,KINGS,UNINCORPORATED,-119.59923553466797,36.342525482177734
91707658,2022,2022-02-24,9440,2022-02-16,0615,016774,,3,1,9,1600,0,2,4,,1,070,"22ND AVE","ELDER AVE",528.00,S,N,A,-,N,,,,,,,,,,Y,4,0,1,1,A,-,08,22107,,N,E,I,A,A,H,-,D,D,0,,,,,Y,,A,01,0,0,1,0,0,0,0,0,0,"- ","- ",36.386070251464844,-119.85146331787109,KINGS,UNINCORPORATED,-119.85134887695312,36.386062622070312
91709820,2022,2022-02-25,9440,2022-02-22,1440,017161,,2,2,9,1600,0,1,3,,1,410,"SR-41 S/B","GRANGEVILLE BLVD",3696.00,N,N,B,-,Y,KIN,,41,,R,44.802,H,,L,Y,3,0,1,1,A,-,03,22350,,N,F,A,A,B,H,-,A,D,0,,,,,Y,,A,01,0,1,0,0,0,0,0,0,0,"- ","- ",36.351898193359375,-119.80832672119141,KINGS,UNINCORPORATED,-119.80828857421875,36.351902008056641
91710093,2022,2022-02-25,9440,2022-02-19,1620,020998,,6,2,9,1600,0,3,5,,2,030,"EXCELSIOR AVENUE","23RD AVENUE",0.00,,Y,A,-,N,,,,,,,,,,Y,3,0,1,2,A,-,12,22450,A,N,D,C,A,A,H,-,A,A,0,,,,,Y,,D,22,0,1,0,0,0,0,0,0,0,"- ","- ",36.401988983154297,-119.8692626953125,KINGS,UNINCORPORATED,-119.86921691894531,36.401992797851562
91710747,2022,2022-02-28,9440,2022-02-19,2500,018137,,6,4,9,1600,0,3,5,,2,020,"NEVADA AVE","14 1/2 AVE",2640.00,S,N,A,-,N,,,,,,,,,,Y,2,0,1,1,A,-,03,22350,,N,F,A,A,A,H,-,D,A,0,,,,,Y,,A,01,1,0,0,0,0,0,0,0,0,"- ","- ",36.138259887695312,-119.71701812744141,KINGS,UNINCORPORATED,-119.70742034912109,36.137950897216797
91710749,2022,2022-02-28,9440,2022-02-19,0225,018137,,6,3,9,1600,0,1,3,,1,198,"SR-198 W/B","16TH AVENUE",365.00,W,N,A,-,Y,KIN,,198,,R,12.618,H,,L,Y,3,0,1,1,A,-,01,23152,A,N,E,I,A,A,H,-,C,D,0,,,,,Y,Y,A,01,0,1,0,0,0,0,0,0,0,"- ","- ",36.300041198730469,-119.74623870849609,KINGS,UNINCORPORATED,-119.74620819091797,36.299949645996094
91711199,2021,2022-02-28,9440,2021-10-09,1525,020998,,6,2,9,1600,0,1,3,,1,410,"SR-41 N/B","GRANGEVILLE BLVD",50.00,S,N,A,-,Y,,,41,,,,,,N,Y,1,1,0,3,A,-,01,23152,A,F,C,C,A,A,H,-,A,A,0,,,,,Y,Y,D,22,0,0,0,0,0,0,0,0,0,"- ","- ",36.342369079589844,-119.80792999267578,KINGS,UNINCORPORATED,-119.80784606933594,36.342369079589844
91712441,2022,2022-03-01,9440,2022-02-22,1135,014816,,2,1,9,1600,0,2,4,,1,050,"KANSAS AVENUE","14TH AVENUE",125.00,W,N,C,-,N,,,,,,,,,,Y,2,0,1,2,A,-,01,23152,A,N,C,C,A,B,H,-,A,D,0,,,,Y,Y,Y,D,22,1,0,0,0,0,0,0,0,0,"- ","- ",36.211139678955078,-119.70854949951172,KINGS,UNINCORPORATED,-119.70899963378906,36.211116790771484
91712577,2022,2022-03-01,9440,2022-02-25,1845,020998,,5,2,9,1600,0,2,4,,1,062,"10TH AVENUE","GARDEN DRIVE",20.00,S,N,A,-,N,,,,,,,,,,Y,4,0,4,3,A,-,03,22350,,N,C,C,A,A,H,-,C,D,0,,,,,Y,,D,22,0,0,4,0,0,0,0,0,0,"- ","- ",36.302349090576172,-119.636962890625,KINGS,UNINCORPORATED,-119.63694763183594,36.302326202392578
91712591,2022,2022-03-01,9440,2022-02-26,2050,020998,,6,2,9,1600,0,2,4,,1,068,"17TH AVENUE","JERSEY AVENUE",0.00,,Y,A,-,N,,,,,,,,,,Y,4,0,1,2,A,-,09,21800,A,N,D,C,A,A,H,-,C,A,0,,,,,Y,,A,01,0,0,1,0,0,0,0,0,0,"- ","- ",36.240119934082031,-119.76284027099609,KINGS,UNINCORPORATED,-119.76277923583984,36.240058898925781
91713027,2022,2022-03-02,9440,2022-02-27,1055,016774,,7,1,9,1600,0,2,4,,1,066,"12 3/4 AVE","DOUGLAS AVE",10.00,N,N,A,-,N,,,,,,,,,,N,4,0,2,2,A,-,03,22350,,N,D,C,A,A,H,-,A,A,0,,,,,Y,,A,07,0,0,2,0,0,0,0,0,0,"- ","- ",36.423011779785156,-119.68630218505859,KINGS,UNINCORPORATED,-119.68632507324219,36.423057556152344
91714174,2022,2022-03-03,9440,2022-02-24,0300,020947,,4,3,9,1600,0,1,3,,1,430,SR-43,"DOVER AVE",62.00,N,N,A,-,Y,KIN,,43,,,25.486,H,,R,Y,4,0,1,2,A,-,03,22350,,N,E,J,A,A,H,-,D,D,0,,,,,Y,,A,01,0,0,1,0,0,0,0,0,0,"- ","- ",36.415878295898438,-119.63677978515625,KINGS,UNINCORPORATED,-119.63678741455078,36.415878295898438
91714179,2022,2022-03-03,9440,2022-02-25,0522,018639,,5,3,9,1600,0,1,3,,1,198,"SR-198 E/B","4TH AVENUE",113.00,E,N,A,-,Y,KIN,,198,,,25.343,H,,R,Y,4,0,1,2,A,-,09,21801,A,N,C,C,A,A,H,-,D,D,0,,,,,Y,,A,01,0,0,1,0,0,0,0,0,0,"- ","- ",36.328338623046875,-119.52880096435547,KINGS,UNINCORPORATED,-119.52880096435547,36.328296661376953
91714186,2022,2022-03-03,9440,2022-02-25,0712,018639,,5,1,9,1600,0,1,3,,1,430,SR-43,"DOVER AVENUE",0.00,,Y,A,-,Y,KIN,,43,,,25.481,H,,R,Y,3,0,2,2,A,-,09,21802,A,N,D,C,A,A,H,-,A,A,0,,,,,Y,,A,01,0,1,1,0,0,0,0,0,0,"- ","- ",36.415809631347656,-119.63690185546875,KINGS,UNINCORPORATED,-119.63679504394531,36.415809631347656
91714202,2022,2022-03-03,9440,2022-03-01,1720,020998,,2,2,9,1600,0,1,3,,1,198,"SR-198 W/B FROM 12TH AVE S/B","12TH AVENUE",23.00,W,N,A,-,Y,,,,,,,,,,Y,3,0,1,1,A,-,03,22350,,N,F,0,A,A,H,-,A,D,0,,,Y,,Y,,C,02,0,1,0,0,0,0,0,0,1,"- ","- ",36.319141387939453,-119.67340850830078,KINGS,UNINCORPORATED,-119.67315673828125,36.318637847900391
91716734,2022,2022-03-07,9440,2022-02-28,1300,021086,,1,1,9,1600,0,2,4,,1,048,"HOUSTON AVENUE","2ND AVENUE",0.00,,Y,A,-,N,,,,,,,,,,Y,2,0,1,2,A,-,09,21802,A,N,D,C,A,A,H,-,A,A,0,,,,,Y,,A,07,1,0,0,0,0,0,0,0,0,"- ","- ",36.297821044921875,-119.49212646484375,KINGS,UNINCORPORATED,-119.49211883544922,36.297782897949219
91716835,2022,2022-03-07,9440,2022-03-01,1540,020250,,2,2,9,1600,0,2,4,,1,045,"GRANGEVILLE BLVD.","22ND AVE.",528.00,E,N,A,-,N,,,,,,,,,,N,3,0,1,4,A,-,03,22350,,N,C,C,A,A,H,-,A,D,0,,,,,Y,,A,07,0,1,0,0,0,0,0,0,0,"- ","- ",36.343940734863281,-119.84854888916016,KINGS,UNINCORPORATED,-119.84947967529297,36.343975067138672
9171778,2020,2020-12-16,1602,2020-10-02,0717,1465,55,5,5,4,1602,0,0,0,,0,002,"S 11TH AV","3RD ST",0.00,,Y,A,-,N,,,,,,,,,,Y,3,0,1,2,A,-,09,21453,B,N,D,C,A,A,H,-,A,A,0,,,,,Y,,A,01,0,1,0,0,0,0,0,0,0,"- ","- ",36.320240020751953,-119.65498352050781,KINGS,HANFORD,-119.65513610839844,36.320930480957031
9171779,2020,2020-12-16,1602,2020-10-09,1109,1465,55,5,5,4,1602,0,0,0,,0,002,"W 3RD ST","DOUTY ST",0.00,,Y,A,-,N,,,,,,,,,,N,4,0,1,2,A,-,05,21650,1,N,D,G,A,A,H,-,A,A,0,,Y,,,Y,,L,04,0,0,1,0,0,0,1,0,0,"- ","- ",36.322509765625,-119.64469909667969,KINGS,HANFORD,-119.64472198486328,36.322498321533203
91718471,2022,2022-03-09,9440,2022-02-28,1908,020250,,1,2,9,1600,0,2,4,,1,067,"14TH AVE","KANSAS AVE",0.00,,Y,A,-,N,,,,,,,,,,Y,2,0,3,2,A,-,12,22450,A,N,D,C,A,A,H,-,D,A,0,,,,,Y,,A,01,1,2,0,0,0,0,0,0,0,"- ","- ",36.211139678955078,-119.70860290527344,KINGS,UNINCORPORATED,-119.70858001708984,36.21112060546875
91719078,2022,2022-03-09,9440,2022-03-02,1645,017161,,3,2,9,1600,0,2,4,,1,046,"LACEY BLVD","15TH AVE",34.00,W,N,A,-,N,,,,,,,,,,Y,4,0,4,2,A,-,03,22350,,N,C,C,A,A,H,-,A,A,0,,,,,Y,,A,01,0,0,4,0,0,0,0,0,0,"- ","- ",36.328041076660156,-119.72705078125,KINGS,UNINCORPORATED,-119.72699737548828,36.328060150146484
91723502,2022,2022-03-15,9440,2022-03-07,1748,020250,,1,2,9,1600,0,2,4,,1,046,"LACEY BLVD.","17TH AVE.",0.00,,Y,A,-,N,,,,,,,,,,Y,3,0,3,2,A,-,09,21801,A,N,D,C,A,A,H,-,B,D,0,,,,,Y,,A,01,0,3,0,0,0,0,0,0,0,"- ","- ",36.328029632568359,-119.76280212402344,KINGS,UNINCORPORATED,-119.76323699951172,36.328041076660156
91723900,2022,2022-03-16,9440,2022-03-05,2300,018137,,6,3,9,1600,0,1,3,,1,430,SR-43,"ELDER AVENUE",550.00,S,N,A,-,Y,KIN,,43,,,23.355,H,,R,Y,3,0,6,2,A,-,21,22106,,N,D,2,A,A,H,-,D,D,0,,,,,Y,Y,A,07,0,3,3,0,0,0,0,0,0,"- ","- ",36.385028839111328,-119.63700866699219,KINGS,UNINCORPORATED,-119.63706970214844,36.385028839111328
91724047,2022,2022-03-16,9440,2022-03-09,0815,016774,,3,1,9,1600,0,3,5,,2,010,"9TH AVE","JACKSON AVE",0.00,,Y,A,-,N,,,,,,,,,,Y,4,0,1,2,A,-,09,21802,A,N,D,C,A,A,H,-,A,A,0,,,,,Y,,A,01,0,0,1,0,0,0,0,0,0,"- ","- ",36.254901885986328,-119.61892700195312,KINGS,UNINCORPORATED,-119.61892700195312,36.254898071289062
9172432,2020,2020-12-14,1602,2020-09-22,1505,1465,57,2,5,4,1602,0,0,0,,0,002,"RT 198","9TH AV",0.00,,Y,A,-,Y,KIN,6,198,-,R,19.962,I,5,E,Y,3,0,1,2,A,-,09,21801,A,N,D,C,A,A,H,-,A,A,0,,,,,Y,,D,22,0,1,0,0,0,0,0,0,0,"- ","- ",36.324470520019531,-119.6190185546875,KINGS,HANFORD,-119.61885070800781,36.324356079101562
91725171,2022,2022-03-17,9495,2022-03-05,0446,021351,,6,3,9,1600,0,3,5,,2,054,"AVENAL CUTOFF ROAD","ORANGE AVENUE",5280.00,N,N,A,-,N,,,,,,,,,,Y,3,0,1,1,A,-,01,23152,A,M,E,I,A,A,H,-,D,D,0,,,,,Y,Y,A,01,0,1,0,0,0,0,0,0,0,"- ","- ",36.119049072265625,-120.03536987304688,KINGS,UNINCORPORATED,-120.03541564941406,36.118946075439453
91725303,2022,2022-03-17,9440,2022-03-08,1640,017161,,2,2,9,1600,0,2,4,,1,048,"HOUSTON AVE","HOUSTON RD",16.00,E,N,A,-,N,,,,,,,,,,Y,4,0,1,2,A,-,03,22350,,N,C,C,A,A,H,-,A,D,0,,,,,Y,,D,22,0,0,1,0,0,0,0,0,0,"- ","- ",36.184078216552734,-119.83174896240234,KINGS,UNINCORPORATED,-119.760498046875,36.298271179199219
9172614,2020,2020-11-03,1602,2020-09-21,1012,1425,17,1,5,4,1602,0,0,0,,0,002,"E CORTNER ST","CARTER WY",0.00,,Y,A,-,N,,,,,,,,,,Y,3,0,1,1,A,-,03,22350,,N,H,J,A,A,H,-,A,D,0,,,Y,,Y,,C,02,0,1,0,0,0,0,0,0,1,"- ","- ",36.351760864257812,-119.64602661132812,KINGS,HANFORD,-119.64716339111328,36.351779937744141
9172615,2020,2020-11-03,1602,2020-09-19,2210,14103,59,6,5,4,1602,0,0,0,,0,001,"S 12TH AV","W FREESTONE DR",0.00,,Y,A,-,N,,,,,,,,,,Y,4,0,1,2,A,-,01,23152,A,N,C,E,A,A,H,-,C,D,0,,,,,Y,Y,A,01,0,0,1,0,0,0,0,0,0,"- ","- ",36.310211181640625,-119.67315673828125,KINGS,HANFORD,-119.67292785644531,36.3095703125
9172616,2020,2020-11-03,1602,2020-09-07,1556,1421,46,1,5,4,1602,0,0,0,,0,001,"N 12TH AV","LACEY BL",300.00,N,N,A,-,N,,,,,,,,,,Y,4,0,1,3,A,-,03,22350,,N,C,C,A,A,H,-,A,A,0,,,,,Y,,A,01,0,0,1,0,0,0,0,0,0,"- ","- ",36.328018188476562,-119.67282104492188,KINGS,HANFORD,-119.67298126220703,36.328964233398438
91726982,2022,2022-03-18,9440,2022-03-16,0715,016774,,3,1,9,1600,0,2,4,,1,049,"JACKSON AVE","18TH AVE",2112.00,E,N,A,-,N,,,,,,,,,,Y,4,0,2,2,A,-,03,22350,,N,C,C,A,A,H,-,A,A,0,,,,,Y,,A,07,0,0,2,0,0,0,0,0,0,"- ","- ",36.254508972167969,-119.77381896972656,KINGS,UNINCORPORATED,-119.77367401123047,36.254627227783203
91726993,2022,2022-03-18,9440,2022-03-08,2200,019220,,2,3,9,1600,0,1,3,,1,410,"STATE ROUTE 41 S/B","GRANGEVILLE BLVD",2300.00,N,N,A,-,Y,KIN,,41,,R,44.581,H,,L,Y,4,0,1,2,A,-,08,22107,,N,B,C,A,A,H,-,C,D,0,,,,,Y,,A,01,0,0,1,0,0,0,0,0,0,"- ","- ",36.348690032958984,-119.80831146240234,KINGS,UNINCORPORATED,-119.80826568603516,36.348690032958984
91727857,2022,2022-03-21,9440,2022-03-16,1240,018566,,3,1,9,1600,0,2,4,,1,040,"AVENAL CUTOFF ROAD","25TH AVENUE",5280.00,N,N,A,-,N,,,,,,,,,,Y,2,0,1,1,A,-,08,22107,,N,E,I,A,A,H,-,A,D,0,,,,,Y,,-,"- ",1,0,0,0,0,0,0,0,0,"- ","- ",36.231029510498047,-119.89198303222656,KINGS,UNINCORPORATED,-119.89232635498047,36.230884552001953
91727863,2022,2022-03-21,9440,2022-03-11,0800,016961,,5,1,9,1600,0,2,4,,1,064,"11TH AVENUE","EXCELSIOR AVENUE",2112.00,S,N,A,-,N,,,,,,,,,,Y,4,0,1,1,A,-,08,22107,,N,E,I,A,A,H,-,A,D,0,,,,,Y,,A,07,0,0,1,0,0,0,0,0,0,"- ","- ",36.401119232177734,-119.65495300292969,KINGS,UNINCORPORATED,-119.65496063232422,36.395313262939453
91727877,2022,2022-03-21,9440,2022-03-15,0650,016774,,2,1,9,1600,0,3,5,,2,020,"JERSEY AVE","17TH AVE",1584.00,W,N,A,-,N,,,,,,,,,,Y,4,0,1,2,A,-,08,22107,,N,C,E,A,A,H,-,B,A,0,,,,,Y,,A,08,0,0,1,0,0,0,0,0,0,"- ","- ",36.239948272705078,-119.76889038085938,KINGS,UNINCORPORATED,-119.76815032958984,36.240039825439453
91727881,2022,2022-03-21,9440,2022-02-23,1535,021086,,3,2,9,1600,0,1,3,,1,198,"STATE ROUTE 198 E/B FROM 12TH AVENUE","12TH AVENUE",285.00,E,N,A,-,Y,,,,,,,,,,Y,4,0,1,1,A,-,03,22350,,M,E,8,A,A,H,-,A,D,0,,,,,Y,,A,01,0,0,1,0,0,0,0,0,0,"- ","- ",36.31842041015625,-119.67176055908203,KINGS,UNINCORPORATED,-119.67212677001953,36.318675994873047
91728342,2022,2022-03-21,9440,2022-03-11,0757,018639,,5,1,9,1600,0,2,4,,1,043,"GRANGEVILLE BLVD","BABE RUTH DR.",0.00,,Y,A,-,N,,,,,,,,,,N,3,0,1,2,A,-,05,21650,,N,D,G,A,A,H,-,A,D,0,,Y,,,Y,,L,04,0,1,0,0,0,0,1,0,0,"- ","- ",36.342548370361328,-119.62876892089844,KINGS,UNINCORPORATED,-119.63068389892578,36.342620849609375
91728357,2022,2022-03-21,9440,2022-03-14,1015,016961,,1,1,9,1600,0,2,4,,1,043,"FLINT AVE","16TH AVE",0.00,,Y,A,-,N,,,,,,,,,,Y,3,0,3,2,A,-,12,22450,A,N,D,C,A,A,H,-,A,A,0,,,,,Y,,D,22,0,1,2,0,0,0,0,0,0,"- ","- ",36.371818542480469,-119.74494934082031,KINGS,UNINCORPORATED,-119.74494934082031,36.371818542480469