CASE_ID,ACCIDENT_YEAR,PROC_DATE,JURIS,COLLISION_DATE,COLLISION_TIME,OFFICER_ID,REPORTING_DISTRICT,DAY_OF_WEEK,CHP_SHIFT,POPULATION,CNTY_CITY_LOC,SPECIAL_COND,BEAT_TYPE,CHP_BEAT_TYPE,CITY_DIVISION_LAPD,CHP_BEAT_CLASS,BEAT_NUMBER,PRIMARY_RD,SECONDARY_RD,DISTANCE,DIRECTION,INTERSECTION,WEATHER_1,WEATHER_2,STATE_HWY_IND,CALTRANS_COUNTY,CALTRANS_DISTRICT,STATE_ROUTE,ROUTE_SUFFIX,POSTMILE_PREFIX,POSTMILE,LOCATION_TYPE,RAMP_INTERSECTION,SIDE_OF_HWY,TOW_AWAY,COLLISION_SEVERITY,NUMBER_KILLED,NUMBER_INJURED,PARTY_COUNT,PRIMARY_COLL_FACTOR,PCF_CODE_OF_VIOL,PCF_VIOL_CATEGORY,PCF_VIOLATION,PCF_VIOL_SUBSECTION,HIT_AND_RUN,TYPE_OF_COLLISION,MVIW,PED_ACTION,ROAD_SURFACE,ROAD_COND_1,ROAD_COND_2,LIGHTING,CONTROL_DEVICE,CHP_ROAD_TYPE,PEDESTRIAN_ACCIDENT,BICYCLE_ACCIDENT,MOTORCYCLE_ACCIDENT,TRUCK_ACCIDENT,NOT_PRIVATE_PROPERTY,ALCOHOL_INVOLVED,STWD_VEHTYPE_AT_FAULT,CHP_VEHTYPE_AT_FAULT,COUNT_SEVERE_INJ,COUNT_VISIBLE_INJ,COUNT_COMPLAINT_PAIN,COUNT_PED_KILLED,COUNT_PED_INJURED,COUNT_BICYCLIST_KILLED,COUNT_BICYCLIST_INJURED,COUNT_MC_KILLED,COUNT_MC_INJURED,PRIMARY_RAMP,SECONDARY_RAMP,LATITUDE,LONGITUDE,COUNTY,CITY,POINT_X,POINT_Y
91773081,2022,2022-05-16,9440,2022-05-10,1600,017161,,2,2,9,1600,0,2,4,,1,045,"GRANGEVILLE BLVD","13TH AVE",44.00,W,N,A,-,N,,,,,,,,,,N,4,0,1,2,A,-,21,22106,,N,C,C,A,A,H,-,A,A,0,,,,,Y,,A,07,0,0,1,0,0,0,0,0,0,"- ","- ",36.342559814453125,-119.69129943847656,KINGS,UNINCORPORATED,-119.691162109375,36.342601776123047
91774874,2022,2022-05-18,9440,2022-05-08,2253,019226,,7,3,9,1600,0,1,3,,1,430,"STATE ROUTE 43","KANSAS AVENUE",0.00,,Y,A,G,Y,KIN,,43,,,10.363,H,,R,Y,2,0,3,2,A,-,01,23152,A,N,D,C,A,A,H,-,C,A,0,,,,,Y,Y,D,22,2,1,0,0,0,0,0,0,0,"- ","- ",36.210979461669922,-119.60051727294922,KINGS,UNINCORPORATED,-119.60057830810547,36.210979461669922
91775720,2022,2022-05-19,9440,2022-05-11,1550,019220,,3,2,9,1600,0,2,4,,1,042,"FREMONT AVE","20 1/2 AVE",531.00,E,N,A,-,N,,,,,,,,,,Y,2,0,1,1,A,-,03,22350,,N,F,A,A,A,H,-,A,D,0,,,Y,,Y,,C,02,1,0,0,0,0,0,0,0,1,"- ","- ",36.365131378173828,-119.82296752929688,KINGS,UNINCORPORATED,-119.82331848144531,36.365196228027344
91776249,2022,2022-05-19,9495,2022-05-18,1555,019104,,3,2,9,1600,0,1,1,,2,004,"INTERSTATE 5 SOUTHBOUND","MILHAM AVENUE",753.00,S,N,A,-,Y,KIN,,5,,,18.827,H,,L,Y,4,0,2,1,A,-,08,22107,,N,E,I,A,A,H,-,A,D,0,,,,,Y,,A,01,0,0,2,0,0,0,0,0,0,"- ","- ",36.006401062011719,-119.98609161376953,KINGS,UNINCORPORATED,-119.98603820800781,36.006439208984375
91777703,2022,2022-05-23,9440,2022-05-08,1247,016961,,7,1,9,1600,0,2,4,,1,048,"HOUSTON AVENUE","6TH AVENUE",1056.00,W,N,A,-,N,,,,,,,,,,Y,3,0,1,1,A,-,08,22107,,N,E,I,A,A,H,-,A,D,0,,,,,Y,,D,22,0,1,0,0,0,0,0,0,0,"- ","- ",36.298561096191406,-119.56513977050781,KINGS,UNINCORPORATED,-119.56873321533203,36.298557281494141
91777715,2022,2022-05-23,9440,2022-05-11,2035,017161,,3,2,9,1600,0,1,3,,1,410,SR-41,"JACKSON AVE",0.00,,Y,A,-,Y,KIN,,41,,R,37.791,H,,R,Y,2,0,4,2,A,-,09,21802,A,N,D,C,A,A,H,-,C,A,0,,,,,Y,Y,D,22,3,0,1,0,0,0,0,0,0,"- ","- ",36.254768371582031,-119.80874633789062,KINGS,UNINCORPORATED,-119.80875396728516,36.254772186279297
91777833,2022,2022-05-23,9440,2022-05-13,1528,017161,,5,2,9,1600,0,2,4,,1,061,"6TH AVE","CLINTON AVE",0.00,,Y,A,-,N,,,,,,,,,,Y,3,0,1,2,A,-,09,21802,A,N,D,C,A,A,H,-,A,A,0,,,,,Y,,A,01,0,1,0,0,0,0,0,0,0,"- ","- ",36.452388763427734,-119.56455230712891,KINGS,UNINCORPORATED,-119.56454467773438,36.452365875244141
91777882,2022,2022-05-23,9440,2022-05-16,0555,016774,,1,3,9,1600,0,2,4,,1,062,"10TH AVE","WHITLEY AVE",2112.00,N,N,A,-,N,,,,,,,,,,N,4,0,1,1,A,-,08,22107,,N,F,A,A,A,H,-,B,D,0,,,,,Y,,A,07,0,0,1,0,0,0,0,0,0,"- ","- ",36.104141235351562,-119.64424133300781,KINGS,UNINCORPORATED,-119.64427185058594,36.103755950927734
91778297,2022,2022-05-23,9440,2022-05-16,1054,018639,,1,1,4,1602,0,1,3,,1,198,"SR-198 E/B","12TH AVENUE",1637.00,W,N,A,-,Y,KIN,,198,,R,16.600,H,,R,Y,3,0,1,2,A,-,07,21658,A,N,B,2,A,A,H,-,A,D,0,,,,,Y,,A,01,0,1,0,0,0,0,0,0,0,"- ","- ",36.317661285400391,-119.67839813232422,KINGS,HANFORD,-119.67841339111328,36.317729949951172
91778823,2022,2022-05-24,9440,2022-05-15,0005,021114,,7,3,9,1600,0,1,3,,1,198,"SR-198 E/B","16TH AVE",3696.00,E,N,A,-,Y,KIN,,198,,R,13.383,H,,R,Y,4,0,1,2,A,-,03,22350,,N,C,C,A,A,H,-,D,D,0,,,,,Y,,A,01,0,0,1,0,0,0,0,0,0,"- ","- ",36.302978515625,-119.73306274414062,KINGS,UNINCORPORATED,-119.73307037353516,36.302997589111328
91778921,2022,2022-05-24,9440,2022-05-18,1630,019220,,3,2,9,1600,0,3,5,,2,020,"REDWOOD ST","HUME AVE",165.00,N,N,A,-,N,,,,,,,,,,N,3,0,1,2,A,-,11,21954,A,N,G,B,D,A,H,-,A,D,0,Y,,,,Y,,N,60,0,1,0,0,1,0,0,0,0,"- ","- ",36.306461334228516,-119.71320343017578,KINGS,UNINCORPORATED,-119.71316528320312,36.306175231933594
91779051,2022,2022-05-24,9440,2022-05-06,0726,016585,,5,1,4,1602,0,1,3,,1,198,"SR-198 E/B","11TH AVE U/C",90.00,W,N,A,-,Y,KIN,,198,,R,17.903,H,,R,Y,2,0,1,2,A,-,05,21651,B,F,A,C,A,A,H,-,A,D,0,,,,,Y,,A,01,1,0,0,0,0,0,0,0,0,"- ","- ",36.321239471435547,-119.65556335449219,KINGS,HANFORD,-119.65555572509766,36.321235656738281
91779232,2022,2022-05-24,9440,2022-01-21,1227,016961,,5,1,9,1600,0,3,5,,2,010,"AVE 54","4TH AVE",0.00,,Y,A,-,N,,,,,,,,,,N,1,1,1,1,A,-,03,22350,,N,E,I,A,A,H,-,A,D,0,,,,,Y,,A,07,0,1,0,0,0,0,0,0,0,"- ","- ",35.888050079345703,-119.53782653808594,KINGS,UNINCORPORATED,,
91779455,2022,2022-05-24,9495,2022-05-19,0738,019082,,4,1,9,1600,0,1,1,,2,004,"INTERSTATE 5 (SOUTHBOUND)","KINGS/KERN COUNTY LINE",4752.00,N,N,A,G,Y,KIN,,5,,,0.892,H,,L,Y,3,0,1,1,A,-,08,22107,,N,E,I,A,A,H,-,A,D,0,,,,,Y,,A,01,0,1,0,0,0,0,0,0,0,"- ","- ",35.801048278808594,-119.79120635986328,KINGS,UNINCORPORATED,-119.79116058349609,35.801074981689453
91781182,2022,2022-05-26,9440,2022-05-16,2022,019755,,1,2,9,1600,0,2,4,,1,048,"HOUSTON AVE","10TH AVE",359.00,W,N,A,-,N,,,,,,,,,,Y,3,0,2,2,A,-,01,23152,A,N,C,C,A,A,H,-,D,D,0,,,,,Y,Y,A,01,0,2,0,0,0,0,0,0,0,"- ","- ",36.298690795898438,-119.63778686523438,KINGS,UNINCORPORATED,-119.63816833496094,36.298690795898438
91781187,2022,2022-05-26,9440,2022-05-22,2130,018137,,7,2,9,1600,0,2,4,,1,061,"6TH AVENUE","FLINT AVENUE",0.00,,Y,A,-,N,,,,,,,,,,Y,4,0,1,2,A,-,09,21801,A,N,D,C,A,A,H,-,D,D,0,,,,,Y,,A,01,0,0,1,0,0,0,0,0,0,"- ","- ",36.371959686279297,-119.56501770019531,KINGS,UNINCORPORATED,-119.56500244140625,36.371971130371094
91781686,2022,2022-05-26,9440,2022-05-24,1115,016585,,2,1,9,1600,0,2,4,,1,064,"11TH AVE.","EXCELSIOR AVE.",0.00,,Y,A,-,N,,,,,,,,,,N,4,0,1,2,A,-,09,21802,A,N,D,C,A,A,H,-,A,A,0,,,,,Y,,A,07,0,0,1,0,0,0,0,0,0,"- ","- ",36.401130676269531,-119.65493011474609,KINGS,UNINCORPORATED,-119.65496826171875,36.401111602783203
91785296,2022,2022-05-31,9440,2022-05-21,2125,020947,,6,2,9,1600,0,2,4,,1,050,"KANSAS AVENUE","16TH AVENUE",2112.00,E,N,A,-,N,,,,,,,,,,N,3,0,1,2,A,-,03,22350,,F,H,G,A,A,H,-,D,D,0,,Y,,,Y,,A,01,0,1,0,0,0,0,1,0,0,"- ","- ",36.211090087890625,-119.73642730712891,KINGS,UNINCORPORATED,-119.73728942871094,36.211029052734375
91785338,2022,2022-05-31,9440,2022-05-21,2344,021114,,6,3,9,1600,0,2,4,,1,047,"HANFORD ARMONA RD","19 1/2 AVE",3696.00,W,N,A,-,N,,,,,,,,,,Y,3,0,2,1,A,-,08,22107,,N,E,I,A,A,H,-,D,D,0,,,,,Y,,A,01,0,1,1,0,0,0,0,0,0,"- ","- ",36.313491821289062,-119.82273864746094,KINGS,UNINCORPORATED,-119.82160949707031,36.313426971435547
91785881,2022,2022-06-01,9440,2022-05-25,2315,018137,,3,3,9,1600,0,2,4,,1,045,"GRANGEVILLE BLVD","24TH AVENUE",700.00,W,N,A,-,N,,,,,,,,,,Y,4,0,1,2,A,-,09,21801,A,N,D,C,A,A,H,-,D,D,0,,,,,Y,,D,22,0,0,1,0,0,0,0,0,0,"- ","- ",36.343830108642578,-119.8896484375,KINGS,UNINCORPORATED,-119.8895263671875,36.34381103515625
91786571,2022,2022-06-02,9440,2022-05-26,0158,020998,,4,3,9,1600,0,2,4,,1,050,"KANSAS AVENUE","10 1/2 AVENUE",1320.00,W,N,A,-,N,,,,,,,,,,Y,2,0,1,1,A,-,08,22107,,N,E,I,A,A,H,-,D,D,0,,,,,Y,,A,07,1,0,0,0,0,0,0,0,0,"- ","- ",36.211109161376953,-119.64803314208984,KINGS,UNINCORPORATED,-119.65038299560547,36.211200714111328
91786574,2022,2022-06-02,9440,2022-05-24,1550,019220,,2,2,9,1600,0,2,4,,1,040,"AVENAL CUTOFF RD","25TH AVE",310.00,S,N,A,-,N,,,,,,,,,,Y,4,0,1,2,A,-,03,22350,,N,C,C,A,A,H,-,A,D,0,,,,,Y,,A,01,0,0,1,0,0,0,0,0,0,"- ","- ",36.220211029052734,-119.90598297119141,KINGS,UNINCORPORATED,-119.90596771240234,36.220241546630859
9178694,2020,2020-11-13,1602,2020-09-27,0906,1441,36,7,5,4,1602,0,0,0,,0,002,"GRANGEVILLE BL",POLE,30.00,N,N,A,-,N,,,,,,,,,,N,4,0,2,2,A,-,08,22107,,N,D,C,A,A,H,-,A,D,0,,,,,Y,,A,01,0,0,2,0,0,0,0,0,0,"- ","- ",36.342681884765625,-119.63690185546875,KINGS,HANFORD,,
91787202,2022,2022-06-02,9495,2022-05-26,0800,019082,,4,1,9,1600,0,3,5,,2,054,"NEVADA AVENUE","AVENAL CUTOFF RD.",0.00,,Y,A,-,N,,,,,,,,,,Y,4,0,1,2,A,-,09,21802,A,N,D,C,A,A,H,-,A,A,0,,,,,Y,,A,01,0,0,1,0,0,0,0,0,0,"- ","- ",36.137718200683594,-120.01142883300781,KINGS,UNINCORPORATED,-120.01139068603516,36.137779235839844
91789053,2022,2022-06-06,9440,2022-05-31,1421,019755,,2,2,9,1600,0,2,4,,1,067,"14TH AVE","JACKSON AVE",862.00,S,N,A,-,N,,,,,,,,,,Y,3,0,2,2,A,-,09,21804,A,N,D,C,A,A,H,-,A,D,0,,,,,Y,,D,22,0,2,0,0,0,0,0,0,0,"- ","- ",36.252429962158203,-119.70899963378906,KINGS,UNINCORPORATED,-119.708984375,36.252403259277344
91790734,2022,2022-06-08,9440,2022-05-18,1326,017630,,3,1,9,1600,0,2,4,,1,062,"10TH AVENUE","SEATTLE AVENUE",5280.00,S,N,A,-,N,,,,,,,,,,Y,3,0,1,1,A,-,03,22350,,N,F,A,A,A,H,-,A,D,0,,,,Y,Y,,G,25,0,1,0,0,0,0,0,0,0,"- ","- ",36.963180541992188,-119.64527893066406,KINGS,UNINCORPORATED,-119.64356994628906,35.963417053222656
9179322,2020,2020-11-12,1602,2020-08-22,0820,1440,54,6,5,4,1602,0,0,0,,0,001,"W HANFORD ARMONA RD","ANACAPA ST",0.00,,Y,A,-,N,,,,,,,,,,N,3,0,1,1,A,-,08,22107,,M,A,J,A,A,H,-,A,D,0,,,,,Y,,A,01,0,1,0,0,0,0,0,0,0,"- ","- ",36.313461303710938,-119.65998077392578,KINGS,HANFORD,-119.65994262695312,36.313449859619141
91794205,2022,2022-07-05,9495,2022-06-05,1125,019829,,7,1,9,1600,0,1,1,,2,004,"INTERSTATE 5 (NORTHBOUND)","AVENAL CUTOFF ROAD",750.00,S,N,A,-,Y,KIN,,5,,,24.960,H,,R,Y,4,0,1,2,A,-,07,21658,A,N,B,C,A,A,H,-,A,D,0,,,,Y,Y,,G,25,0,0,1,0,0,0,0,0,0,"- ","- ",36.059608459472656,-120.07340240478516,KINGS,UNINCORPORATED,-120.07334136962891,36.059677124023438
91794625,2022,2022-06-14,9440,2022-06-10,1227,018639,,5,1,9,1600,0,2,4,,1,047,"HANFORD ARMONA RD","17TH AVENUE",1584.00,E,N,A,-,N,,,,,,,,,,Y,4,0,1,1,A,-,08,22107,,N,E,I,A,A,H,-,A,D,0,,,,,Y,,A,01,0,0,1,0,0,0,0,0,0,"- ","- ",36.313468933105469,-119.75733184814453,KINGS,UNINCORPORATED,-119.75741577148438,36.313495635986328
91795021,2022,2022-06-14,9440,2022-06-09,0612,016585,,4,1,9,1600,0,2,4,,1,050,"KANSAS AVE.","18TH AVE.",1660.00,E,N,A,-,N,,,,,,,,,,Y,4,0,1,1,A,-,08,22107,,N,F,A,A,A,H,-,A,D,0,,,,,Y,,A,01,0,0,1,0,0,0,0,0,0,"- ","- ",36.211101531982422,-119.77455902099609,KINGS,UNINCORPORATED,-119.77460479736328,36.211273193359375
91797039,2022,2022-06-16,9440,2022-06-11,1836,019755,,6,2,9,1600,0,2,4,,1,066,"12 3/4 AVENUE","EXCLESIOR AVE",3168.00,N,N,A,-,N,,,,,,,,,,N,4,0,2,2,A,-,06,21750,A,N,B,C,A,A,H,-,A,D,0,,,,,Y,,A,01,0,0,2,0,0,0,0,0,0,"- ","- ",36.410221099853516,-119.68634033203125,KINGS,UNINCORPORATED,-119.68636322021484,36.409854888916016
91797855,2022,2022-06-20,9440,2022-06-16,1638,018639,,4,2,9,1600,0,1,3,,1,198,"SR-198 E/B FROM 14TH AVE","14TH AVENUE",1320.00,E,N,A,-,Y,KIN,,198,,R,15.035,H,,R,Y,4,0,1,2,A,-,03,22350,,N,C,C,A,A,H,-,A,D,0,,,,,Y,,A,01,0,0,1,0,0,0,0,0,0,"- ","- ",36.31011962890625,-119.70482635498047,KINGS,UNINCORPORATED,-119.70486450195312,36.310188293457031
91798557,2022,2022-06-20,9440,2022-06-07,0508,014816,,2,3,9,1600,0,2,4,,1,050,"KANSAS AVENUE","6TH AVENUE",94.00,W,N,A,-,N,,,,,,,,,,Y,2,0,2,2,A,-,09,21801,A,N,D,C,A,A,H,-,D,D,0,,,,,Y,,D,22,1,0,1,0,0,0,0,0,0,"- ","- ",36.211040496826172,-119.56494140625,KINGS,UNINCORPORATED,-119.56527709960938,36.211048126220703
91799077,2022,2022-06-20,9440,2022-06-16,2018,017630,,4,2,9,1600,0,2,4,,1,050,"KANSAS AVE","17TH AVE",3696.00,E,N,A,-,N,,,,,,,,,,Y,3,0,1,1,A,-,08,22107,,N,F,A,A,A,H,-,B,D,0,,,,,Y,,A,01,0,1,0,0,0,0,0,0,0,"- ","- ",36.210990905761719,-119.74783325195312,KINGS,UNINCORPORATED,-119.74980926513672,36.211082458496094
91800217,2022,2022-06-21,9440,2022-06-20,0650,016774,,1,1,9,1600,0,3,5,,2,020,"13TH AVE","HOUSTON AVE",0.00,,Y,A,-,N,,,,,,,,,,N,4,0,1,2,A,-,09,21802,A,N,D,C,A,A,H,-,A,A,0,,,,,Y,,D,22,0,0,1,0,0,0,0,0,0,"- ","- ",36.298351287841797,-119.69072723388672,KINGS,UNINCORPORATED,-119.69120788574219,36.298351287841797
91802318,2022,2022-06-23,9440,2022-06-13,0853,014816,,1,1,9,1600,0,2,4,,1,064,"11TH AVE","KENT AVE",528.00,N,N,A,-,N,,,,,,,,,,Y,2,0,1,1,A,-,08,22107,,N,E,I,A,A,H,-,A,D,0,,,,,Y,,A,01,1,0,0,0,0,0,0,0,0,"- ","- ",36.134140014648438,-119.39179229736328,KINGS,UNINCORPORATED,-119.65483856201172,36.227249145507812
91803649,2022,2022-06-27,9440,2022-06-18,1204,016961,,6,1,9,1600,0,1,3,,1,198,"SR-198 E/B","16TH AVENUE",300.00,E,N,A,-,Y,,,,,,,,,,N,4,0,1,2,A,-,03,22350,,N,C,C,A,A,H,-,A,D,0,,,,,Y,,A,01,0,0,1,0,0,0,0,0,0,"- ","- ",36.300289154052734,-119.73394012451172,KINGS,UNINCORPORATED,-119.74372100830078,36.300411224365234
91803670,2022,2022-06-27,9440,2022-06-18,1558,019755,,6,2,9,1600,0,1,3,,1,430,SR43,"GRANGEVILLE BLVD",0.00,,Y,A,-,Y,KIN,,43,,,19.432,H,,R,Y,3,0,5,2,D,-,00,,,N,D,C,A,A,H,-,A,A,0,,,,,Y,,-,"- ",0,5,0,0,0,0,0,0,0,"- ","- ",36.342548370361328,-119.60090637207031,KINGS,UNINCORPORATED,-119.60091400146484,36.342548370361328
91803673,2022,2022-06-27,9440,2022-06-18,1755,021086,,6,2,9,1600,0,1,3,,1,198,"STATE ROUTE 198 W/B","AVENAL CUTOFF ROAD",112.00,E,N,A,-,Y,KIN,,198,,,5.020,H,,L,Y,3,0,1,1,A,-,08,22107,,N,F,A,A,A,H,-,A,D,0,,,Y,,Y,,C,02,0,1,0,0,0,0,0,0,1,"- ","- ",36.255760192871094,-119.86907196044922,KINGS,UNINCORPORATED,-119.86910247802734,36.255859375
91805080,2022,2022-06-28,9440,2022-06-19,1220,016961,,7,1,9,1600,0,2,4,,1,069,"18TH AVENUE","KANSAS AVENUE",0.00,,Y,A,-,N,,,,,,,,,,Y,3,0,4,2,A,-,12,22450,A,N,D,C,A,A,H,-,A,A,0,,,,,Y,,D,22,0,4,0,0,0,0,0,0,0,"- ","- ",36.211330413818359,-119.78025817871094,KINGS,UNINCORPORATED,-119.78022766113281,36.211318969726562
91805105,2022,2022-06-28,9440,2022-06-21,1435,017161,,2,2,9,1600,0,3,5,,2,010,SR-137,SR-43,331.00,E,N,A,-,Y,KIN,,137,,,0.075,H,,R,Y,4,0,1,2,A,-,08,22107,,N,D,C,A,A,H,-,A,D,0,,,,,Y,,A,07,0,0,1,0,0,0,0,0,0,"- ","- ",36.098049163818359,-119.54437255859375,KINGS,UNINCORPORATED,-119.54437255859375,36.097991943359375
91805765,2022,2022-09-12,9440,2022-06-22,1230,014816,,3,1,9,1600,0,1,3,,1,198,SR-198,"25TH AVENUE",3168.00,W,N,F,-,Y,,,,,,,,,,Y,4,0,2,4,A,-,03,22350,,N,C,C,A,A,H,-,A,D,0,,,,Y,Y,,A,08,0,0,2,0,0,0,0,0,0,"- ","- ",36.151611328125,-119.54572296142578,KINGS,UNINCORPORATED,-119.89837646484375,36.255550384521484
91805864,2022,2022-06-29,9440,2022-06-22,1232,018639,,3,1,9,1600,0,1,3,,1,198,SR-198,"25TH AVE",3168.00,W,N,F,-,Y,KIN,,198,,,2.335,H,,R,Y,4,0,3,3,A,-,03,22350,,N,C,C,A,A,H,-,A,D,0,,,,,Y,,D,22,0,0,3,0,0,0,0,0,0,"- ","- ",36.255100250244141,-119.91700744628906,KINGS,UNINCORPORATED,-119.91701507568359,36.255245208740234
91805941,2022,2022-06-29,9440,2022-06-22,1234,018639,,3,1,9,1600,0,1,3,,1,198,SR-198,"25TH AVE",3696.00,W,N,F,-,Y,KIN,,198,,,2.304,H,,R,Y,4,0,1,5,A,-,03,22350,,N,C,C,A,A,H,-,A,D,0,,,,Y,Y,,D,22,0,0,1,0,0,0,0,0,0,"- ","- ",36.255180358886719,-119.91757202148438,KINGS,UNINCORPORATED,-119.91757202148438,36.255241394042969
91805949,2022,2022-06-29,9440,2022-06-26,2257,019226,,7,3,9,1600,0,1,3,,1,410,"STATE ROUTE 41","LANSING AVENUE",15.00,N,N,A,-,Y,KIN,,41,,,33.590,H,,R,N,4,0,1,2,A,-,03,22350,,N,C,C,A,A,H,-,C,D,0,,,,,Y,,A,01,0,0,1,0,0,0,0,0,0,"- ","- ",36.196788787841797,-119.82256317138672,KINGS,UNINCORPORATED,-119.82257843017578,36.196800231933594
91805966,2022,2022-06-29,9440,2022-06-22,1231,014816,,3,1,9,1600,0,1,3,,1,198,SR198,"25TH AVENUE",3168.00,W,N,F,-,Y,,,,,,,,,,Y,4,0,1,2,A,-,03,22350,,N,C,C,A,A,H,-,A,D,0,,,,,Y,,A,01,0,0,1,0,0,0,0,0,0,"- ","- ",36.151611328125,-119.54572296142578,KINGS,UNINCORPORATED,-119.89837646484375,36.255550384521484
91806196,2022,2022-06-29,9440,2022-06-26,1410,020947,,7,2,9,1600,0,2,4,,1,069,"18TH AVE","JERSEY AVE",0.00,,Y,A,-,N,,,,,,,,,,Y,4,0,1,2,A,-,09,21800,A,N,D,C,A,A,H,-,A,A,0,,,,,Y,,A,01,0,0,1,0,0,0,0,0,0,"- ","- ",36.239971160888672,-119.78067016601562,KINGS,UNINCORPORATED,-119.78072357177734,36.2401123046875
91806751,2022,2022-06-30,9440,2022-06-22,1328,017630,,3,1,9,1600,0,2,4,,1,060,"2ND AVE","HOUSTON AVE",2112.00,S,N,F,-,N,,,,,,,,,,Y,4,0,2,2,A,-,05,21650,,N,B,C,A,A,H,-,A,D,0,,,,,Y,,A,07,0,0,2,0,0,0,0,0,0,"- ","- ",36.291488647460938,-119.49153137207031,KINGS,UNINCORPORATED,-119.49214172363281,36.291984558105469
91806766,2022,2022-06-30,9440,2022-06-25,1140,018639,,6,1,9,1600,0,1,3,,1,430,SR-43,"SR-198 E/B OFF RAMP",0.00,,Y,A,-,Y,KIN,,43,,,18.132,H,,R,Y,4,0,4,2,A,-,12,21453,A,N,D,C,A,A,H,-,A,A,0,,,,,Y,,A,01,0,0,4,0,0,0,0,0,0,"- ","- ",36.3236083984375,-119.60093688964844,KINGS,UNINCORPORATED,-119.60094451904297,36.3236083984375
91806841,2022,2022-06-30,9440,2022-06-25,1340,019755,,6,1,9,1600,0,3,5,,2,020,"IONA AVE","14TH AVE",0.00,,Y,A,-,N,,,,,,,,,,Y,3,0,3,2,A,-,09,21802,A,N,D,C,A,A,H,-,A,A,0,,,,,Y,,A,07,0,2,1,0,0,0,0,0,0,"- ","- ",36.283901214599609,-119.70915985107422,KINGS,UNINCORPORATED,-119.70913696289062,36.283924102783203
91806907,2022,2022-06-30,9440,2022-06-26,1700,019755,,7,2,9,1600,0,2,4,,1,050,"KANSAS AVE","14TH AVE",528.00,W,N,A,-,N,,,,,,,,,,Y,4,0,1,1,A,-,08,22107,,N,E,I,A,A,H,-,A,D,0,,,,,Y,,A,01,0,0,1,0,0,0,0,0,0,"- ","- ",36.211151123046875,-119.71176910400391,KINGS,UNINCORPORATED,-119.71036529541016,36.211112976074219
91807304,2022,2022-06-30,9440,2022-06-20,0141,019226,,1,3,9,1600,0,1,3,,1,430,"STATE ROUTE 43","8 1/2 AVENUE",528.00,N,N,A,-,Y,KIN,,43,,,20.317,H,,R,Y,3,0,1,1,A,-,01,23152,A,N,E,I,A,A,H,-,D,D,0,,,,,Y,Y,A,01,0,1,0,0,0,0,0,0,0,"- ","- ",36.351799011230469,-119.61058044433594,KINGS,UNINCORPORATED,-119.61063385009766,36.351734161376953
91810162,2022,2022-07-05,9440,2022-06-23,1503,020250,,4,2,9,1600,0,1,3,,1,198,"STATE ROUTE 198","6TH AVE.",0.00,,Y,A,-,Y,KIN,,198,,,23.311,H,,R,Y,3,0,1,2,A,-,09,21801,A,N,D,C,A,A,H,-,A,D,0,,,,Y,Y,,G,25,0,1,0,0,0,0,0,0,0,"- ","- ",36.328178405761719,-119.56529998779297,KINGS,UNINCORPORATED,-119.56529998779297,36.328212738037109
91811005,2022,2022-07-06,9440,2022-06-26,2030,020947,,7,2,9,1600,0,3,5,,2,030,"CROSS ST","CENTER ST",0.00,,Y,A,-,N,,,,,,,,,,N,2,0,1,1,A,-,08,22107,,N,F,A,A,A,H,-,B,D,0,,,Y,,Y,,-,"- ",1,0,0,0,0,0,0,0,1,"- ","- ",36.194869995117188,-119.82260894775391,KINGS,UNINCORPORATED,-119.82253265380859,36.194957733154297
91811018,2022,2022-07-06,9495,2022-06-28,0545,019829,,2,3,9,1600,0,3,5,,2,054,"30TH AVENUE","ORANGE AVENUE",2376.00,S,N,A,-,N,,,,,,,,,,N,4,0,2,2,A,-,08,22107,,N,A,C,A,A,H,-,A,D,0,,,,,Y,,D,22,0,0,2,0,0,0,0,0,0,"- ","- ",36.102310180664062,-120.00373840332031,KINGS,UNINCORPORATED,-120.00369262695312,36.102275848388672
91811309,2022,2022-07-06,9440,2022-06-29,1640,020947,,3,2,9,1600,0,2,4,,1,044,"FARGO AVE","14TH AVE",0.00,,Y,A,-,N,,,,,,,,,,N,3,0,2,2,A,-,09,21802,A,N,D,C,A,A,H,-,A,A,0,,,,,Y,,A,01,0,2,0,0,0,0,0,0,0,"- ","- ",36.357151031494141,-119.70900726318359,KINGS,UNINCORPORATED,-119.70899200439453,36.357181549072266
9181194,2020,2020-12-12,1602,2020-09-27,1505,1427,47,7,5,4,1602,0,0,0,,0,001,"W 7TH ST","11TH AV",0.00,,Y,A,-,N,,,,,,,,,,Y,2,0,2,2,A,-,12,21453,A,N,D,C,A,A,H,-,A,A,0,,,,,Y,,D,22,1,1,0,0,0,0,0,0,0,"- ","- ",36.325229644775391,-119.65502166748047,KINGS,HANFORD,-119.65518188476562,36.325210571289062