CASE_ID,ACCIDENT_YEAR,PROC_DATE,JURIS,COLLISION_DATE,COLLISION_TIME,OFFICER_ID,REPORTING_DISTRICT,DAY_OF_WEEK,CHP_SHIFT,POPULATION,CNTY_CITY_LOC,SPECIAL_COND,BEAT_TYPE,CHP_BEAT_TYPE,CITY_DIVISION_LAPD,CHP_BEAT_CLASS,BEAT_NUMBER,PRIMARY_RD,SECONDARY_RD,DISTANCE,DIRECTION,INTERSECTION,WEATHER_1,WEATHER_2,STATE_HWY_IND,CALTRANS_COUNTY,CALTRANS_DISTRICT,STATE_ROUTE,ROUTE_SUFFIX,POSTMILE_PREFIX,POSTMILE,LOCATION_TYPE,RAMP_INTERSECTION,SIDE_OF_HWY,TOW_AWAY,COLLISION_SEVERITY,NUMBER_KILLED,NUMBER_INJURED,PARTY_COUNT,PRIMARY_COLL_FACTOR,PCF_CODE_OF_VIOL,PCF_VIOL_CATEGORY,PCF_VIOLATION,PCF_VIOL_SUBSECTION,HIT_AND_RUN,TYPE_OF_COLLISION,MVIW,PED_ACTION,ROAD_SURFACE,ROAD_COND_1,ROAD_COND_2,LIGHTING,CONTROL_DEVICE,CHP_ROAD_TYPE,PEDESTRIAN_ACCIDENT,BICYCLE_ACCIDENT,MOTORCYCLE_ACCIDENT,TRUCK_ACCIDENT,NOT_PRIVATE_PROPERTY,ALCOHOL_INVOLVED,STWD_VEHTYPE_AT_FAULT,CHP_VEHTYPE_AT_FAULT,COUNT_SEVERE_INJ,COUNT_VISIBLE_INJ,COUNT_COMPLAINT_PAIN,COUNT_PED_KILLED,COUNT_PED_INJURED,COUNT_BICYCLIST_KILLED,COUNT_BICYCLIST_INJURED,COUNT_MC_KILLED,COUNT_MC_INJURED,PRIMARY_RAMP,SECONDARY_RAMP,LATITUDE,LONGITUDE,COUNTY,CITY,POINT_X,POINT_Y
92289532,2024,2024-01-17,9440,2024-01-07,"800 ",019829,,7,1,9,1600,0,1,3,,1,430,"STATE ROUTE 43 (CENTRAL VALLEY HIGHWAY)","8 1/2 AVENUE",528.00,N,N,A,-,Y,KIN,,43," "," ",20.375,H,,R,N,3,0,2,1,A,-,08,22107,,M,E,I,A,A,H,-,A,D,0,,,,,Y,,A,01,0,2,0,0,0,0,0,0,0,"- ","- ",36.352161407470703,-119.61152648925781,KINGS,UNINCORPORATED,-119.61148834228516,36.352210998535156
92289556,2023,2024-01-17,9440,2023-08-06,"436 ",021114,,7,3,9,1600,0,3,5,,2,020,"15TH AVE","HANFORD ARMONA RD",3168.00,S,N,A,-,Y,KIN,,198," ",R,13.733,H,,L,Y,1,1,0,1,A,-,01,23152,A,N,E,8,A,A,H,-,D,D,0,,,,,Y,Y,A,01,0,0,0,0,0,0,0,0,0,"- ","- ",36.304779052734375,-119.72714233398438,KINGS,UNINCORPORATED,-119.72706604003906,36.304592132568359
9229167,2020,2021-03-05,1602,2020-12-25,1616,1493,48,5,5,4,1602,0,0,0,,0,002,"W 7TH ST",PHILLIPS,15.00,W,N,A,-,N,,,,,,,,,,Y,3,0,2,2,A,-,12,22450,,F,D,C,A,A,H,-,A,A,0,,,,,Y,,-,,0,2,0,0,0,0,0,0,0,"- ","- ",36.326141357421875,-119.64887237548828,KINGS,HANFORD,-119.6505126953125,36.325881958007812
92293258,2024,2024-01-22,9440,2024-01-09,2157,020947,,2,2,9,1600,0,3,5,,2,020,"JACKSON AVE","10TH AVE",1584.00,W,N,A,-,N,,,,,,,,,,Y,2,0,1,2,A,-,11,21956,A,N,G,B,E,A,H,-,D,D,0,Y,,,,Y,,N,60,1,0,0,0,1,0,0,0,0,"- ","- ",36.254890441894531,-119.64270782470703,KINGS,UNINCORPORATED,-119.64221954345703,36.254909515380859
92293544,2024,2024-01-22,9440,2024-01-14,"205 ",021213,,7,3,9,1600,0,1,3,,1,198,"STATE ROUTE 198 (WESTBOUND)","AVENAL CUTOFF ROAD",70.00,E,N,A,-,Y,KIN,,198," "," ",5.013,H,,R,Y,4,0,1,1,A,-,08,22107,,N,E,I,A,A,H,-,C,D,0,,,,,Y,,A,01,0,0,1,0,0,0,0,0,0,"- ","- ",36.255729675292969,-119.86921691894531,KINGS,UNINCORPORATED,-119.86920166015625,36.255630493164062
92295117,2024,2024-01-23,9440,2024-01-17,1552,019755,,3,2,9,1600,0,2,4,,1,040,"AVENAL CUTOFF RD","LAUREL AVE",45.00,N,N,A,-,N,,,,,,,,,,N,4,0,1,3,A,-,03,22350,,N,C,C,A,A,H,-,A,D,0,,,,,Y,,-,"- ",0,0,1,0,0,0,0,0,0,"- ","- ",36.189590454101562,-119.94519805908203,KINGS,UNINCORPORATED,-119.94538879394531,36.189434051513672
92296214,2024,2024-01-24,9440,2024-01-18,"130 ",020936,,4,3,9,1600,0,2,4,,1,047,"HANFORD ARMONA RD","13TH AVE",700.00,W,N,A,-,Y,KIN,,198," ",R,15.728,H,,L,Y,4,0,1,1,A,-,03,22350,,N,F,A,A,A,H,-,C,A,0,,,,Y,Y,,G,25,0,0,1,0,0,0,0,0,0,"- ","- ",36.314151763916016,-119.69352722167969,KINGS,UNINCORPORATED,-119.69342803955078,36.313949584960938
9229675,2020,2021-02-27,1603,2020-12-01,1403,1800,LJ3,2,5,3,1603,0,0,0,,0,0L2,"EAST CINNAMON DR","FRONTAGE RD",13.00,S,N,A,-,N,,,,,,,,,,N,3,0,1,2,A,-,09,21802,A,N,B,G,A,A,H,-,A,D,0,,Y,,,Y,,A,01,0,1,0,0,0,0,1,0,0,"- ","- ",,,KINGS,LEMOORE,-119.76941680908203,36.313232421875
92297172,2024,2024-01-25,9440,2024-01-22,"752 ",019755,,1,1,9,1600,0,2,4,,1,044,"FARGO AVE",SR43,20.00,W,N,B,C,N,,,,,,,,,,N,4,0,1,2,A,-,03,22350,,N,C,C,A,B,H,-,A,A,0,,,,,Y,,A,07,0,0,1,0,0,0,0,0,0,"- ","- ",36.357219696044922,-119.62064361572266,KINGS,UNINCORPORATED,-119.62049865722656,36.357219696044922
92297297,2024,2024-01-25,9440,2024-01-23,"640 ",019829,,2,1,9,1600,0,1,3,,1,198,"STATE ROUTE 198 (WESTBOUND)","21ST AVENUE",2640.00,W,N,C,-,Y,KIN,,198," "," ",6.776,H,,R,Y,3,0,1,3,A,-,07,21658,A,M,D,C,A,B,H,-,D,D,0,,,,Y,Y,,D,22,0,1,0,0,0,0,0,0,0,"- ","- ",36.267749786376953,-119.84142303466797,KINGS,UNINCORPORATED,-119.84130096435547,36.267578125
92297306,2024,2024-01-25,9440,2024-01-23,"700 ",019829,,2,1,9,1600,0,1,3,,1,198,"STATE ROUTE 198 (EASTBOUND)","10TH AVENUE",150.00,E,N,C,-,Y,KIN,,198," ",R,19.067,H,,R,Y,3,0,1,1,A,-,08,22107,,N,F,I,A,B,H,-,A,D,0,,,,,Y,,A,01,0,1,0,0,0,0,0,0,0,"- ","- ",36.324321746826172,-119.63504791259766,KINGS,UNINCORPORATED,-119.63505554199219,36.324337005615234
92297762,2024,2024-01-26,9440,2024-01-13,1915,021114,,6,2,9,1600,0,1,3,,1,430,SR-43,"ELDER AVE",853.00,S,N,A,-,Y,KIN,,43," "," ",23.297,H,,R,Y,3,0,1,2,A,-,01,23152,A,N,D,C,A,A,H,-,D,D,0,,,,Y,Y,Y,A,01,0,1,0,0,0,0,0,0,0,"- ","- ",36.384201049804688,-119.63704681396484,KINGS,UNINCORPORATED,-119.63706970214844,36.384201049804688
9229936,2021,2021-03-22,1602,2021-01-26,0612,1494,55,2,5,4,1602,0,0,0,,0,002,"S 11TH AV","4TH ST",0.00,,Y,A,-,N,,,,,,,,,,Y,3,0,2,2,A,-,12,21453,A,N,D,C,A,A,H,-,B,A,0,,,,,Y,,-,"- ",0,1,1,0,0,0,0,0,0,"- ","- ",36.321399688720703,-119.65692901611328,KINGS,HANFORD,-119.65509033203125,36.321994781494141
9229937,2021,2021-03-19,1602,2021-01-23,2116,1429,8,6,5,4,1602,0,0,0,,0,001,"W FARGO AV","GLACIER WY",0.00,,Y,A,-,N,,,,,,,,,,Y,2,0,6,2,A,-,09,21801,A,N,D,C,A,A,H,-,C,A,0,,,,,Y,,A,01,4,1,1,0,0,0,0,0,0,"- ","- ",36.35723876953125,-119.66182708740234,KINGS,HANFORD,-119.66181945800781,36.357265472412109
9229938,2021,2021-03-22,1602,2021-01-11,2311,14100,59,1,5,4,1602,0,0,0,,0,001,"S 12TH AV","ORIOLE ST",0.00,,Y,A,-,N,,,,,,,,,,Y,3,0,1,3,A,-,01,23152,,N,C,C,A,A,H,-,C,D,0,,,,,Y,Y,A,01,0,1,0,0,0,0,0,0,0,"- ","- ",36.308799743652344,-119.67289733886719,KINGS,HANFORD,-119.67295837402344,36.311389923095703
9229939,2021,2021-03-19,1602,2021-01-24,0726,1440,26,7,5,4,1602,0,0,0,,0,002,"E GRANGEVILLE BL","N BROWN ST",18.00,E,N,A,-,N,,,,,,,,,,Y,3,0,1,1,A,-,01,23152,A,N,E,I,A,B,H,-,A,D,0,,,,,Y,Y,A,07,0,1,0,0,0,0,0,0,0,"- ","- ",36.342700958251953,-119.64568328857422,KINGS,HANFORD,-119.64264678955078,36.342681884765625
9229940,2021,2021-03-19,1602,2021-01-28,0947,1421,40,4,5,4,1602,0,0,0,,0,001,"WEST LACEY BL","11TH AV",0.00,,Y,C,-,N,,,,,,,,,,N,4,0,1,2,A,-,21,22106,,N,G,B,B,B,H,-,A,A,0,Y,,,,Y,,A,01,0,0,1,0,1,0,0,0,0,"- ","- ",36.328128814697266,-119.65521240234375,KINGS,HANFORD,-119.65519714355469,36.328048706054688
92299591,2024,2024-01-29,9440,2024-01-22,"850 ",019226,,1,1,9,1600,0,2,4,,1,067,"14TH AVE","IONA AVE",1056.00,N,N,C,-,N,,,,,,,,,,Y,3,0,2,2,A,-,05,21650,,N,A,C,A,B,H,-,A,D,0,,,,,Y,,D,22,0,2,0,0,0,0,0,0,0,"- ","- ",36.287010192871094,-119.70919036865234,KINGS,UNINCORPORATED,-119.70916748046875,36.286819458007812
92300045,2024,2024-01-29,9495,2024-01-06,2200,021877,,6,3,9,1600,0,1,3,,1,010,"STATE ROUTE 41","STATE ROUTE 33",0.00,,Y,A,-,Y,KIN,,41," "," ",8.100,H,,R,Y,4,0,1,2,A,-,12,21453,A,F,D,C,A,A,H,-,C,A,0,,,,,Y,,A,01,0,0,1,0,0,0,0,0,0,"- ","- ",35.888931274414062,-120.04634094238281,KINGS,UNINCORPORATED,-120.04631805419922,35.888919830322266
9230022,2021,2021-03-19,1603,2021-01-14,2050,899,LK1,4,5,3,1603,0,0,0,,0,0L2,"E SPRUCE AV","NORTH LEMOORE AV",100.00,E,N,A,-,N,,,,,,,,,,Y,3,0,1,1,A,-,08,22107,,N,E,J,A,A,H,-,C,D,0,,,,,Y,,A,01,0,1,0,0,0,0,0,0,0,"- ","- ",,,KINGS,LEMOORE,-119.78044891357422,36.319194793701172
92301152,2024,2024-01-30,9495,2024-01-24,1200,021186,,3,1,9,1600,0,1,1,,2,004,"INTERSTATE 5 NORTHBOUND","XENIA AVENUE",2112.00,N,N,B,C,Y,KIN,,5," "," ",4.864,H,,R,Y,4,0,2,2,A,-,03,22350,,N,C,C,A,B,H,-,A,D,0,,,,,Y,,A,01,0,0,2,0,0,0,0,0,0,"- ","- ",35.849788665771484,-119.82826232910156,KINGS,UNINCORPORATED,-119.82823944091797,35.849800109863281
92301218,2024,2024-01-30,9495,2024-01-24,1205,021186,,3,1,9,1600,0,1,1,,2,004,"INTERSTATE 5 NORTHBOUND","XENIA AVENUE",2112.00,N,N,B,C,Y,KIN,,5," "," ",4.850,H,,R,N,4,0,1,2,A,-,08,22107,,N,G,B,E,B,H,-,A,D,0,Y,,,,Y,,-,"- ",0,0,1,0,1,0,0,0,0,"- ","- ",35.849609375,-119.82816314697266,KINGS,UNINCORPORATED,-119.82810974121094,35.849639892578125
92301655,2024,2024-01-31,9440,2024-01-28,1400,019829,,7,2,9,1600,0,2,4,,1,062,"10TH AVENUE","HOME AVE",0.00,,Y,A,-,N,,,,,,,,,,Y,2,0,6,2,A,-,09,21801,A,N,A,C,A,A,H,-,A,D,0,,,,,Y,,D,22,1,0,5,0,0,0,0,0,0,"- ","- ",36.304241180419922,-119.63668823242188,KINGS,UNINCORPORATED,-119.63694763183594,36.304210662841797
92301657,2024,2024-01-31,9440,2024-01-28,1550,019829,,7,2,9,1600,0,2,4,,1,044,"FARGO AVENUE","7TH AVENUE",2640.00,W,N,A,-,N,,,,,,,,,,N,3,0,1,1,A,-,08,22107,,N,E,I,A,A,H,-,A,D,0,,,,,Y,,D,22,0,1,0,0,0,0,0,0,0,"- ","- ",36.357261657714844,-119.58509826660156,KINGS,UNINCORPORATED,-119.59198760986328,36.357170104980469
92301891,2024,2024-01-31,9440,2024-01-30,1415,019226,,2,2,9,1600,0,2,4,,1,045,"GRANGEVILLE BLVD.","13 1/2 AVE",400.00,W,N,A,-,N,,,,,,,,,,Y,3,0,1,1,A,-,08,22107,,N,E,I,A,A,H,-,A,D,0,,,,,Y,,A,01,0,1,0,0,0,0,0,0,0,"- ","- ",36.342521667480469,-119.70139312744141,KINGS,UNINCORPORATED,-119.70132446289062,36.34259033203125
92301946,2023,2024-01-31,9440,2023-05-27,2140,020998,,6,2,9,1600,0,1,3,,1,430,SR-43,"DOVER AVENUE",1391.00,S,N,A,-,Y,KIN,,43," "," ",25.210,H,,R,Y,1,1,1,3,A,-,06,21751,,N,B,C,A,A,H,-,D,D,0,,,Y,,Y,,A,01,1,0,0,0,0,0,0,1,1,"- ","- ",36.411861419677734,-119.63680267333984,KINGS,UNINCORPORATED,-119.63682556152344,36.411861419677734
92305351,2024,2024-02-05,9440,2024-01-31,"655 ",018840,,3,1,9,1600,0,3,5,,2,010,SR-43,"5TH AVENUE",0.00,,Y,B,-,Y,KIN,,43," "," ",2.258,H,,R,Y,4,0,1,3,A,-,12,22450,A,M,D,C,A,A,H,-,A,A,0,,,,,Y,,-,99,0,0,1,0,0,0,0,0,0,"- ","- ",36.106861114501953,-119.55423736572266,KINGS,UNINCORPORATED,-119.55423736572266,36.106861114501953
92305383,2024,2024-02-05,9440,2024-01-29,"618 ",019755,,1,1,9,1600,0,1,3,,1,198,"SR-198 W/B","2ND AVE",0.00,,Y,E,-,Y,KIN,,198," "," ",27.339,H,,L,Y,2,0,2,2,A,-,09,21802,A,N,D,C,A,A,H,-,C,A,0,,,,,Y,,A,01,1,1,0,0,0,0,0,0,0,"- ","- ",36.328548431396484,-119.49311828613281,KINGS,UNINCORPORATED,-119.49311828613281,36.328559875488281
92305387,2024,2024-02-05,9440,2024-01-30,"935 ",019226,,2,1,9,1600,0,2,4,,1,045,"GRANGEVILLE BLVD.","LILLY WAY",10.00,E,N,A,-,N,,,,,,,,,,N,4,0,2,2,A,-,03,22350,,N,C,C,A,A,H,-,A,D,0,,,,,Y,,-,"- ",0,0,2,0,0,0,0,0,0,"- ","- ",36.342601776123047,-119.71671295166016,KINGS,UNINCORPORATED,-119.71684265136719,36.34259033203125
92305464,2024,2024-02-05,9495,2024-01-28,1108,021186,,7,1,9,1600,0,1,3,,1,010,"STATE ROUTE 41 NORTHBOUND","WARD DRIVE",17.00,N,N,A,-,Y,KIN,,41," "," ",16.656,H,,R,N,4,0,3,2,A,-,09,21802,A,N,D,C,A,A,H,-,A,A,0,,,,,Y,,A,01,0,0,3,0,0,0,0,0,0,"- ","- ",35.987228393554688,-119.95964813232422,KINGS,UNINCORPORATED,-119.95964050292969,35.987228393554688
92306956,2024,2024-02-06,9440,2024-01-27,1625,016585,,6,2,9,1600,0,1,3,,1,198,"SR-198 W/B","6TH AVE",325.00,W,N,A,-,Y,KIN,,198," "," ",23.255,H,,L,Y,4,0,1,1,A,-,03,22350,,N,E,I,A,A,H,-,A,D,0,,,,,Y,,A,01,0,0,1,0,0,0,0,0,0,"- ","- ",36.328578948974609,-119.56629943847656,KINGS,UNINCORPORATED,-119.56629943847656,36.328533172607422
92307045,2024,2024-02-06,9440,2024-02-01,1631,016961,,4,2,9,1600,0,3,5,,2,010,"JACKSON AVE","9TH AVE",1056.00,W,N,C,F,N,,,,,,,,,,Y,4,0,1,2,A,-,03,22350,,N,A,C,A,B,G,-,A,D,0,,,,,Y,,A,01,0,0,1,0,0,0,0,0,0,"- ","- ",36.254940032958984,-119.62187194824219,KINGS,UNINCORPORATED,-119.62250518798828,36.254909515380859
92307257,2024,2024-02-06,9440,2024-02-01,1610,020716,,4,2,9,1600,0,1,3,,1,198,"STATE ROUTE 198 EASTBOUND","HOUSTON AVENUE",1584.00,W,N,B,F,Y,KIN,,198," ",R,11.809,H,,R,Y,4,0,2,2,A,-,03,22350,,N,C,C,A,C,G,-,A,D,0,,,,,Y,,A,01,0,0,2,0,0,0,0,0,0,"- ","- ",36.295440673828125,-119.75961303710938,KINGS,UNINCORPORATED,-119.75959014892578,36.295417785644531
92308786,2024,2024-02-08,9495,2024-02-06,"630 ",019104,,2,1,9,1600,0,3,5,,2,054,"UTICA AVENUE","STATE ROUTE 41",7392.00,W,N,B,C,N,,,,,,,,,,Y,4,0,1,1,A,-,03,22350,,N,E,I,A,B,F,-,D,D,0,,,,,Y,,-,"- ",0,0,1,0,0,0,0,0,0,"- ","- ",35.935070037841797,-120.04387664794922,KINGS,UNINCORPORATED,-120.04304504394531,35.935081481933594
92309107,2024,2024-02-08,9440,2024-01-23,1845,020250,,2,2,9,1600,0,3,5,,2,030,"JERSEY AVE.","21ST AVE.",196.00,W,N,A,-,N,,,,,,,,,,Y,3,0,1,1,A,-,03,22350,,N,E,I,A,A,H,-,D,A,0,,,,,Y,,D,22,0,1,0,0,0,0,0,0,0,"- ","- ",36.240669250488281,-119.83441925048828,KINGS,UNINCORPORATED,-119.83434295654297,36.24066162109375
92309569,2023,2024-02-08,9440,2023-11-13,1725,021213,,1,2,9,1600,0,3,5,,2,010,"LACEY BOULEVARD","COUNTRY LANE",92.00,W,N,A,-,N,,,,,,,,,,N,1,1,0,2,A,-,11,21954,A,N,G,B,D,A,H,-,D,D,0,Y,,,,Y,,N,60,0,0,0,1,0,0,0,0,0,"- ","- ",36.328018188476562,-119.61541748046875,KINGS,UNINCORPORATED,-119.61533355712891,36.327991485595703
92310029,2024,2024-02-09,9440,2024-01-26,1730,021213,,5,2,9,1600,0,3,5,,2,020,"GRANGEVILLE BOULEVARD","15TH AVENUE",1584.00,W,N,A,-,N,,,,,,,,,,Y,3,0,1,1,A,-,01,23152,A,N,E,I,A,A,H,-,D,D,0,,,,,Y,Y,A,01,0,1,0,0,0,0,0,0,0,"- ","- ",36.342628479003906,-119.73252868652344,KINGS,UNINCORPORATED,-119.73223114013672,36.34259033203125
92311442,2024,2024-02-12,9440,2024-02-05,"5   ",020998,,1,3,9,1600,0,1,3,,1,410,"SR-41 N/B","FREMONT AVE",12.00,S,N,B,-,Y,KIN,,41," ",R,45.760,H,,R,Y,4,0,1,1,A,-,08,22107,,N,E,8,A,B,H,-,D,D,0,,,,,Y,,A,01,0,0,1,0,0,0,0,0,0,"- ","- ",36.365699768066406,-119.80959320068359,KINGS,UNINCORPORATED,-119.8096923828125,36.365699768066406
92312050,2024,2024-02-12,9440,2024-02-06,1505,018840,,2,2,9,1600,0,1,3,,1,198,"SR-198 W/B",SR-43,2534.00,E,N,B,-,Y,KIN,,198," ",R,21.457,H,,L,Y,4,0,1,2,A,-,08,22107,,N,C,C,A,A,D,-,A,D,0,,,,,Y,,A,01,0,0,1,0,0,0,0,0,0,"- ","- ",36.327640533447266,-119.59287261962891,KINGS,UNINCORPORATED,-119.59288787841797,36.327713012695312
92313067,2024,2024-02-13,9495,2024-02-02,"100 ",021602,,5,3,9,1600,0,3,5,,2,054,"QUAIL AVENUE","STATE ROUTE 41",2112.00,W,N,A,-,N,,,,,,,,,,Y,2,0,1,1,A,-,08,22107,,N,F,A,A,B,H,-,D,D,0,,,,,Y,Y,A,01,1,0,0,0,0,0,0,0,0,"- ","- ",36.036369323730469,-119.96576690673828,KINGS,UNINCORPORATED,-119.96611022949219,36.036331176757812
92313182,2024,2024-02-13,9440,2024-02-06,1600,019226,,2,2,9,1600,0,3,5,,2,020,"13TH AVENUE","HANFORD ARMONA RD",10.00,S,N,A,-,N,,,,,,,,,,N,4,0,1,2,A,-,03,22350,,N,C,C,A,A,H,-,A,A,0,,,,,Y,,A,01,0,0,1,0,0,0,0,0,0,"- ","- ",36.313461303710938,-119.69094848632812,KINGS,UNINCORPORATED,-119.69100952148438,36.313533782958984
92313703,2024,2024-02-14,9440,2024-02-05,"455 ",020936,,1,3,9,1600,0,3,5,,2,010,"SANTA FE AVE","OREGON AVENUE",4224.00,S,N,A,-,N,,,,,,,,,,Y,2,0,1,2,A,-,08,22107,,N,C,E,A,B,H,-,D,D,0,,,,Y,Y,,A,01,1,0,0,0,0,0,0,0,0,"- ","- ",36.076671600341797,-119.54067230224609,KINGS,UNINCORPORATED,-119.54104614257812,36.077121734619141
92314857,2024,2024-02-15,9440,2024-01-21,1840,021665,,7,2,9,1600,0,2,4,,1,050,"19TH AVE","KANSAS AVE",0.00,,Y,A,-,N,,,,,,,,,,Y,3,0,3,2,A,-,09,21802,A,N,D,2,A,A,H,-,D,A,0,,,,,Y,,A,01,0,2,1,0,0,0,0,0,0,"- ","- ",36.211418151855469,-119.79817962646484,KINGS,UNINCORPORATED,-119.79814910888672,36.211418151855469
92318173,2023,2024-02-20,9440,2023-09-25,"615 ",018639,,1,1,9,1600,0,1,3,,1,430,"SR43 N/B","PICKERELL AVENUE",0.00,,Y,A,-,Y,KIN,,43," "," ",2.260,H,,R,Y,1,1,0,2,A,-,12,22450,A,N,D,C,A,A,H,-,D,A,0,,,,Y,Y,,A,01,0,0,0,0,0,0,0,0,0,"- ","- ",36.106868743896484,-119.55426788330078,KINGS,UNINCORPORATED,-119.55426788330078,36.10687255859375
92319607,2023,2024-02-21,9440,2023-04-30,1510,019226,,7,2,9,1600,0,2,4,,1,040,"AVENAL CUTOFF ROAD","LAUREL AVENUE",2112.00,N,N,A,-,N,,,,,,,,,,Y,1,2,2,2,A,-,01,23152,F,N,A,C,A,A,H,-,A,D,0,,,,,Y,,A,01,1,1,0,0,0,0,0,0,0,"- ","- ",36.193828582763672,-119.93978881835938,KINGS,UNINCORPORATED,-119.94033813476562,36.193363189697266
92322977,2024,2024-02-26,9440,2024-02-14,1930,020998,,3,2,9,1600,0,3,5,,2,020,"LAUREL AVENUE","18TH AVENUE",1475.00,E,N,A,-,N,,,,,,,,,,Y,4,0,2,3,A,-,03,22350,,N,D,C,A,A,H,-,D,D,0,,,,,Y,,A,01,0,0,2,0,0,0,0,0,0,"- ","- ",36.189411163330078,-119.77523803710938,KINGS,UNINCORPORATED,-119.77529144287109,36.189407348632812
92327025,2024,2024-03-01,9495,2024-02-26,2140,019453,,1,2,9,1600,0,1,1,,2,004,"INTERSTATE 5 NORTHBOUND","25TH AVENUE",1584.00,S,N,B,-,Y,KIN,,5," "," ",14.271,H,,R,Y,4,0,1,2,A,-,03,22350,,N,C,C,A,A,H,-,D,D,0,,,,Y,Y,,A,01,0,0,1,0,0,0,0,0,0,"- ","- ",35.955928802490234,-119.93376159667969,KINGS,UNINCORPORATED,-119.93373107910156,35.955951690673828
9232798,2021,2021-03-08,1602,2021-01-02,1800,1493,55,6,5,4,1602,0,0,0,,0,002,"11TH AV","5TH ST",3.00,S,N,A,-,N,,,,,,,,,,Y,3,0,1,2,A,-,03,22350,,N,C,C,A,A,H,-,C,A,0,,,,,Y,,A,07,0,1,0,0,0,0,0,0,0,"- ","- ",36.312999725341797,-119.65499877929688,KINGS,HANFORD,-119.65521240234375,36.323192596435547
92328820,2024,2024-03-04,9440,2024-02-28,"600 ",019226,,3,1,9,1600,0,2,4,,1,046,"LACEY BLVD","16TH AVENUE",2112.00,W,N,A,-,N,,,,,,,,,,Y,3,0,2,2,A,-,09,21801,A,N,D,C,A,A,H,-,D,D,0,,,,,Y,,-,"- ",0,1,1,0,0,0,0,0,0,"- ","- ",36.328060150146484,-119.75244903564453,KINGS,UNINCORPORATED,-119.75191497802734,36.328052520751953
92329003,2024,2024-03-04,9440,2024-02-27,1712,018840,,2,2,9,1600,0,1,3,,1,410,"SR-41 N/B","JACKSON AVE",0.00,,Y,A,-,Y,KIN,,41," ",R,37.788,H,,R,Y,3,0,2,2,A,-,09,21802,A,N,D,C,A,A,H,-,B,A,0,,,,,Y,,A,01,0,1,1,0,0,0,0,0,0,"- ","- ",36.254730224609375,-119.80874633789062,KINGS,UNINCORPORATED,-119.80876922607422,36.254734039306641
92329004,2024,2024-03-04,9440,2024-02-27,"645 ",019829,,2,1,9,1600,0,2,4,,1,045,"GRANGEVILLE BLVD","13TH AVENUE",2640.00,W,N,A,-,N,,,,,,,,,,N,4,0,1,2,A,-,03,22350,,N,C,C,A,A,H,-,A,D,0,,,,,Y,,A,01,0,0,1,0,0,0,0,0,0,"- ","- ",36.342540740966797,-119.69798278808594,KINGS,UNINCORPORATED,-119.69996643066406,36.34259033203125
92329012,2024,2024-03-04,9440,2024-02-28,1000,019226,,3,1,9,1600,0,2,4,,1,043,"FLINT AVENUE","14TH AVENUE",0.00,,Y,A,-,N,,,,,,,,,,Y,3,0,2,2,A,-,12,22450,A,N,D,C,A,A,H,-,A,A,0,,,,,Y,,D,22,0,1,1,0,0,0,0,0,0,"- ","- ",36.371700286865234,-119.70894622802734,KINGS,UNINCORPORATED,-119.70896148681641,36.371707916259766
92329118,2023,2024-03-20,9440,2023-10-03,2356,020936,,2,3,9,1600,0,1,3,,1,410,"SR-41 S/B","HANFORD ARMONA RD",100.00,N,N,A,-,Y,KIN,,41," ",R,42.170,H,,L,Y,1,1,0,2,A,-,03,22350,,N,C,C,A,A,H,-,C,A,0,,,,Y,Y,,D,22,0,0,0,0,0,0,0,0,0,"- ","- ",36.313720703125,-119.80814361572266,KINGS,UNINCORPORATED,-119.80814361572266,36.313720703125
9233082,2021,2021-03-08,1602,2021-01-14,1342,1425,44,4,5,4,1602,0,0,0,,0,001,"GLENDALE AV","GLENDALE AV 1800 BLOCK",0.00,,-,A,-,N,,,,,,,,,,N,4,0,1,2,A,-,11,21950,B,N,G,B,D,A,H,-,A,D,0,Y,,,,Y,,N,60,0,0,1,0,1,0,0,0,0,"- ","- ",36.319381713867188,-119.67524719238281,KINGS,HANFORD,-124.023681640625,40.900608062744141
92331127,2024,2024-03-06,9440,2024-03-03,"725 ",018840,,7,1,9,1600,0,3,5,,2,010,"UTICA AVENUE","6TH AVENUE",0.00,,Y,E,-,N,,,,,,,,,,Y,3,0,1,2,A,-,12,22450,A,N,E,E,A,B,H,-,A,A,0,,,,,Y,,A,01,0,1,0,0,0,0,0,0,0,"- ","- ",35.934299468994141,-119.57305908203125,KINGS,UNINCORPORATED,-119.57311248779297,35.934406280517578