CASE_ID,ACCIDENT_YEAR,PROC_DATE,JURIS,COLLISION_DATE,COLLISION_TIME,OFFICER_ID,REPORTING_DISTRICT,DAY_OF_WEEK,CHP_SHIFT,POPULATION,CNTY_CITY_LOC,SPECIAL_COND,BEAT_TYPE,CHP_BEAT_TYPE,CITY_DIVISION_LAPD,CHP_BEAT_CLASS,BEAT_NUMBER,PRIMARY_RD,SECONDARY_RD,DISTANCE,DIRECTION,INTERSECTION,WEATHER_1,WEATHER_2,STATE_HWY_IND,CALTRANS_COUNTY,CALTRANS_DISTRICT,STATE_ROUTE,ROUTE_SUFFIX,POSTMILE_PREFIX,POSTMILE,LOCATION_TYPE,RAMP_INTERSECTION,SIDE_OF_HWY,TOW_AWAY,COLLISION_SEVERITY,NUMBER_KILLED,NUMBER_INJURED,PARTY_COUNT,PRIMARY_COLL_FACTOR,PCF_CODE_OF_VIOL,PCF_VIOL_CATEGORY,PCF_VIOLATION,PCF_VIOL_SUBSECTION,HIT_AND_RUN,TYPE_OF_COLLISION,MVIW,PED_ACTION,ROAD_SURFACE,ROAD_COND_1,ROAD_COND_2,LIGHTING,CONTROL_DEVICE,CHP_ROAD_TYPE,PEDESTRIAN_ACCIDENT,BICYCLE_ACCIDENT,MOTORCYCLE_ACCIDENT,TRUCK_ACCIDENT,NOT_PRIVATE_PROPERTY,ALCOHOL_INVOLVED,STWD_VEHTYPE_AT_FAULT,CHP_VEHTYPE_AT_FAULT,COUNT_SEVERE_INJ,COUNT_VISIBLE_INJ,COUNT_COMPLAINT_PAIN,COUNT_PED_KILLED,COUNT_PED_INJURED,COUNT_BICYCLIST_KILLED,COUNT_BICYCLIST_INJURED,COUNT_MC_KILLED,COUNT_MC_INJURED,PRIMARY_RAMP,SECONDARY_RAMP,LATITUDE,LONGITUDE,COUNTY,CITY,POINT_X,POINT_Y
9364150,2021,2022-03-16,1602,2021-10-17,0743,14107,54,7,5,4,1602,0,0,0,,0,001,"W DAVIS ST","S RICHMOND AV",120.00,W,N,A,-,N,,,,,,,,,,N,4,0,1,2,A,-,21,22106,,M,C,A,A,A,H,-,A,D,0,,,,,Y,,A,01,0,0,1,0,0,0,0,0,0,"- ","- ",36.317501068115234,-119.65691375732422,KINGS,HANFORD,-119.65670013427734,36.317741394042969
9364358,2021,2021-12-24,1602,2021-11-01,1739,1425,48,1,5,4,1602,0,0,0,,0,002,"W 7TH ST","PHILLIPS ST",0.00,,Y,A,-,N,,,,,,,,,,N,4,0,2,2,A,-,03,22350,,N,C,C,A,A,H,-,B,A,0,,,,,Y,,A,01,0,0,2,0,0,0,0,0,0,"- ","- ",36.325878143310547,-119.6505126953125,KINGS,HANFORD,-119.65045928955078,36.325889587402344
9364359,2021,2021-12-24,1602,2021-11-02,1202,1425,38,2,5,4,1602,0,0,0,,0,001,"KINGS COUNTY DR","12TH AV",0.00,,Y,A,-,N,,,,,,,,,,Y,4,0,2,3,A,-,12,21453,A,N,D,C,A,A,H,-,A,A,0,,,,,Y,,A,07,0,0,2,0,0,0,0,0,0,"- ","- ",36.332820892333984,-119.67282867431641,KINGS,HANFORD,-119.67291259765625,36.332794189453125
9364971,2021,2022-01-03,1602,2021-11-03,0850,1465,25,3,5,4,1602,0,0,0,,0,001,"N 11TH AV","GRANGEVILLE BL",308.00,N,N,A,-,N,,,,,,,,,,Y,4,0,1,2,A,-,09,21804,A,N,D,C,A,A,H,-,A,D,0,,,,,Y,,A,07,0,0,1,0,0,0,0,0,0,"- ","- ",36.342658996582031,-119.65512084960938,KINGS,HANFORD,-119.65509796142578,36.343513488769531
9366965,2021,2021-11-17,1601,2021-06-09,2009,153,14,3,5,3,1601,0,0,0,,0,00S,"DAIRY AV","OTTAWA AV",0.00,,Y,A,G,N,,,,,,,,,,N,4,0,3,2,A,-,09,21802,A,F,H,C,A,A,H,-,A,D,0,,,,,Y,,A,01,0,0,3,0,0,0,0,0,0,"- ","- ",36.083518981933594,-119.57195281982422,KINGS,CORCORAN,-119.57196807861328,36.083503723144531
9369248,2021,2021-12-10,1602,2021-09-26,0353,14103,55,7,5,4,1602,0,0,0,,0,002,"S 11TH AV","3RD ST",0.00,,Y,A,-,N,,,,,,,,,,Y,4,0,1,2,A,-,12,21453,,M,B,C,A,A,H,-,C,A,0,,,,,Y,Y,A,01,0,0,1,0,0,0,0,0,0,"- ","- ",36.320930480957031,-119.65499877929688,KINGS,HANFORD,-119.65500640869141,36.320938110351562
9374319,2021,2021-12-21,1601,2021-06-10,1429,191,9,4,5,3,1601,0,0,0,,0,00N,"WHITLEY AV","OTIS AV",0.00,,Y,A,-,N,,,,,,,,,,N,3,0,1,2,A,-,21,22106,,F,G,B,C,A,H,-,A,D,0,Y,,,,Y,,A,07,0,1,0,0,1,0,0,0,0,"- ","- ",36.098270416259766,-119.55771636962891,KINGS,CORCORAN,-119.55728149414062,36.098018646240234
9374445,2021,2022-01-19,1600,2021-11-15,0518,A47,KINGS,1,5,3,1690,0,0,0,,0,0A1,"AVENAL CUTOFF RD","PLYMOUTH AV",0.00,,Y,E,-,N,,,,,,,,,,Y,3,0,1,1,A,-,03,22350,,N,F,A,A,B,H,-,B,D,0,,,,,Y,,D,22,0,1,0,0,0,0,0,0,0,"- ","- ",,,KINGS,AVENAL,-120.09326171875,36.074069976806641
9375991,2021,2021-12-23,1602,2021-10-31,1946,14100,40,7,5,4,1602,0,0,0,,0,001,"11TH AV","FLORINDA ST",0.00,,Y,A,-,N,,,,,,,,,,Y,3,0,3,3,A,-,01,23153,A,N,B,C,A,A,H,-,C,A,0,,,,,Y,Y,A,01,0,2,1,0,0,0,0,0,0,"- ","- ",36.334888458251953,-119.65514373779297,KINGS,HANFORD,-119.65517425537109,36.334907531738281
93763808,2024,2024-08-06,9440,2024-07-29,1600,018840,,1,2,9,1600,0,1,3,,1,410,"SR-41 N/B","HANFORD ARMONA RD",2376.00,S,N,A,-,Y,KIN,,41," ",R,41.696,H,,R,Y,3,0,1,2,A,-,08,22107,,N,E,9,A,A,D,-,A,D,0,,,,,Y,,A,01,0,1,0,0,0,0,0,0,0,"- ","- ",36.306880950927734,-119.80821990966797,KINGS,UNINCORPORATED,-119.80828857421875,36.306892395019531
9378520,2021,2021-12-13,1602,2021-11-12,1558,14111,42,5,5,4,1602,0,0,0,,0,002,"E IVY ST","N WHITE ST",0.00,,Y,A,-,N,,,,,,,,,,Y,4,0,2,2,A,-,09,21804,A,N,B,C,A,A,H,-,A,A,0,,,,,Y,,A,01,0,0,2,0,0,0,0,0,0,"- ","- ",36.332141876220703,-119.63957214355469,KINGS,HANFORD,-119.63954162597656,36.332172393798828
9378680,2021,2021-12-22,1600,2021-10-03,1629,149,AVL,7,5,3,1690,0,0,0,,0,0A2,"SKYLINE BL","S 7TH AV",275.00,E,N,A,-,Y,KIN,6,269,-,-,0.600,H,-,S,Y,3,0,1,3,A,-,08,22107,,N,C,E,A,A,H,-,A,D,0,,,,,Y,,A,07,0,1,0,0,0,0,0,0,0,"- ","- ",,,KINGS,AVENAL,-120.12796020507812,36.004856109619141
9378684,2021,2021-12-22,1600,2021-10-16,1410,A48,AVL,6,5,3,1690,0,0,0,,0,0A1,"RT 269","HYDRIL RD",0.00,,Y,A,-,Y,KIN,6,269,-,-,1.055,I,5,N,Y,4,0,1,3,A,-,12,22450,,F,B,C,A,A,H,-,A,A,0,,,,,Y,,A,07,0,0,1,0,0,0,0,0,0,"- ","- ",36.008449554443359,-120.12087249755859,KINGS,AVENAL,-120.12159729003906,36.007926940917969
9379451,2021,2022-01-31,1602,2021-12-26,1613,1497,42,7,5,4,1602,0,0,0,,0,002,"N DOUTY ST","7TH ST",115.00,E,N,A,-,N,,,,,,,,,,N,4,0,1,2,A,-,03,22350,,N,C,C,A,A,H,-,A,A,0,,,,,Y,,A,01,0,0,1,0,0,0,0,0,0,"- ","- ",36.326629638671875,-119.64568328857422,KINGS,HANFORD,-119.64562225341797,36.326320648193359
9381585,2022,2022-02-09,1602,2022-01-06,1304,1465,56,4,5,4,1602,0,0,0,,0,002,"S 10TH AV","2ND ST",296.00,S,N,A,-,N,,,,,,,,,,Y,4,0,2,2,A,-,08,22100,B,N,D,C,A,-,H,-,A,D,0,,,,,Y,,A,07,0,0,2,0,0,0,0,0,0,"- ","- ",36.323699951171875,-119.63701629638672,KINGS,HANFORD,-119.63698577880859,36.321746826171875
9382532,2021,2022-03-29,1602,2021-12-03,2109,14106,57,5,5,4,1602,0,0,0,,0,002,"RT 198","9TH AV",0.00,,Y,A,-,Y,KIN,6,198,-,R,19.910,H,-,W,Y,2,0,2,2,A,-,01,23153,A,N,C,C,A,A,H,-,C,D,0,,,,,Y,Y,A,01,1,0,1,0,0,0,0,0,0,"- ","- ",36.326610565185547,-119.61743927001953,KINGS,HANFORD,-119.61978912353516,36.324485778808594
9382533,2021,2022-01-19,1602,2021-11-12,1733,14111,50,5,5,4,1602,0,0,0,,0,002,"E LACEY BL","10TH AV",0.00,,Y,A,-,N,,,,,,,,,,Y,4,0,2,3,A,-,03,22350,,N,C,C,A,A,H,-,C,A,0,,,,,Y,,D,82,0,0,2,0,0,0,0,0,0,"- ","- ",36.327980041503906,-119.6368408203125,KINGS,HANFORD,-119.6368408203125,36.327995300292969
9383242,2021,2021-12-30,1602,2021-11-15,1733,14107,48,1,5,4,1602,0,0,0,,0,002,"W 4TH ST","DOUTY ST",10.00,W,N,A,-,N,,,,,,,,,,Y,3,0,1,2,A,-,21,22106,,M,D,C,A,A,H,-,C,D,0,,,,,Y,,-,,0,1,0,0,0,0,0,0,0,"- ","- ",36.323631286621094,-119.64495849609375,KINGS,HANFORD,-119.64501953125,36.323616027832031
9383244,2021,2021-12-31,1602,2021-11-21,1633,1486,16,7,5,4,1602,0,0,0,,0,001,"CARTER WY",MAGNOLIA,0.00,,Y,A,-,N,,,,,,,,,,Y,3,0,1,2,A,-,09,21802,A,N,D,C,A,A,H,-,A,A,0,,,,,Y,,A,01,0,1,0,0,0,0,0,0,0,"- ","- ",36.354000091552734,-119.64714050292969,KINGS,HANFORD,-119.64716339111328,36.353988647460938
9383617,2021,2022-01-21,1602,2021-12-15,1707,14113,48,3,5,4,1602,0,0,0,,0,002,"4TH ST","REDINGTON ST",0.00,,Y,A,-,N,,,,,,,,,,Y,3,0,3,4,A,-,08,22107,,N,C,C,A,A,H,-,C,A,0,,,,,Y,,A,01,0,1,2,0,0,0,0,0,0,"- ","- ",36.323139190673828,-119.64820098876953,KINGS,HANFORD,-119.64820098876953,36.323127746582031
9383618,2021,2022-01-31,1602,2021-12-14,1608,1465,54,2,5,4,1602,0,0,0,,0,001,"11TH AV","DAVIS ST",0.00,,Y,A,-,N,,,,,,,,,,Y,4,0,2,2,A,-,12,21453,A,F,D,C,A,B,H,-,A,A,0,,,,,Y,,A,01,0,0,2,0,0,0,0,0,0,"- ","- ",36.317710876464844,-119.65495300292969,KINGS,HANFORD,-119.65510559082031,36.317726135253906
9384675,2021,2022-01-13,1602,2021-12-05,2106,14113,37,7,5,4,1602,0,0,0,,0,002,"LACEY BL","RT 43",0.00,,Y,A,-,N,,,,,,,,,,Y,4,0,1,1,A,-,01,23152,B,N,H,I,A,A,H,-,C,D,0,,,,,Y,Y,A,07,0,0,1,0,0,0,0,0,0,"- ","- ",36.327991485595703,-119.60089874267578,KINGS,HANFORD,-119.60108184814453,36.329017639160156
9385054,2021,2022-01-18,1602,2021-12-08,1707,1465,48,3,5,4,1602,0,0,0,,0,002,"N REDINGTON ST","W 7TH ST",0.00,,Y,A,-,N,,,,,,,,,,Y,4,0,3,3,A,-,08,22107,,N,-,C,A,A,H,-,C,A,0,,,,,Y,,A,01,0,0,3,0,0,0,0,0,0,"- ","- ",36.326141357421875,-119.64888000488281,KINGS,HANFORD,-119.64888763427734,36.326133728027344
9385055,2021,2022-01-18,1602,2021-12-09,1934,14104,63,4,5,4,1602,0,0,0,,0,002,"E HANFORD ARMONA RD","HARRIS ST",0.00,,Y,A,-,N,,,,,,,,,,N,4,0,1,2,A,-,01,23152,A,N,C,C,A,A,H,-,C,A,0,,,,,Y,Y,A,01,0,0,1,0,0,0,0,0,0,"- ","- ",36.313381195068359,-119.64289855957031,KINGS,HANFORD,-119.64266204833984,36.313407897949219
9385887,2021,2022-01-18,1602,2021-12-07,1720,1465,49,2,5,4,1602,0,0,0,,0,002,"DOUTY ST","5TH ST",0.00,,Y,A,-,N,,,,,,,,,,Y,4,0,1,2,A,-,09,21802,A,N,D,C,A,A,H,-,C,A,0,,,,,Y,,A,01,0,0,1,0,0,0,0,0,0,"- ","- ",36.324668884277344,-119.64521026611328,KINGS,HANFORD,-119.64524841308594,36.324703216552734
9386050,2021,2022-01-14,1602,2021-12-16,0554,14108,24,4,5,4,1602,0,0,0,,0,001,"W GRANGEVILLE BL","11TH AV",0.00,,Y,A,-,N,,,,,,,,,,Y,2,0,2,2,A,-,12,21453,A,N,D,C,A,A,H,-,C,A,0,,,,,Y,,A,01,1,0,1,0,0,0,0,0,0,"- ","- ",36.342658996582031,-119.65512084960938,KINGS,HANFORD,-119.65512847900391,36.342666625976562
9386094,2021,2022-01-04,1602,2021-11-13,0046,14103,33,6,5,4,1602,0,0,0,,0,001,"N 11TH AV",CAMERON,0.00,,Y,E,-,N,,,,,,,,,,Y,2,0,1,3,A,-,01,23152,A,N,B,C,A,B,H,-,C,D,0,,,,,Y,Y,A,01,1,0,0,0,0,0,0,0,0,"- ","- ",36.334888458251953,-119.65514373779297,KINGS,HANFORD,-119.6551513671875,36.336715698242188
9386095,2021,2022-01-04,1602,2021-11-29,1345,1465,30,1,5,4,1602,0,0,0,,0,001,"CENTENNIAL DR","MERRIT DR",0.00,,Y,A,-,N,,,,,,,,,,Y,2,0,3,2,A,-,03,22350,,N,C,C,A,A,H,-,A,A,0,,,,,Y,,A,01,2,0,1,0,0,0,0,0,0,"- ","- ",36.334781646728516,-119.68003082275391,KINGS,HANFORD,-119.68002319335938,36.334735870361328
9386744,2021,2022-01-10,1602,2021-11-26,1725,1497,49,5,5,4,1602,0,0,0,,0,002,"6TH ST","HARRIS ST",0.00,,Y,A,-,N,,,,,,,,,,N,4,0,1,2,A,-,00,23103,,M,G,B,F,D,H,-,D,D,0,Y,,,Y,Y,,F,76,0,0,1,0,1,0,0,0,0,"- ","- ",36.325691223144531,-119.64452362060547,KINGS,HANFORD,-119.64382171630859,36.325809478759766
9386745,2021,2022-01-18,1602,2021-12-09,1723,1425,40,4,5,4,1602,0,0,0,,0,001,"REDINGTON ST","CENTER ST",0.00,,Y,A,-,N,,,,,,,,,,Y,3,0,3,2,A,-,12,22450,,N,D,C,A,B,H,-,C,A,0,,,,,Y,,-,,0,1,2,0,0,0,0,0,0,"- ","- ",36.330101013183594,-119.64930725097656,KINGS,HANFORD,-119.64933776855469,36.330066680908203
9386746,2021,2022-01-26,1602,2021-12-15,1753,14113,57,3,5,4,1602,0,0,0,,0,002,"9TH AV","3RD ST",0.00,,Y,A,-,N,,,,,,,,,,Y,4,0,1,2,A,-,12,22450,A,N,D,C,A,A,H,-,D,A,0,,,,,Y,,D,22,0,0,1,0,0,0,0,0,0,"- ","- ",36.323169708251953,-119.61900329589844,KINGS,HANFORD,-119.61895751953125,36.32318115234375
9386747,2021,2022-01-10,1602,2021-11-29,1944,14101,23,1,5,4,1602,0,0,0,,0,001,"W GRANGEVILLE BL","MILDRED ST",0.00,,Y,A,-,N,,,,,,,,,,Y,3,0,1,2,A,-,01,23152,A,N,D,C,A,A,H,-,C,D,0,,,,,Y,Y,A,01,0,1,0,0,0,0,0,0,0,"- ","- ",36.3426513671875,-119.66609191894531,KINGS,HANFORD,-119.66341400146484,36.342647552490234
9388618,2021,2022-01-20,1602,2021-12-17,2321,14106,48,5,5,4,1602,0,0,0,,0,002,"W 7TH ST","PHILLIPS ST",66.00,E,N,A,-,N,,,,,,,,,,N,3,0,1,2,A,-,11,21954,A,N,G,B,E,A,H,-,C,D,0,Y,,,,Y,,N,60,0,1,0,0,1,0,0,0,0,"- ","- ",36.326259613037109,-119.64967346191406,KINGS,HANFORD,-119.65023803710938,36.325923919677734
9388622,2021,2022-01-24,1602,2021-11-25,1951,14103,61,4,5,4,1602,0,0,0,,0,001,"HANFORD ARMONA RD",ANACAPA,0.00,,Y,A,-,N,,,,,,,,,,Y,3,0,1,2,A,-,08,22107,,N,B,C,A,A,H,-,C,D,0,,,Y,,Y,,D,22,0,1,0,0,0,0,0,0,1,"- ","- ",36.313461303710938,-119.65998077392578,KINGS,HANFORD,-119.65994262695312,36.313453674316406
9388800,2021,2022-01-18,1602,2021-12-15,1602,14112,42,3,5,4,1602,0,0,0,,0,002,"E IVY ST","N 10TH AV",12.00,S,N,A,-,N,,,,,,,,,,Y,3,0,2,2,A,-,09,21802,,N,D,C,A,A,H,-,C,D,0,,,,,Y,,A,01,0,2,0,0,0,0,0,0,0,"- ","- ",36.332168579101562,-119.63710021972656,KINGS,HANFORD,-119.63712310791016,36.332180023193359
9390044,2021,2022-01-25,1602,2021-12-23,1948,14101,42,4,5,4,1602,0,0,0,,0,002,"8TH ST","N DOUTY ST",0.00,,Y,C,-,N,,,,,,,,,,N,3,0,1,2,A,-,12,22450,,M,C,C,A,B,H,-,C,A,0,,,,,Y,,A,01,0,1,0,0,0,0,0,0,0,"- ","- ",36.327701568603516,-119.64594268798828,KINGS,HANFORD,-119.64595794677734,36.327716827392578
9391001,2021,2022-01-25,1602,2021-12-16,2148,14103,16,4,5,4,1602,0,0,0,,0,001,"N 11TH AV","N 11TH AV 2285",0.00,,N,A,-,N,,,,,,,,,,Y,3,0,1,2,A,-,08,22107,,N,C,E,A,A,H,-,C,D,0,,,,,Y,Y,A,01,0,1,0,0,0,0,0,0,0,"- ","- ",36.357261657714844,-119.65512847900391,KINGS,HANFORD,-119.65518951416016,36.323577880859375
9391002,2021,2022-01-25,1602,2021-12-28,1126,1425,54,2,5,4,1602,0,0,0,,0,001,"KIMBALL LN","DAVIS ST",0.00,,Y,A,-,N,,,,,,,,,,N,3,0,1,2,A,-,12,22450,,N,D,C,A,A,H,-,A,A,0,,,,,Y,,A,01,0,1,0,0,0,0,0,0,0,"- ","- ",36.317710876464844,-119.66163635253906,KINGS,HANFORD,-119.66161346435547,36.317752838134766
93936820,2024,2024-08-08,9440,2024-07-13,"410 ",021660,,6,3,9,1600,0,3,5,,2,010,"IDAHO AVE","9TH AVE",2112.00,W,N,B,-,N,,,,,,,,,,Y,3,0,1,1,A,-,01,23152,A,N,F,A,A,A,H,-,D,D,0,,,,,Y,Y,A,01,0,1,0,0,0,0,0,0,0,"- ","- ",36.269481658935547,-119.62600708007812,KINGS,UNINCORPORATED,-119.6260986328125,36.269458770751953
9396213,2021,2022-02-04,1602,2021-12-10,0600,1482,16,5,5,4,1602,0,0,0,,0,001,"N 11TH AV","POLE 225",34.00,S,N,E,-,N,,,,,,,,,,Y,3,0,1,2,A,-,21,22106,,N,B,C,A,A,H,-,C,D,0,,,,,Y,,A,01,0,1,0,0,0,0,0,0,0,"- ","- ",36.3548583984375,-119.65508270263672,KINGS,HANFORD,,
94010634,2024,2024-08-09,9495,2024-07-26,1745,022595,,5,2,9,1600,0,1,3,,1,010,"STATE ROUTE 41 (SR-41)","YORK AVENUE",8448.00,N,N,A,-,Y,KIN,,41," "," ",3.810,H,,R,N,4,0,1,2,A,-,06,21750,A,N,B,C,A,A,H,-,A,D,0,,,,Y,Y,,A,07,0,0,1,0,0,0,0,0,0,"- ","- ",35.839481353759766,-120.08661651611328,KINGS,UNINCORPORATED,-120.08661651611328,35.8394775390625
94021007,2024,2024-08-12,9440,2024-08-04,1614,018639,,7,2,9,1600,0,2,4,,1,040,"AVENAL CUTOFF RD","E/B SR-198 OFF RAMP",0.00,,Y,A,-,N,,,,,,,,,,N,4,0,1,2,A,-,09,21802,A,N,D,C,A,A,H,-,A,A,0,,,,,Y,,A,01,0,0,1,0,0,0,0,0,0,"- ","- ",36.25408935546875,-119.86955261230469,KINGS,UNINCORPORATED,,
94021026,2024,2024-08-12,9440,2024-08-03,"250 ",021665,,6,3,9,1600,0,1,3,,1,410,"STATE ROUTE 41","LAUREL AVENUE",0.00,,Y,A,-,Y,KIN,,41," "," ",33.001,H,,R,Y,4,0,1,2,A,-,03,22350,,N,A,C,A,A,H,-,C,A,0,,,,Y,Y,,A,01,0,0,1,0,0,0,0,0,0,"- ","- ",36.189430236816406,-119.8280029296875,KINGS,UNINCORPORATED,-119.82793426513672,36.189399719238281
9402562,2022,2022-02-10,1602,2022-01-15,2038,14109,15,6,5,4,1602,0,0,0,,0,001,"N 11TH AV","N 11TH AV 2236",0.00,,-,A,-,N,,,,,,,,,,Y,2,0,1,1,A,-,08,22107,,N,E,I,A,A,H,-,C,D,0,,,,,Y,,A,01,1,0,0,0,0,0,0,0,0,"- ","- ",36.352531433105469,-119.65534210205078,KINGS,HANFORD,-119.65518951416016,36.323577880859375
9403249,2022,2022-02-18,1602,2022-01-24,1042,1482,50,1,5,4,1602,0,0,0,,0,002,"E GRANGEVILLE BL","9 1/4",0.00,,Y,A,-,N,,,,,,,,,,N,3,0,1,2,A,-,12,21453,,N,D,C,A,A,H,-,A,A,0,,,,,Y,,D,22,0,1,0,0,0,0,0,0,0,"- ","- ",36.342559814453125,-119.62345123291016,KINGS,HANFORD,-119.62348175048828,36.342567443847656
9407160,2022,2022-03-08,1602,2022-01-24,2041,1461,62,1,5,4,1602,0,0,0,,0,002,"THOMPSON DR","LIGHT POLE 671284E",75.00,E,N,A,-,N,,,,,,,,,,N,2,0,1,1,A,-,03,22350,,N,H,A,A,A,H,-,C,D,0,,,Y,,Y,,C,02,1,0,0,0,0,0,0,0,1,"- ","- ",36.308338165283203,-119.64945220947266,KINGS,HANFORD,,
9407610,2022,2022-03-07,1602,2022-01-05,2100,1427,40,3,5,4,1602,0,0,0,,0,001,"N 11TH AV","ELM ST",0.00,,Y,A,-,N,,,,,,,,,,Y,3,0,1,2,A,-,17,21451,A,N,D,C,A,A,H,-,C,A,0,,,,,Y,,A,01,0,1,0,0,0,0,0,0,0,"- ","- ",36.333831787109375,-119.6551513671875,KINGS,HANFORD,-119.65517425537109,36.333820343017578
94080819,2024,2024-08-12,9495,2024-08-04,2054,020021,,7,2,9,1600,0,1,3,,1,007,"STATE ROUTE 33","UTICA AVENUE",20.00,N,N,A,-,Y,KIN,,33," "," ",11.733,H,,R,Y,3,0,1,2,A,-,01,23152,A,N,C,C,A,A,H,-,D,D,0,,,,,Y,Y,D,22,0,1,0,0,0,0,0,0,0,"- ","- ",35.935131072998047,-120.08531951904297,KINGS,UNINCORPORATED,-120.08525848388672,35.935165405273438
9411186,2022,2022-03-02,1602,2022-02-04,1751,14101,43,5,5,4,1602,0,0,0,,0,002,"N 10TH AV","E 10TH ST",0.00,,Y,A,-,N,,,,,,,,,,N,2,0,1,2,A,-,11,21954,A,F,G,B,D,A,H,-,C,D,0,Y,,,,Y,,N,60,1,0,0,0,1,0,0,0,0,"- ","- ",36.329891204833984,-119.63699340820312,KINGS,HANFORD,-119.63716125488281,36.330127716064453
9411187,2022,2022-03-02,1602,2022-02-04,0752,1465,46,5,5,4,1602,0,0,0,,0,001,"12TH AV","GLENDALE AV",217.00,S,N,A,-,N,,,,,,,,,,Y,4,0,1,1,A,-,01,23152,A,M,E,I,A,A,H,-,A,A,0,,,,,Y,Y,A,01,0,0,1,0,0,0,0,0,0,"- ","- ",36.319221496582031,-119.67108917236328,KINGS,HANFORD,-119.67307281494141,36.319625854492188
94112918,2024,2024-09-13,9440,2024-07-12,1930,020998,,5,2,9,1600,0,2,4,,1,067,"14TH AVENUE","FRONT STREET",100.00,S,N,A,-,N,,,,,,,,,,N,2,0,2,2,A,-,03,22350,,F,C,C,A,A,H,-,A,D,0,,,,,Y,,D,22,1,1,0,0,0,0,0,0,0,"- ","- ",36.315441131591797,-119.70905303955078,KINGS,UNINCORPORATED,-119.70900726318359,36.315486907958984
9411552,2022,2022-02-16,1602,2022-01-12,1556,1429,25,3,5,4,1602,0,0,0,,0,001,"W GRANGEVILLE BL","EDISON POLE  #4246284E",42.00,W,N,A,-,N,,,,,,,,,,Y,4,0,1,3,A,-,03,22350,,N,C,C,A,A,H,-,A,A,0,,,,,Y,,A,01,0,0,1,0,0,0,0,0,0,"- ","- ",36.342658996582031,-119.65512084960938,KINGS,HANFORD,,
9411553,2022,2022-02-16,1602,2022-01-10,1516,1425,41,1,5,4,1602,0,0,0,,0,002,"N IRWIN ST","FLORINDA ST",0.00,,Y,A,-,N,,,,,,,,,,Y,4,0,1,2,A,-,09,21802,A,N,D,C,A,A,H,-,A,A,0,,,,,Y,,A,01,0,0,1,0,0,0,0,0,0,"- ","- ",36.334888458251953,-119.64772033691406,KINGS,HANFORD,-119.64768218994141,36.33489990234375
9412161,2021,2022-03-07,1601,2021-11-08,0807,126,2,1,5,3,1601,0,0,0,,0,00N,"NORTH AV","JOSEPHINE AV",160.00,W,N,A,-,N,,,,,,,,,,N,4,0,1,3,A,-,08,22107,,M,C,E,A,A,H,-,A,D,0,,,,,Y,,D,72,0,0,1,0,0,0,0,0,0,"- ","- ",36.105358123779297,-119.56987762451172,KINGS,CORCORAN,-119.57044219970703,36.1053466796875
9412189,2022,2022-03-04,1602,2022-01-29,0950,14112,32,6,5,4,1602,0,0,0,,0,001,"W ELM ST","11TH AV",0.00,,Y,A,-,N,,,,,,,,,,N,3,0,1,2,A,-,09,21800,A,N,B,C,A,A,H,-,A,A,0,,,,,Y,,A,01,0,1,0,0,0,0,0,0,0,"- ","- ",36.333831787109375,-119.6551513671875,KINGS,HANFORD,-119.65517425537109,36.333820343017578
9412193,2021,2022-03-15,1601,2021-09-10,1321,174,3,5,5,3,1601,0,0,0,,0,00N,"CHITTENDEN AV","BROKAW AV",0.00,,Y,A,-,N,,,,,,,,,,N,4,0,1,2,A,-,21,22106,,N,-,C,A,A,H,-,A,D,0,,,,,Y,,A,01,0,0,1,0,0,0,0,0,0,"- ","- ",36.100868225097656,-119.55935668945312,KINGS,CORCORAN,-119.55970001220703,36.100906372070312
9412195,2021,2022-03-21,1601,2021-10-26,1240,7,14,2,5,3,1601,0,0,0,,0,00S,"DAIRY AV","DAIRY AV 1800",0.00,,-,A,-,N,,,,,,,,,,Y,3,0,1,2,A,-,03,22350,,N,C,C,A,A,H,-,A,D,0,,,,,Y,,A,07,0,1,0,0,0,0,0,0,0,"- ","- ",36.090171813964844,-119.57199096679688,KINGS,CORCORAN,-119.57211303710938,36.108089447021484
9412196,2021,2022-03-21,1601,2021-10-26,0751,188,7B,2,5,3,1601,0,0,0,,0,00S,"DAIRY AV","DAIRY AV 1128",0.00,,N,A,-,N,,,,,,,,,,N,3,0,1,2,A,-,10,21950,A,N,G,B,B,A,H,-,A,A,0,Y,,,,Y,,D,22,0,1,0,0,1,0,0,0,0,"- ","- ",36.097541809082031,-119.57203674316406,KINGS,CORCORAN,-119.57211303710938,36.108089447021484
9412197,2021,2022-03-01,1601,2021-10-24,1748,153,14,7,5,3,1601,0,0,0,,0,00S,"DAIRY AV","BAINUM AV",0.00,,Y,A,-,Y,,,,,,,,,,N,3,0,2,2,A,-,09,21800,A,N,D,C,A,A,H,-,A,D,0,,,,,Y,,D,72,0,2,0,0,0,0,0,0,0,"- ","- ",36.090789794921875,-119.57199859619141,KINGS,CORCORAN,-119.57203674316406,36.090793609619141