CASE_ID,ACCIDENT_YEAR,PROC_DATE,JURIS,COLLISION_DATE,COLLISION_TIME,OFFICER_ID,REPORTING_DISTRICT,DAY_OF_WEEK,CHP_SHIFT,POPULATION,CNTY_CITY_LOC,SPECIAL_COND,BEAT_TYPE,CHP_BEAT_TYPE,CITY_DIVISION_LAPD,CHP_BEAT_CLASS,BEAT_NUMBER,PRIMARY_RD,SECONDARY_RD,DISTANCE,DIRECTION,INTERSECTION,WEATHER_1,WEATHER_2,STATE_HWY_IND,CALTRANS_COUNTY,CALTRANS_DISTRICT,STATE_ROUTE,ROUTE_SUFFIX,POSTMILE_PREFIX,POSTMILE,LOCATION_TYPE,RAMP_INTERSECTION,SIDE_OF_HWY,TOW_AWAY,COLLISION_SEVERITY,NUMBER_KILLED,NUMBER_INJURED,PARTY_COUNT,PRIMARY_COLL_FACTOR,PCF_CODE_OF_VIOL,PCF_VIOL_CATEGORY,PCF_VIOLATION,PCF_VIOL_SUBSECTION,HIT_AND_RUN,TYPE_OF_COLLISION,MVIW,PED_ACTION,ROAD_SURFACE,ROAD_COND_1,ROAD_COND_2,LIGHTING,CONTROL_DEVICE,CHP_ROAD_TYPE,PEDESTRIAN_ACCIDENT,BICYCLE_ACCIDENT,MOTORCYCLE_ACCIDENT,TRUCK_ACCIDENT,NOT_PRIVATE_PROPERTY,ALCOHOL_INVOLVED,STWD_VEHTYPE_AT_FAULT,CHP_VEHTYPE_AT_FAULT,COUNT_SEVERE_INJ,COUNT_VISIBLE_INJ,COUNT_COMPLAINT_PAIN,COUNT_PED_KILLED,COUNT_PED_INJURED,COUNT_BICYCLIST_KILLED,COUNT_BICYCLIST_INJURED,COUNT_MC_KILLED,COUNT_MC_INJURED,PRIMARY_RAMP,SECONDARY_RAMP,LATITUDE,LONGITUDE,COUNTY,CITY,POINT_X,POINT_Y
94794925,2025,2025-08-08,9440,2025-07-31,1645,020716,,4,2,9,1600,0,1,3,,1,198,"STATE ROUTE 198 EASTBOUND","12TH AVENUE",2112.00,W,N,A,-,Y,KIN,,198," ",R,16.535,H,,R,Y,4,0,2,2,A,-,03,22350,,N,C,C,A,A,H,-,A,D,0,,,,,Y,,A,01,0,0,2,0,0,0,0,0,0,"- ","- ",36.317550659179688,-119.67955780029297,KINGS,UNINCORPORATED,-119.67955780029297,36.317550659179688
94797159,2025,2025-08-11,9495,2025-08-08,"435 ",021029,,5,3,9,1600,0,1,1,,2,004,"INTERSTATE 5 S/B OFF-RAMP TO UTICA AVENUE","UTICA AVENUE",225.00,N,N,A,-,Y,,,,,,,,,,Y,4,0,1,1,A,-,08,22107,,N,F,A,A,A,H,-,D,D,0,,,,Y,Y,,G,25,0,0,1,0,0,0,0,0,0,"- ","- ",35.935199737548828,-119.91339111328125,KINGS,UNINCORPORATED,,
94797170,2025,2025-08-11,9440,2025-08-06,1102,019039,,3,1,9,1600,0,2,4,,1,067,"14TH AVENUE","LOCUST ST",82.00,S,N,A,-,N,,,,,,,,,,Y,4,0,2,2,A,-,09,21801,A,N,D,C,A,A,H,-,A,D,0,,,,,Y,,A,01,0,0,2,0,0,0,0,0,0,"- ","- ",36.316680908203125,-119.70909881591797,KINGS,UNINCORPORATED,-119.70900726318359,36.316734313964844
94797300,2025,2025-08-11,9440,2025-07-31,2149,021114,,4,2,9,1600,0,3,5,,2,020,"13TH AVE","HOOD AVE",557.00,S,N,A,-,N,,,,,,,,,,Y,4,0,1,1,A,-,08,22107,,N,E,I,A,A,H,-,D,D,0,,,,,Y,,A,01,0,0,1,0,0,0,0,0,0,"- ","- ",36.308620452880859,-119.691162109375,KINGS,UNINCORPORATED,-119.69112396240234,36.308712005615234
94797364,2025,2025-08-11,9495,2025-08-08,1320,022247,,5,1,9,1600,0,3,5,,2,054,"UTICA AVENUE","25TH AVENUE",130.00,E,N,A,-,N,,,,,,,,,,N,3,0,1,1,A,-,03,22350,,N,F,A,A,A,H,-,A,D,0,,,,Y,Y,,G,25,0,1,0,0,0,0,0,0,0,"- ","- ",35.934608459472656,-119.92417144775391,KINGS,UNINCORPORATED,-119.92423248291016,35.93463134765625
94799611,2025,2025-08-12,9440,2025-07-26,1855,021665,,6,2,4,1602,0,2,4,,1,068,"17TH AVENUE","JACKSON AVENUE",2112.00,S,N,A,-,N,,,,,,,,,,Y,2,0,1,1,A,-,08,22107,,M,E,8,A,A,H,-,A,D,0,,,,,Y,,A,01,1,0,0,0,0,0,0,0,0,"- ","- ",36.247871398925781,-119.76284027099609,KINGS,HANFORD,-119.76285552978516,36.248844146728516
94799699,2025,2025-08-12,9440,2025-08-02,1850,021665,,6,2,9,1600,0,2,4,,1,045,"15TH AVE","GRANGEVILLE BLVD",0.00,,Y,A,-,N,,,,,,,,,,Y,3,0,4,2,A,-,12,22450,A,N,D,C,A,A,H,-,A,A,0,,,,,Y,,A,01,0,3,1,0,0,0,0,0,0,"- ","- ",36.34259033203125,-119.7269287109375,KINGS,UNINCORPORATED,-119.72686004638672,36.342594146728516
94799840,2025,2025-08-12,9440,2025-08-06,1614,019226,,3,2,9,1600,0,1,3,,1,198,"STATE ROUTE 198 E/B TO HANFORD ARMONA RD.","HANFORD ARMONA RD.",5.00,W,N,A,-,Y,,,,,,,,,,N,4,0,1,2,A,-,03,22350,,N,C,C,A,A,H,-,A,A,0,,,,,Y,,A,01,0,0,1,0,0,0,0,0,0,"- ","- ",36.313739776611328,-119.69223022460938,KINGS,UNINCORPORATED,-119.6895751953125,36.315006256103516
94800779,2025,2025-08-27,9440,2025-08-04,1500,019755,,1,2,9,1600,0,2,4,,1,050,"KANSAS AVE","10 1/2 AVE",0.00,,Y,A,-,N,,,,,,,,,,Y,4,0,2,4,A,-,09,21801,A,N,D,2,A,A,H,-,A,D,0,,,,,Y,,A,01,0,0,2,0,0,0,0,0,0,"- ","- ",36.211250305175781,-119.64592742919922,KINGS,UNINCORPORATED,-119.64591217041016,36.211265563964844
94800785,2025,2025-08-13,9440,2025-08-06,1455,019226,,3,2,9,1600,0,2,4,,1,047,"HANFORD ARMONA RD.","15TH AVENUE",2640.00,W,N,A,-,N,,,,,,,,,,Y,4,0,1,1,A,-,08,22107,,N,E,I,A,A,H,-,A,D,0,,,,,Y,,A,01,0,0,1,0,0,0,0,0,0,"- ","- ",36.313541412353516,-119.73458099365234,KINGS,UNINCORPORATED,-119.73590087890625,36.313522338867188
9480230,2022,2022-07-26,1602,2022-07-01,1744,1465,56,5,5,4,1602,0,0,0,,0,002,"E 3RD ST","10TH AV",515.00,E,N,A,-,N,,,,,,,,,,Y,3,0,4,2,A,-,09,21801,,N,A,C,A,A,H,-,A,A,0,,,,,Y,,A,01,0,2,2,0,0,0,0,0,0,"- ","- ",36.323699951171875,-119.63701629638672,KINGS,HANFORD,-119.63525390625,36.323787689208984
94802761,2025,2025-08-14,9440,2025-08-12,"855 ",020193,,2,1,9,1600,0,3,5,,2,030,"LAUREL AVENUE","19TH AVENUE",0.00,,Y,A,-,N,,,,,,,,,,N,4,0,5,2,A,-,12,22450,A,N,D,C,A,A,H,-,A,A,0,,,,,Y,,D,22,0,0,5,0,0,0,0,0,0,"- ","- ",36.189521789550781,-119.7982177734375,KINGS,UNINCORPORATED,-119.79820251464844,36.18951416015625
94802800,2025,2025-08-14,9440,2025-08-09,1100,020193,,6,1,9,1600,0,2,4,,1,047,"HANFORD ARMONA ROAD","17TH AVENUE",0.00,,Y,A,-,N,,,,,,,,,,N,4,0,1,2,A,-,12,22450,A,N,A,C,A,A,H,-,A,A,0,,,,,Y,,M,94,0,0,1,0,0,0,0,0,0,"- ","- ",36.313499450683594,-119.76277923583984,KINGS,UNINCORPORATED,-119.76278686523438,36.313488006591797
94803080,2025,2025-08-14,9495,2025-08-07,"629 ",021600,,4,1,9,1600,0,1,3,,1,010,"STATE ROUTE 41","YORK AVENUE",5280.00,N,N,A,-,Y,KIN,,41," "," ",3.150,H,,R,N,4,0,3,1,A,-,08,22107,,N,F,A,A,A,H,-,A,D,0,,,,,Y,,D,22,0,0,3,0,0,0,0,0,0,"- ","- ",35.830711364746094,-120.09110260009766,KINGS,UNINCORPORATED,-120.09104919433594,35.830692291259766
9480403,2022,2022-07-26,1602,2022-07-01,1942,1465,46,5,5,4,1602,0,0,0,,0,001,"12TH AV","MALL DR",0.00,,Y,A,-,N,,,,,,,,,,Y,3,0,1,2,A,-,08,22107,,N,B,C,A,A,H,-,A,A,0,,,Y,,Y,,C,02,0,1,0,0,0,0,0,0,1,"- ","- ",36.322868347167969,-119.67302703857422,KINGS,HANFORD,-119.6728515625,36.322921752929688
94811279,2025,2025-08-20,9440,2025-08-08,2039,021114,,5,2,9,1600,0,2,4,,1,041,SR-41,"20TH AVE",60.00,N,N,A,-,Y,KIN,,41," "," ",34.376,H,,R,Y,3,0,2,2,A,-,03,22350,,N,C,C,A,A,H,-,D,D,0,,,,,Y,,A,01,0,1,1,0,0,0,0,0,0,"- ","- ",36.206958770751953,-119.81643676757812,KINGS,UNINCORPORATED,-119.81641387939453,36.206954956054688
94812178,2025,2025-08-21,9440,2025-08-16,1925,022608,,6,2,9,1600,0,1,3,,1,410,"SR-41 SOUTHBOUND","ELGIN AVENUE",1584.00,N,N,A,-,Y,KIN,,41," ",R,47.071,H,,L,Y,3,0,1,2,A,-,07,21658,A,N,B,C,A,A,H,-,A,D,0,,,,,Y,,A,01,0,1,0,0,0,0,0,0,0,"- ","- ",36.384681701660156,-119.80975341796875,KINGS,UNINCORPORATED,-119.80975341796875,36.384681701660156
94813946,2025,2025-08-22,9440,2025-08-15,1546,016585,,5,2,9,1600,0,1,3,,1,198,"SR-198 E/B","18TH AVE.",1685.00,E,N,A,-,Y,KIN,,198," ",R,10.891,H,,R,N,3,0,2,2,A,-,03,22350,,N,C,C,A,A,H,-,A,D,0,,,,,Y,,A,07,0,1,1,0,0,0,0,0,0,"- ","- ",36.291580200195312,-119.77503204345703,KINGS,UNINCORPORATED,-119.77503204345703,36.291549682617188
94814146,2025,2025-08-22,9440,2025-08-10,"210 ",021351,,7,3,9,1600,0,2,4,,1,062,"10TH AVE","KANSAS AVE",50.00,S,N,A,-,N,,,,,,,,,,Y,2,0,1,2,A,-,01,23152,A,N,C,E,A,A,H,-,C,A,0,,,,,Y,Y,A,07,1,0,0,0,0,0,0,0,0,"- ","- ",36.21112060546875,-119.63706207275391,KINGS,UNINCORPORATED,-119.63694763183594,36.211162567138672
94816124,2025,2025-08-25,9440,2025-08-20,"435 ",022608,,3,3,9,1600,0,2,4,,1,040,"AVENAL CUTOFF ROAD","29TH AVENUE",2112.00,W,N,A,-,N,,,,,,,,,,N,4,0,1,1,A,-,03,22350,,N,E,9,A,A,H,-,D,D,0,,,,,Y,,A,01,0,0,1,0,0,0,0,0,0,"- ","- ",36.160221099853516,-119.98271942138672,KINGS,UNINCORPORATED,-119.98224639892578,36.160591125488281
94816152,2025,2025-08-25,9440,2025-08-18,"722 ",019226,,1,1,9,1600,0,2,4,,1,041,"EXCELSIOR AVENUE","STATE ROUTE 43",1584.00,W,N,A,-,N,,,,,,,,,,Y,4,0,1,2,A,-,09,21804,A,N,B,C,A,A,H,-,A,D,0,,,,,Y,,A,07,0,0,1,0,0,0,0,0,0,"- ","- ",36.401210784912109,-119.64190673828125,KINGS,UNINCORPORATED,-119.64237976074219,36.401176452636719
94816305,2025,2025-08-25,9495,2025-08-19,"842 ",019453,,2,1,9,1600,0,1,1,,2,004,"INTERSTATE 5 SOUTHBOUND","UTICA AVENUE",2640.00,N,N,A,-,Y,KIN,,5," "," ",12.872,H,,L,Y,3,0,1,2,A,-,08,22107,,N,C,C,A,A,H,-,A,D,0,,,,Y,Y,,A,01,0,1,0,0,0,0,0,0,0,"- ","- ",35.940151214599609,-119.91806030273438,KINGS,UNINCORPORATED,-119.91805267333984,35.940155029296875
94817130,2025,2025-08-25,9440,2025-07-31,1628,019039,,4,2,4,1602,0,1,3,,1,198,"SR198 EB FROM 12TH AVE NB","12TH AVE",389.00,E,N,A,-,Y,KIN,,198," ",R,16.981,H,,R,Y,3,0,1,1,A,-,01,23152,A,N,E,8,A,A,H,-,A,D,0,,,,,Y,Y,A,01,0,1,0,0,0,0,0,0,0,"- ","- ",36.318569183349609,-119.67166900634766,KINGS,HANFORD,-119.67171478271484,36.318756103515625
94817138,2025,2025-08-25,9440,2025-08-22,1735,021351,,5,2,9,1600,0,3,5,,2,020,"STATE ROUTE 198 WB","12TH AVENUE",1000.00,W,N,A,-,Y,KIN,,198," ",R,16.707,H,,L,Y,4,0,1,3,A,-,03,22350,,N,C,C,A,A,H,-,A,D,0,,,,,Y,,A,07,0,0,1,0,0,0,0,0,0,"- ","- ",36.318119049072266,-119.67655181884766,KINGS,UNINCORPORATED,-119.67655181884766,36.318119049072266
94817153,2025,2025-08-25,9440,2025-08-19,1550,019755,,2,2,9,1600,0,3,5,,2,010,"2ND AVE","SR198 EB",19.00,S,N,A,-,Y,KIN,,198," "," ",27.343,H,,R,N,4,0,1,2,A,-,03,22350,,N,C,C,A,A,H,-,A,A,0,,,,,Y,,D,22,0,0,1,0,0,0,0,0,0,"- ","- ",36.328140258789062,-119.49305725097656,KINGS,UNINCORPORATED,-119.49305725097656,36.328201293945312
94818592,2025,2025-08-26,9440,2025-08-25,"625 ",020193,,1,1,9,1600,0,1,3,,1,198,"STATE ROUTE 198 WESTBOUND","6TH AVENUE",700.00,E,N,A,-,Y,KIN,,198," "," ",23.462,H,,L,Y,3,0,2,2,A,-,03,22350,,N,C,C,A,A,H,-,A,D,0,,,,,Y,,A,01,0,1,1,0,0,0,0,0,0,"- ","- ",36.328498840332031,-119.56253814697266,KINGS,UNINCORPORATED,-119.56253814697266,36.32855224609375
94818613,2025,2025-08-26,9440,2025-08-12,1450,019226,,2,2,9,1600,0,2,4,,1,048,"HOUSTON AVENUE","3RD PLACE",130.00,E,N,A,-,N,,,,,,,,,,Y,4,0,1,2,A,-,09,21801,A,N,D,C,A,A,H,-,A,D,0,,,,,Y,,D,22,0,0,1,0,0,0,0,0,0,"- ","- ",36.298641204833984,-119.63197326660156,KINGS,UNINCORPORATED,-119.63201904296875,36.298633575439453
9482098,2022,2022-08-26,1602,2022-07-01,1007,1482,35,5,5,4,1602,0,0,0,,0,002,"E GRANGEVILLE BL","N DOUTY ST",0.00,,Y,A,-,N,,,,,,,,,,Y,3,0,3,3,A,-,12,21453,A,N,H,C,A,A,H,-,A,A,0,,,,,Y,,A,01,0,3,0,0,0,0,0,0,0,"- ","- ",36.342681884765625,-119.64601898193359,KINGS,HANFORD,-119.64604949951172,36.342693328857422
94823498,2025,2025-08-29,9495,2025-08-22,1103,022247,,5,1,9,1600,0,1,1,,2,004,"INTERSTATE 5 NORTHBOUND","UTICA AVENUE",15840.00,S,N,A,-,Y,KIN,,5," "," ",9.349,H,,R,Y,3,0,3,3,A,-,03,22350,,N,C,C,A,A,H,-,A,D,0,,,,Y,Y,,F,26,0,2,1,0,0,0,0,0,0,"- ","- ",35.901050567626953,-119.87753295898438,KINGS,UNINCORPORATED,-119.87754058837891,35.901042938232422
94824373,2025,2025-09-01,9440,2025-08-17,"440 ",021114,,7,3,9,1600,0,3,5,,2,010,"7TH AVE","JACKSON AVE",0.00,,Y,A,-,N,,,,,,,,,,Y,2,0,3,2,A,-,09,21802,A,N,D,C,A,A,H,-,D,A,0,,,,,Y,,A,01,1,0,2,0,0,0,0,0,0,"- ","- ",36.254909515380859,-119.58306121826172,KINGS,UNINCORPORATED,-119.58306884765625,36.25494384765625
94824392,2025,2025-09-01,9440,2025-08-23,"645 ",016774,,6,1,9,1600,0,1,3,,1,410,SR-41,"22ND AVE",528.00,N,N,A,-,Y,KIN,,41," "," ",30.797,H,,R,Y,4,0,1,2,A,-,08,22107,,N,B,C,A,A,H,-,A,D,0,,,,,Y,,A,07,0,0,1,0,0,0,0,0,0,"- ","- ",36.162769317626953,-119.84947204589844,KINGS,UNINCORPORATED,-119.84947204589844,36.162773132324219
94830739,2025,2025-09-04,9440,2025-08-22,2033,022608,,5,2,9,1600,0,1,3,,1,410,"SR-41 NORTHBOUND","HANFORD ARMONA ROAD",80.00,S,N,A,-,Y,KIN,,41," ",R,42.129,H,,R,Y,3,0,1,2,A,-,01,23152,A,N,C,C,A,A,H,-,C,A,0,,,,,Y,Y,A,07,0,1,0,0,0,0,0,0,0,"- ","- ",36.313121795654297,-119.80774688720703,KINGS,UNINCORPORATED,-119.80775451660156,36.313121795654297
9483382,2022,2022-08-04,1602,2022-06-16,2244,14113,55,4,5,4,1602,0,0,0,,0,002,"W 3RD ST","DOUTY ST",0.00,,Y,A,-,N,,,,,,,,,,N,4,0,1,2,A,-,12,22450,A,M,C,C,A,A,H,-,C,A,0,,,,,Y,,A,07,0,0,1,0,0,0,0,0,0,"- ","- ",36.320930480957031,-119.65499877929688,KINGS,HANFORD,-119.64472198486328,36.322498321533203
9483603,2022,2022-08-22,1602,2022-07-21,1437,14103,40,4,5,4,1602,0,0,0,,0,001,"W IVY","11TH AV",66.00,E,N,A,-,N,,,,,,,,,,Y,3,0,1,3,A,-,01,23153,A,N,A,D,A,A,H,-,A,D,0,,,Y,,Y,Y,D,82,0,1,0,0,0,0,0,0,1,"- ","- ",36.332191467285156,-119.65521240234375,KINGS,HANFORD,-119.65494537353516,36.332187652587891
9483607,2022,2022-08-29,1602,2022-08-04,1550,1465,42,4,5,4,1602,0,0,0,,0,002,"E IVY ST","10TH AV",0.00,,Y,A,-,N,,,,,,,,,,Y,3,0,2,3,A,-,00,23154,A,N,D,C,A,A,H,-,A,A,0,,,,,Y,Y,A,07,0,2,0,0,0,0,0,0,0,"- ","- ",36.332168579101562,-119.63794708251953,KINGS,HANFORD,-119.63712310791016,36.332180023193359
94837897,2025,2025-09-09,9440,2025-08-31,"525 ",018840,,7,3,9,1600,0,1,3,,1,410,SR-41,"MAIN ST",0.00,,Y,A,-,Y,KIN,,41," "," ",33.001,H,,R,N,4,0,1,2,A,-,09,21802,A,N,D,C,A,A,H,-,D,A,0,,,,,Y,,A,01,0,0,1,0,0,0,0,0,0,"- ","- ",36.189441680908203,-119.82798767089844,KINGS,UNINCORPORATED,-119.82792663574219,36.189411163330078
94837906,2025,2025-09-09,9440,2025-09-01,1827,020947,,1,2,9,1600,0,2,4,,1,067,"14TH AVE","JACKSON AVE",0.00,,Y,A,-,N,,,,,,,,,,Y,3,0,3,2,A,-,12,22450,A,N,D,2,A,A,H,-,A,A,0,,,,,Y,,A,07,0,1,2,0,0,0,0,0,0,"- ","- ",36.254749298095703,-119.70905303955078,KINGS,UNINCORPORATED,-119.70900726318359,36.254772186279297
94837911,2025,2025-09-09,9440,2025-08-30,1625,016774,,6,2,9,1600,0,3,5,,2,020,"JERSEY AVE","17TH AVE",528.00,W,N,A,-,N,,,,,,,,,,Y,4,0,2,2,A,-,09,21804,A,N,D,C,A,A,H,-,A,A,0,,,,,Y,,D,22,0,0,2,0,0,0,0,0,0,"- ","- ",36.240028381347656,-119.76171112060547,KINGS,UNINCORPORATED,-119.76457214355469,36.240043640136719
94839633,2025,2025-09-10,9440,2025-09-01,"405 ",020936,,1,3,9,1600,0,2,4,,1,040,"AVENAL CUTOFF RD","LAUREL AVE",600.00,N,N,A,-,N,,,,,,,,,,Y,3,0,2,2,A,-,01,23152,A,N,B,C,A,A,H,-,D,A,0,,,,,Y,Y,A,01,0,1,1,0,0,0,0,0,0,"- ","- ",36.190521240234375,-119.94400024414062,KINGS,UNINCORPORATED,-119.94403076171875,36.19049072265625
94841303,2025,2025-10-30,9495,2025-08-31,"30  ",021029,,7,3,9,1600,0,1,3,,1,010,"STATE ROUTE 41","YORK AVENUE",10560.00,N,N,A,-,Y,KIN,,41," "," ",4.224,H,,R,Y,2,0,2,2,A,-,01,23152,F,N,A,C,A,A,H,-,D,D,0,,,,,Y,,A,01,2,0,0,0,0,0,0,0,0,"- ","- ",35.845169067382812,-120.08442687988281,KINGS,UNINCORPORATED,-120.08445739746094,35.845172882080078
9484350,2022,2022-09-08,1600,2022-06-09,1559,A47,KINGS,4,5,3,1690,0,0,0,,0,0A2,"S 7TH AV","E WHITNEY ST",0.00,,Y,A,-,N,,,,,,,,,,N,3,0,1,2,A,-,12,22450,A,N,A,G,A,A,H,-,A,A,0,,Y,,,Y,,L,04,0,1,0,0,0,0,1,0,0,"- ","- ",36.002738952636719,-120.12889099121094,KINGS,AVENAL,-120.12890625,36.002754211425781
94846825,2025,2025-09-16,9440,2025-09-08,1955,020947,,1,2,9,1600,0,2,4,,1,041,"EXCELSIOR AVE","11TH AVE",0.00,,Y,A,-,N,,,,,,,,,,Y,4,0,1,2,A,-,09,21802,A,M,D,2,A,A,H,-,C,A,0,,,,,Y,,-,99,0,0,1,0,0,0,0,0,0,"- ","- ",36.401088714599609,-119.65500640869141,KINGS,UNINCORPORATED,-119.65496826171875,36.401111602783203
94847678,2025,2025-09-17,9440,2025-09-09,1900,020936,,2,2,9,1600,0,3,5,,2,010,"5 1/2 AVE","NEWARK AVE",1584.00,N,N,A,-,N,,,,,,,,,,N,3,0,1,1,A,-,08,22107,,N,E,I,A,A,H,-,A,D,0,,,,,Y,Y,A,01,0,1,0,0,0,0,0,0,0,"- ","- ",36.124481201171875,-119.56336975097656,KINGS,UNINCORPORATED,,
94848113,2025,2025-09-17,9440,2025-04-20,2324,019829,,7,3,9,1600,0,2,4,,1,048,"HOUSTON AVENUE","STATE ROUTE 198",20.00,S,N,A,-,N,,,,,,,,,,Y,1,1,1,1,A,-,01,23152,A,N,E,I,A,A,H,-,D,D,0,,,,,Y,Y,A,01,1,0,0,0,0,0,0,0,0,"- ","- ",36.297489166259766,-119.75437927246094,KINGS,UNINCORPORATED,-119.75453948974609,36.297481536865234
94849695,2025,2025-09-18,9495,2025-09-10,1240,019453,,3,1,9,1600,0,1,1,,2,004,"INTERSTATE 5 NORTHBOUND","MILHAM AVENUE",1320.00,N,N,B,-,Y,KIN,,5," "," ",19.311,H,,R,Y,3,0,1,1,A,-,08,22107,,N,E,8,A,A,H,-,A,D,0,,,,Y,Y,,F,26,0,1,0,0,0,0,0,0,0,"- ","- ",36.011219024658203,-119.99205017089844,KINGS,UNINCORPORATED,-119.99198913574219,36.011283874511719
9485027,2022,2022-08-31,1602,2022-08-14,1940,1473,53,7,5,4,1602,0,0,0,,0,001,EWELL,"BENGSTON AV",12.00,E,N,A,-,N,,,,,,,,,,N,2,0,1,2,A,-,00,21954,,F,G,B,E,A,H,-,A,D,0,Y,,,,Y,,N,60,1,0,0,0,1,0,0,0,0,"- ","- ",36.315219879150391,-119.66782379150391,KINGS,HANFORD,-119.66738891601562,36.3153076171875
9485028,2022,2022-08-31,1602,2022-08-12,0730,14115,9,5,5,4,1602,0,0,0,,0,001,FARGO,11TH,0.00,,Y,A,-,N,,,,,,,,,,N,3,0,1,2,A,-,05,21650,1,N,A,G,A,A,H,-,A,A,0,,Y,,,Y,,L,04,0,1,0,0,0,0,1,0,0,"- ","- ",36.357261657714844,-119.65512847900391,KINGS,HANFORD,-119.65509796142578,36.357246398925781
9485029,2022,2022-08-31,1602,2022-08-11,1734,1425,43,4,5,4,1602,0,0,0,,0,002,"N 10TH AV","FLORINDA ST",0.00,,Y,A,-,N,,,,,,,,,,Y,4,0,1,3,A,-,01,23152,A,N,C,C,A,A,H,-,A,A,0,,,,,Y,Y,A,01,0,0,1,0,0,0,0,0,0,"- ","- ",,,KINGS,HANFORD,-119.63703918457031,36.334915161132812
9485357,2022,2022-08-29,1602,2022-06-12,0341,1497,36,7,5,4,1602,0,0,0,,0,002,"N 10TH AV","MALONE ST",0.00,,Y,A,-,N,,,,,,,,,,Y,4,0,2,2,A,-,08,22107,,N,C,E,A,A,H,-,C,D,0,,,,,Y,Y,A,01,0,0,2,0,0,0,0,0,0,"- ","- ",36.339031219482422,-119.63690948486328,KINGS,HANFORD,-119.63706970214844,36.339031219482422
94854709,2025,2025-09-22,9440,2025-08-23,"635 ",019039,,6,1,9,1600,0,3,5,,2,010,"10TH AVENUE","NILES AVENUE",2498.00,S,N,A,-,N,,,,,,,,,,Y,2,0,2,1,A,-,08,22107,,N,F,A,A,A,H,-,A,D,0,,,,,Y,,-,"- ",1,1,0,0,0,0,0,0,0,"- ","- ",36.116531372070312,-119.64444732666016,KINGS,UNINCORPORATED,-119.64434051513672,36.109382629394531
94854726,2025,2025-09-22,9440,2025-09-12,"625 ",018639,,5,1,9,1600,0,2,4,,1,041,"EXCELSIOR AVENUE","14TH AVENUE",156.00,W,N,A,-,N,,,,,,,,,,N,4,0,1,2,A,-,06,21750,A,M,B,C,A,A,H,-,B,D,0,,,,,Y,,E,22,0,0,1,0,0,0,0,0,0,"- ","- ",36.401168823242188,-119.70954895019531,KINGS,UNINCORPORATED,-119.70951843261719,36.401149749755859
94857817,2025,2025-09-24,9440,2025-09-14,1440,018840,,7,2,9,1600,0,1,3,,1,410,SR-41,"MADISON AVE",30.00,N,N,A,-,Y,KIN,,41," "," ",31.260,H,,R,Y,3,0,1,1,A,-,08,22107,,N,E,8,A,A,H,-,A,D,0,,,,,Y,,D,22,0,1,0,0,0,0,0,0,0,"- ","- ",36.167579650878906,-119.84381866455078,KINGS,UNINCORPORATED,-119.84389495849609,36.167625427246094
94857956,2025,2025-09-24,9495,2025-09-14,1328,019453,,7,1,9,1600,0,1,3,,1,007,"STATE ROUTE 33","STATE ROUTE 41",7814.00,S,N,A,-,Y,KIN,,33," "," ",6.347,H,,R,Y,4,0,1,1,A,-,08,22107,,N,E,8,A,A,H,-,A,D,0,,,,,Y,,A,01,0,0,1,0,0,0,0,0,0,"- ","- ",35.86968994140625,-120.03624725341797,KINGS,UNINCORPORATED,-120.03619384765625,35.869709014892578
94858690,2025,2025-09-24,9440,2025-09-21,"800 ",020947,,7,1,9,1600,0,1,3,,1,198,"SR-198 W/B","6TH AVE",0.00,,Y,A,-,Y,KIN,,198," "," ",23.324,H,,L,Y,3,0,3,2,A,-,09,21801,A,N,D,C,A,A,H,-,A,D,0,,,,,Y,,A,01,0,2,1,0,0,0,0,0,0,"- ","- ",36.3284912109375,-119.56504821777344,KINGS,UNINCORPORATED,-119.56504821777344,36.328540802001953
94858702,2025,2025-09-24,9440,2025-09-22,1510,020193,,1,2,9,1600,0,1,3,,1,430,"STATE ROUTE 43","EXCELSIOR AVENUE",50.00,S,N,A,-,Y,KIN,,43," "," ",24.455,H,,R,N,4,0,1,2,A,-,03,22350,,N,C,C,A,A,H,-,A,A,0,,,,,Y,,A,07,0,0,1,0,0,0,0,0,0,"- ","- ",36.401008605957031,-119.636962890625,KINGS,UNINCORPORATED,-119.63690948486328,36.401008605957031
94859554,2025,2025-09-25,9440,2025-09-19,"600 ",019039,,5,1,9,1600,0,3,5,,2,030,"NEVADA AVE","28TH AVE",915.00,W,N,C,-,N,,,,,,,,,,Y,3,0,1,1,A,-,08,22107,,N,F,A,A,B,H,-,B,D,0,,,,,Y,,A,07,0,1,0,0,0,0,0,0,0,"- ","- ",36.137748718261719,-119.96247863769531,KINGS,UNINCORPORATED,-119.970947265625,36.137733459472656
94860174,2025,2025-09-25,9440,2025-09-13,"730 ",019039,,6,1,9,1600,0,2,4,,1,044,"FARGO AVE","7TH AVE",1029.00,E,N,A,-,N,,,,,,,,,,Y,3,0,1,1,A,-,01,23152,A,N,E,I,A,A,H,-,A,D,0,,,,,Y,Y,A,07,0,1,0,0,0,0,0,0,0,"- ","- ",36.35723876953125,-119.57952117919922,KINGS,UNINCORPORATED,-119.57953643798828,36.3572998046875