CASE_ID,ACCIDENT_YEAR,PROC_DATE,JURIS,COLLISION_DATE,COLLISION_TIME,OFFICER_ID,REPORTING_DISTRICT,DAY_OF_WEEK,CHP_SHIFT,POPULATION,CNTY_CITY_LOC,SPECIAL_COND,BEAT_TYPE,CHP_BEAT_TYPE,CITY_DIVISION_LAPD,CHP_BEAT_CLASS,BEAT_NUMBER,PRIMARY_RD,SECONDARY_RD,DISTANCE,DIRECTION,INTERSECTION,WEATHER_1,WEATHER_2,STATE_HWY_IND,CALTRANS_COUNTY,CALTRANS_DISTRICT,STATE_ROUTE,ROUTE_SUFFIX,POSTMILE_PREFIX,POSTMILE,LOCATION_TYPE,RAMP_INTERSECTION,SIDE_OF_HWY,TOW_AWAY,COLLISION_SEVERITY,NUMBER_KILLED,NUMBER_INJURED,PARTY_COUNT,PRIMARY_COLL_FACTOR,PCF_CODE_OF_VIOL,PCF_VIOL_CATEGORY,PCF_VIOLATION,PCF_VIOL_SUBSECTION,HIT_AND_RUN,TYPE_OF_COLLISION,MVIW,PED_ACTION,ROAD_SURFACE,ROAD_COND_1,ROAD_COND_2,LIGHTING,CONTROL_DEVICE,CHP_ROAD_TYPE,PEDESTRIAN_ACCIDENT,BICYCLE_ACCIDENT,MOTORCYCLE_ACCIDENT,TRUCK_ACCIDENT,NOT_PRIVATE_PROPERTY,ALCOHOL_INVOLVED,STWD_VEHTYPE_AT_FAULT,CHP_VEHTYPE_AT_FAULT,COUNT_SEVERE_INJ,COUNT_VISIBLE_INJ,COUNT_COMPLAINT_PAIN,COUNT_PED_KILLED,COUNT_PED_INJURED,COUNT_BICYCLIST_KILLED,COUNT_BICYCLIST_INJURED,COUNT_MC_KILLED,COUNT_MC_INJURED,PRIMARY_RAMP,SECONDARY_RAMP,LATITUDE,LONGITUDE,COUNTY,CITY,POINT_X,POINT_Y
9588603,2023,2023-06-13,1602,2023-05-24,"803 ",14108,17,3,5,4,1602,0,0,0,,0,002,"E BIRCH AV","FAIRMONT DR",0.00,,Y,A,-,N,,,,,,,,,,Y,3,0,1,2,A,-,09,21802,A,N,D,C,A,A,H,-,A,A,0,,,,,Y,,A,01,0,1,0,0,0,0,0,0,0,"- ","- ",36.355491638183594,-119.63970947265625,KINGS,HANFORD,-119.63969421386719,36.355491638183594
9588633,2023,2023-06-15,1602,2023-05-30,2106,14119,39,2,5,4,1602,0,0,0,,0,001,"N GREENFIELD AV","LACEY AV",0.00,,Y,B,-,N,,,,,,,,,,Y,3,0,1,2,A,-,08,22100,A,N,C,C,A,A,H,-,C,A,0,,,,,Y,,A,01,0,1,0,0,0,0,0,0,0,"- ","- ",36.328010559082031,-119.65821075439453,KINGS,HANFORD,-119.65816497802734,36.328048706054688
9588634,2023,2023-06-28,1600,2023-05-09,"957 ",A155,A1,2,5,3,1690,0,0,0,,0,0A1,"VENTURA ST","GRANGEVILLE AV",564.00,E,N,A,-,N,,,,,,,,,,N,2,0,1,4,A,-,"- ",,,N,G,-,E,A,H,-,A,D,0,Y,,,,Y,Y,A,01,1,0,0,0,1,0,0,0,0,"- ","- ",35.9993896484375,-120.11762237548828,KINGS,AVENAL,,
9588635,2023,2023-06-15,1602,2023-05-26,1328,1429,48,5,5,4,1602,0,0,0,,0,002,"W 4TH ST","PHILLIPS ST",0.00,,Y,A,-,N,,,,,,,,,,Y,3,0,1,2,A,-,09,21802,A,N,D,D,A,A,H,-,A,A,0,,,,,Y,,A,01,0,1,0,0,0,0,0,0,0,"- ","- ",36.322891235351562,-119.64974975585938,KINGS,HANFORD,-119.6497802734375,36.322883605957031
9588636,2023,2023-06-15,1602,2023-05-30,1521,1473,54,2,5,4,1602,0,0,0,,0,001,"S 11TH AV","4TH ST",0.00,,Y,A,-,N,,,,,,,,,,Y,4,0,2,3,A,-,12,21453,A,N,D,C,A,A,H,-,A,A,0,,,Y,,Y,,C,02,0,0,2,0,0,0,0,0,2,"- ","- ",36.321399688720703,-119.65692901611328,KINGS,HANFORD,-119.65509033203125,36.321994781494141
9588637,2023,2023-06-15,1602,2023-05-19,"929 ",1499,41,5,5,4,1602,0,0,0,,0,002,"N REDINGTON ST","W FLORINDA ST",50.00,W,N,A,-,N,,,,,,,,,,N,3,0,1,2,A,-,09,21802,A,M,B,C,A,A,H,-,A,A,0,,,,,Y,,A,01,0,1,0,0,0,0,0,0,0,"- ","- ",36.33489990234375,-119.64929962158203,KINGS,HANFORD,-119.64930725097656,36.33489990234375
9589619,2023,2023-06-20,1603,2023-05-28,1250,1838,LK2,7,5,3,1603,0,0,0,,0,0L2,"SARA DR","E HAZELWOOD DR",55.00,N,N,A,-,N,,,,,,,,,,Y,2,0,1,1,A,-,03,22350,,N,E,I,A,A,H,-,A,D,0,,,,,Y,,D,22,1,0,0,0,0,0,0,0,0,"- ","- ",36.316398620605469,-119.77509307861328,KINGS,LEMOORE,-119.77484130859375,36.316291809082031
9589914,2023,2023-07-20,1602,2023-06-02,1648,1473,47,5,5,4,1602,0,0,0,,0,001,"S 11TH AV","5TH AV",0.00,,Y,A,-,N,,,,,,,,,,N,4,0,1,3,A,-,03,22350,,N,C,C,A,A,H,-,A,A,0,,,,,Y,,A,01,0,0,1,0,0,0,0,0,0,"- ","- ",36.322669982910156,-119.65522766113281,KINGS,HANFORD,-119.65521240234375,36.323200225830078
9591380,2023,2023-08-04,1602,2023-06-03,"432 ",1497,49,6,5,4,1602,0,0,0,,0,002,"S DOUTY ST","4TH ST",0.00,,Y,A,-,N,,,,,,,,,,Y,4,0,1,2,A,-,12,22450,,N,D,C,A,A,H,-,-,A,0,,,,,Y,,A,07,0,0,1,0,0,0,0,0,0,"- ","- ",36.323631286621094,-119.64495849609375,KINGS,HANFORD,-119.64498901367188,36.323623657226562
9593113,2023,2023-07-07,1603,2023-06-12,2154,1852,LJ2,1,5,3,1603,0,0,0,,0,0L2,"FRONTAGE RD","OPAL DR",90.00,W,N,A,-,N,,,,,,,,,,N,3,0,1,2,A,-,11,21954,A,N,G,B,D,A,H,-,D,D,0,Y,,,,Y,,N,60,0,1,0,0,1,0,0,0,0,"- ","- ",36.313461303710938,-119.7735595703125,KINGS,LEMOORE,,
9593288,2023,2023-07-10,1602,2023-05-31,1146,63333333,42,3,5,4,1602,0,0,0,,0,002,"TENTH ST","DOUTY ST",0.00,,Y,A,-,N,,,,,,,,,,Y,4,0,1,3,A,-,09,21802,A,N,D,C,A,A,H,-,A,A,0,,,,,Y,,A,01,0,0,1,0,0,0,0,0,0,"- ","- ",36.330120086669922,-119.64604187011719,KINGS,HANFORD,-119.64603424072266,36.330120086669922
9593321,2023,2023-07-24,1602,2023-06-14,1104,1473,32,3,5,4,1602,0,0,0,,0,001,"11TH AV","ELM ST",0.00,,Y,A,-,N,,,,,,,,,,Y,4,0,2,2,D,-,00,,,N,A,C,A,A,H,-,A,A,0,,,,,Y,,-,"- ",0,0,2,0,0,0,0,0,0,"- ","- ",36.333831787109375,-119.6551513671875,KINGS,HANFORD,-119.65517425537109,36.333820343017578
9593322,2023,2023-07-24,1602,2023-06-05,1714,1466,24,1,5,4,1602,0,0,0,,0,001,"W GRANGEVILLE BL","N 11TH AV",0.00,,Y,A,-,N,,,,,,,,,,N,3,0,2,2,A,-,09,21804,A,N,D,D,A,A,H,-,A,D,0,,,,,Y,,A,01,0,2,0,0,0,0,0,0,0,"- ","- ",36.342658996582031,-119.65512084960938,KINGS,HANFORD,-119.65512847900391,36.342666625976562
9593323,2023,2023-07-24,1602,2023-06-15,1651,1429,45,4,5,4,1602,0,0,0,,0,001,"CENTENNIAL DR","12TH AV",0.00,,Y,A,-,N,,,,,,,,,,Y,3,0,3,2,A,-,12,21453,A,N,D,D,A,A,H,-,A,A,0,,,,,Y,,A,07,0,2,1,0,0,0,0,0,0,"- ","- ",36.322971343994141,-119.67302703857422,KINGS,HANFORD,-119.67303466796875,36.322921752929688
9593326,2023,2023-07-24,1602,2023-06-12,"852 ",1465,47,1,5,4,1602,0,0,0,,0,001,"W 7TH ST","REGAN WY",508.00,E,N,A,-,N,,,,,,,,,,Y,3,0,3,2,A,-,09,21804,A,N,A,C,A,A,H,-,A,A,0,,,,,Y,,A,01,0,1,2,0,0,0,0,0,0,"- ","- ",36.325401306152344,-119.65982818603516,KINGS,HANFORD,-119.65727996826172,36.325199127197266
9597005,2023,2023-08-22,1603,2023-07-16,1839,1846,LB4,7,5,3,1603,0,0,0,,0,0L1,"N 19 1/2 AV","CASTLE WY",108.00,S,N,A,-,N,,,,,,,,,,N,3,0,1,2,A,-,17,21209,A,M,B,G,A,A,H,-,A,D,0,,Y,,,Y,,A,07,0,1,0,0,0,0,1,0,0,"- ","- ",36.302181243896484,-119.80773162841797,KINGS,LEMOORE,-119.80776214599609,36.301937103271484
9599575,2023,2023-08-09,1603,2023-07-07,2105,1162,LN5,5,5,3,1603,0,0,0,,0,0L3,"SOUTH 19TH AV","CEDAR LN",9.00,S,N,A,-,N,,,,,,,,,,N,3,0,1,2,A,-,09,21800,A,N,H,G,A,A,H,-,C,A,0,,Y,,,Y,,A,01,0,1,0,0,0,0,1,0,0,"- ","- ",36.292819976806641,-119.798828125,KINGS,LEMOORE,-119.79885101318359,36.29278564453125
9601087,2023,2023-08-09,1602,2023-07-14,1700,1496,4,5,5,4,1602,0,0,0,,0,001,"N DOUTY ST","N DOUTY ST 3000",0.00,,N,A,-,N,,,,,,,,,,Y,3,0,1,2,A,-,01,23152,A,N,C,E,A,A,H,-,A,D,0,,,,,Y,Y,A,01,0,1,0,0,0,0,0,0,0,"- ","- ",36.364559173583984,-119.64608001708984,KINGS,HANFORD,-119.64533996582031,36.325107574462891
9601774,2023,2023-09-13,1601,2023-04-12,1307,199,7A,3,5,3,1601,0,0,0,,0,00N,"WHITLEY AV","DAIRY AV",0.00,,Y,A,-,N,,,,,,,,,,N,4,0,1,2,A,-,09,21801,,N,H,C,A,A,H,-,D,A,0,,,,,Y,,A,01,0,0,1,0,0,0,0,0,0,"- ","- ",36.098079681396484,-119.57200622558594,KINGS,CORCORAN,-119.57205200195312,36.098072052001953
9601941,2023,2024-01-02,1602,2023-07-06,1622,14106,30,4,5,4,1602,0,0,0,,0,001,"WEST LACEY BL","12TH AV",8.00,W,N,A,-,N,,,,,,,,,,N,3,0,1,2,A,-,05,21650,1,N,D,G,A,A,H,-,A,A,0,,Y,,,Y,,L,04,0,1,0,0,0,0,1,0,0,"- ","- ",36.330181121826172,-119.67350006103516,KINGS,HANFORD,-119.67302703857422,36.328140258789062
9602099,2023,2023-08-09,1602,2023-06-09,1904,14109,42,5,5,4,1602,0,0,0,,0,002,"E IVY ST","10TH AV",0.00,,Y,A,-,N,,,,,,,,,,N,3,0,1,2,A,-,05,21650,,N,D,G,A,A,H,-,A,A,0,,Y,,,Y,,L,04,0,1,0,0,0,0,1,0,0,"- ","- ",36.332168579101562,-119.63710021972656,KINGS,HANFORD,-119.63712310791016,36.332180023193359
9602187,2023,2023-08-14,1603,2023-07-31,"918 ",1800,LJ1,1,5,3,1603,0,0,0,,0,0L2,"NORTH LEMOORE AV","W BURLWOOD LN",223.00,S,N,A,-,N,,,,,,,,,,N,3,0,1,2,A,-,09,21802,A,N,D,C,A,A,H,-,A,A,0,,,,,Y,,A,01,0,1,0,0,0,0,0,0,0,"- ","- ",36.313938140869141,-119.77992248535156,KINGS,LEMOORE,-119.78079223632812,36.314678192138672
9602661,2023,2023-08-24,1602,2023-07-17,"926 ",1429,38,1,5,4,1602,0,0,0,,0,001,"WEST LACEY BL",MATHER,0.00,,Y,A,-,N,,,,,,,,,,N,4,0,1,2,A,-,09,21804,A,N,H,G,A,A,H,-,A,A,0,,Y,,,Y,,L,04,0,0,1,0,0,0,1,0,0,"- ","- ",36.328128814697266,-119.66652679443359,KINGS,HANFORD,-119.66650390625,36.328140258789062
9603103,2023,2023-07-27,1602,2023-06-28,"918 ",1473,8,3,5,4,1602,0,0,0,,0,001,"N GLACIER WY","FARGO AV",0.00,,Y,A,-,N,,,,,,,,,,Y,4,0,2,2,A,-,09,21802,A,N,D,C,A,A,H,-,A,A,0,,,,,Y,,A,01,0,0,2,0,0,0,0,0,0,"- ","- ",36.35723876953125,-119.66184234619141,KINGS,HANFORD,-119.66181945800781,36.357265472412109
9603104,2023,2023-07-27,1602,2023-06-08,2242,1497,50,4,5,4,1602,0,0,0,,0,002,"E LACEY BL","JESSIE ST",0.00,,Y,A,-,N,,,,,,,,,,N,3,0,1,2,A,-,11,21954,A,N,G,B,E,A,H,-,C,A,0,Y,,,,Y,,N,60,0,1,0,0,1,0,0,0,0,"- ","- ",36.327510833740234,-119.63307952880859,KINGS,HANFORD,-119.63456726074219,36.328041076660156
9603106,2023,2023-07-27,1602,2023-06-09,"645 ",1479,18,5,5,4,1602,0,0,0,,0,002,"N 10TH AV","E LAKEWOOD AV",0.00,,Y,A,-,N,,,,,,,,,,Y,4,0,1,2,A,-,09,21802,A,N,D,C,A,A,H,-,A,D,0,,,,,Y,,A,01,0,0,1,0,0,0,0,0,0,"- ","- ",36.351959228515625,-119.63706970214844,KINGS,HANFORD,-119.63709259033203,36.351970672607422
9604582,2023,2023-10-24,1603,2023-09-23,1656,1852,LO6,6,5,3,1603,0,0,0,,0,0L3,"RT 41","RT 198",0.00,,Y,A,-,Y,KIN,6,41,-,R,39.926,R,4,N,Y,4,0,1,2,A,-,09,21804,A,N,A,C,A,A,H,-,A,A,0,,,,,Y,,A,01,0,0,1,0,0,0,0,0,0,"- ","- ",36.281681060791016,-119.80773162841797,KINGS,LEMOORE,-119.80793762207031,36.281791687011719
9604610,2023,2023-11-13,1603,2023-09-29,"846 ",1852,L06,5,5,3,1603,0,0,0,,0,0L3,"RT 41","IDAHO AV",3870.00,N,N,A,-,Y,KIN,6,41,-,R,39.779,I,5,N,N,3,0,3,2,A,-,04,21703,,N,C,C,A,A,H,-,A,D,0,,,,,Y,,A,01,0,1,2,0,0,0,0,0,0,"- ","- ",36.281681060791016,-119.80773162841797,KINGS,LEMOORE,-119.807861328125,36.279659271240234
9605927,2023,2023-08-22,1602,2023-07-22,1529,14118,36,6,5,4,1602,0,0,0,,0,002,"10TH AV","GRANGEVILLE BL",0.00,,Y,A,-,N,,,,,,,,,,Y,3,0,2,2,A,-,03,22350,,N,C,C,A,A,H,-,A,A,0,,,,,Y,,A,01,0,2,0,0,0,0,0,0,0,"- ","- ",36.342681884765625,-119.63704681396484,KINGS,HANFORD,-119.63706207275391,36.342693328857422
9605930,2023,2023-09-18,1602,2023-07-16,2132,14113,30,7,5,4,1602,0,0,0,,0,001,"12TH AV","WEST LACEY BL",0.00,,Y,A,-,N,,,,,,,,,,Y,4,0,3,2,D,-,00,,,N,B,C,A,A,H,-,C,A,0,,,,,Y,Y,-,"- ",0,0,3,0,0,0,0,0,0,"- ","- ",36.328018188476562,-119.67282104492188,KINGS,HANFORD,-119.67299652099609,36.328140258789062
9606064,2023,2023-08-18,1602,2023-08-01,1037,1429,50,2,5,4,1602,0,0,0,,0,002,"E LACEY BL","JESSIE AV",72.00,W,N,A,-,N,,,,,,,,,,Y,3,0,1,2,A,-,03,22350,,N,F,A,A,A,G,-,A,D,0,,,Y,,Y,,C,02,0,1,0,0,0,0,0,0,1,"- ","- ",36.327590942382812,-119.63426208496094,KINGS,HANFORD,-119.63481140136719,36.328037261962891
9606358,2023,2023-09-01,1602,2023-08-15,1002,1473,40,2,5,4,1602,0,0,0,,0,001,"11TH AV",FLORINDA,0.00,,Y,A,-,N,,,,,,,,,,Y,4,0,1,2,A,-,12,21453,A,N,D,C,A,A,H,-,A,A,0,,,,,Y,,A,01,0,0,1,0,0,0,0,0,0,"- ","- ",36.334880828857422,-119.65514373779297,KINGS,HANFORD,-119.65517425537109,36.334907531738281
9606745,2023,2023-08-31,1602,2023-07-28,1817,14118,59,5,5,4,1602,0,0,0,,0,001,"12TH AV","HUME AV",0.00,,Y,A,-,N,,,,,,,,,,Y,3,0,2,2,A,-,12,22450,A,N,D,C,A,A,H,-,A,A,0,,,,,Y,,A,01,0,1,1,0,0,0,0,0,0,"- ","- ",36.305641174316406,-119.67285919189453,KINGS,HANFORD,-119.67285919189453,36.305629730224609
9606746,2023,2023-08-31,1602,2023-07-24,2335,14111,32,1,5,4,1602,0,0,0,,0,001,"RODGERS RD","N 11TH AV",0.00,,Y,A,-,N,,,,,,,,,,Y,3,0,1,2,A,-,09,21801,,N,D,C,A,A,H,-,C,A,0,,,,,Y,,A,01,0,1,0,0,0,0,0,0,0,"- ","- ",36.334888458251953,-119.65514373779297,KINGS,HANFORD,-119.65517425537109,36.334907531738281
9606747,2023,2023-08-31,1602,2023-07-02,"258 ",14103,32,7,5,4,1602,0,0,0,,0,001,"N 11TH AV",CAMERON,0.00,,Y,A,-,N,,,,,,,,,,Y,3,0,1,2,A,-,01,23152,A,N,C,C,A,A,H,-,C,D,0,,,,,Y,Y,A,01,0,1,0,0,0,0,0,0,0,"- ","- ",36.337318420410156,-119.65541076660156,KINGS,HANFORD,-119.6551513671875,36.336715698242188
9606783,2023,2023-10-06,1602,2023-08-16,1505,1473,48,3,5,4,1602,0,0,0,,0,002,"REDINGTON ST","7TH ST",0.00,,Y,A,-,N,,,,,,,,,,Y,4,0,1,2,A,-,12,21453,A,N,D,C,A,A,H,-,A,A,0,,,,,Y,,A,01,0,0,1,0,0,0,0,0,0,"- ","- ",36.326408386230469,-119.64865875244141,KINGS,HANFORD,-119.64888763427734,36.326133728027344
9606784,2023,2023-10-06,1602,2023-08-02,1435,1429,42,3,5,4,1602,0,0,0,,0,002,"N DOUTY ST","7TH ST",0.00,,Y,A,-,N,,,,,,,,,,Y,4,0,1,2,A,-,12,21453,A,N,D,D,A,A,H,-,A,A,0,,,,,Y,,A,07,0,0,1,0,0,0,0,0,0,"- ","- ",36.326629638671875,-119.64568328857422,KINGS,HANFORD,-119.64569854736328,36.326629638671875
9606785,2023,2023-10-06,1602,2023-08-02,1625,1473,9,3,5,4,1602,0,0,0,,0,001,"W FARGO","11TH AV",181.00,E,N,A,-,N,,,,,,,,,,N,4,0,1,2,A,-,09,21804,A,N,D,D,A,A,H,-,A,A,0,,,,,Y,,A,01,0,0,1,0,0,0,0,0,0,"- ","- ",36.357261657714844,-119.65514373779297,KINGS,HANFORD,-119.65448760986328,36.357250213623047
9607341,2023,2023-10-02,1602,2023-08-19,"812 ",14120,33,6,5,4,1602,0,0,0,,0,001,"N 11TH AV","W FLORINDA ST",0.00,,Y,A,-,N,,,,,,,,,,N,3,0,1,2,A,-,12,21453,A,N,B,C,A,A,H,-,A,A,0,,,,,Y,,A,07,0,1,0,0,0,0,0,0,0,"- ","- ",36.334888458251953,-119.65514373779297,KINGS,HANFORD,-119.65517425537109,36.334907531738281
9607487,2023,2023-12-27,1602,2023-11-17,2121,14120,45,5,5,4,1602,0,0,0,,0,001,"S 12TH AV","RT 198",0.00,,Y,C,-,Y,KIN,6,198,-,R,16.646,R,1,E,Y,3,0,3,2,A,-,01,23153,A,N,A,C,A,B,H,-,C,A,0,,,,,Y,Y,D,22,0,3,0,0,0,0,0,0,0,"- ","- ",36.319221496582031,-119.67108917236328,KINGS,HANFORD,-119.67760467529297,36.317855834960938
9607495,2023,2023-12-13,1602,2023-10-23,1057,14108,48,1,5,4,1602,0,0,0,,0,002,"W 5TH ST","S 11TH ST",0.00,,Y,A,-,N,,,,,,,,,,Y,3,0,2,2,A,-,12,21453,A,N,D,C,A,A,H,-,A,A,0,,,,Y,Y,,A,01,0,2,0,0,0,0,0,0,0,"- ","- ",36.322669982910156,-119.65522766113281,KINGS,HANFORD,-119.65521240234375,36.323200225830078
9607499,2023,2023-12-12,1602,2023-10-25,1858,14124,53,3,5,4,1602,0,0,0,,0,001,"W HANFORD ARMONA RD","HANFORD ARMONA RD",15.00,N,N,A,-,N,,,,,,,,,,N,2,0,2,2,A,-,03,22350,,N,A,C,A,A,H,-,C,D,0,,,,,Y,,D,22,1,0,1,0,0,0,0,0,0,"- ","- ",36.313369750976562,-119.66716003417969,KINGS,HANFORD,-119.67665100097656,36.313499450683594
9607546,2023,2023-10-03,1602,2023-08-18,1142,14106,25,5,5,4,1602,0,0,0,,0,001,"W GRANGEVILLE BL","N REDINGTON ST",0.00,,Y,A,-,N,,,,,,,,,,Y,4,0,2,2,A,-,12,21453,A,N,D,C,A,A,H,-,A,A,0,,,,,Y,,A,01,0,0,2,0,0,0,0,0,0,"- ","- ",36.342689514160156,-119.64930725097656,KINGS,HANFORD,-119.64931488037109,36.342685699462891
9607548,2023,2023-10-03,1602,2023-08-09,1720,14108,39,3,5,4,1602,0,0,0,,0,001,"11TH AV","LACEY BL",0.00,,Y,A,-,N,,,,,,,,,,N,3,0,1,2,A,-,10,21950,A,N,G,-,B,A,H,-,A,A,0,Y,,,,Y,,N,60,0,1,0,0,1,0,0,0,0,"- ","- ",36.328128814697266,-119.65521240234375,KINGS,HANFORD,-119.65519714355469,36.328048706054688
9607550,2023,2023-10-03,1602,2023-08-21,1508,1473,48,1,5,4,1602,0,0,0,,0,002,"11TH AV","4TH ST",0.00,,Y,A,-,N,,,,,,,,,,N,3,0,1,2,A,-,03,22350,,N,C,C,A,A,H,-,A,A,0,,,,,Y,,A,01,0,1,0,0,0,0,0,0,0,"- ","- ",36.322021484375,-119.65506744384766,KINGS,HANFORD,-119.65509033203125,36.321994781494141
9607606,2023,2023-09-21,1602,2023-08-29,"719 ",1473,35,2,5,4,1602,0,0,0,,0,002,"E GRANGEVILLE BL","HARRIS ST",0.00,,Y,A,-,N,,,,,,,,,,N,3,0,1,2,A,-,10,21950,A,N,G,B,B,A,H,-,A,A,0,Y,,,,Y,,A,01,0,1,0,0,1,0,0,0,0,"- ","- ",36.342689514160156,-119.64434814453125,KINGS,HANFORD,-119.64438629150391,36.342700958251953
9607607,2023,2023-09-21,1602,2023-08-25,"702 ",14120,24,5,5,4,1602,0,0,0,,0,001,"JANA WY","11TH AV",0.00,E,N,A,-,N,,,,,,,,,,N,3,0,1,2,A,-,10,21950,A,N,G,B,B,A,H,-,A,A,0,Y,,,,Y,,A,01,0,1,0,0,1,0,0,0,0,"- ","- ",36.345909118652344,-119.65508270263672,KINGS,HANFORD,-119.65507507324219,36.345420837402344
9607608,2023,2023-10-02,1602,2023-08-04,2225,14114,25,5,5,4,1602,0,0,0,,0,001,"GRANGEVILLE BL","N 11TH AV",0.00,,Y,A,-,N,,,,,,,,,,Y,4,0,1,1,A,-,08,22107,,N,E,I,A,A,H,-,C,B,0,,,,,Y,,A,01,0,0,1,0,0,0,0,0,0,"- ","- ",36.342658996582031,-119.65512084960938,KINGS,HANFORD,-119.65512847900391,36.342666625976562
9608652,2023,2023-09-11,1603,2023-08-05,2307,1162,L13,6,5,3,1603,0,0,0,,0,0L2,"EAST CINNAMON DR","CARLA DR",114.00,E,N,A,-,N,,,,,,,,,,Y,2,0,1,3,A,-,01,23152,A,N,C,E,A,A,H,-,C,D,0,,,,,Y,Y,A,01,1,0,0,0,0,0,0,0,0,"- ","- ",36.30767822265625,-119.77220153808594,KINGS,LEMOORE,-119.77184295654297,36.307773590087891
9613891,2023,2023-10-25,1602,2023-09-02,1758,14104,30,6,5,4,1602,0,0,0,,0,001,"12TH AV","GREENFIELD AV",0.00,,Y,A,-,N,,,,,,,,,,Y,4,0,1,2,A,-,03,22350,,N,D,C,A,A,H,-,A,A,0,,,,,Y,,A,01,0,0,1,0,0,0,0,0,0,"- ","- ",36.336528778076172,-121.96730041503906,KINGS,HANFORD,-119.67291259765625,36.336536407470703
9615098,2022,2023-09-07,1601,2022-10-04,0820,188,13,2,5,3,1601,0,0,0,,0,00S,"BAINUM AV","CHASE AV",0.00,,Y,A,-,N,,,,,,,,,,N,3,0,2,2,A,-,03,22350,,N,E,J,A,A,H,-,A,A,0,,,,,Y,,D,22,0,1,1,0,0,0,0,0,0,"- ","- ",36.090549468994141,-119.56108856201172,KINGS,CORCORAN,-119.56089019775391,36.090793609619141
9615102,2022,2023-09-07,1601,2022-10-04,1630,188,9,2,5,3,1601,0,0,0,,0,00N,"WHITLEY AV","NORBOE AV",16.00,E,N,A,-,N,,,,,,,,,,N,3,0,1,2,A,-,03,22350,,N,C,C,A,A,H,-,A,D,0,,,Y,,Y,,C,02,0,1,0,0,0,0,0,0,1,"- ","- ",36.098300933837891,-119.56130981445312,KINGS,CORCORAN,-119.56222534179688,36.098041534423828
9615104,2022,2023-09-08,1601,2022-10-29,1153,195,1,6,5,3,1601,0,0,0,,0,00N,"ORANGE AV","6 1/2 AV",0.00,,Y,A,-,N,,,,,,,,,,N,3,0,1,1,A,-,03,22350,,N,H,A,A,A,H,-,A,D,0,,,Y,,Y,,C,02,0,1,0,0,0,0,0,0,1,"- ","- ",36.108779907226562,-119.58305358886719,KINGS,CORCORAN,-119.58103942871094,36.109027862548828
9615107,2022,2023-09-07,1601,2022-10-21,0619,199,3,5,5,3,1601,0,0,0,,0,00N,"SANTA FE AV","ORANGE AV",0.00,,Y,A,-,N,,,,,,,,,,N,4,0,4,2,A,-,03,22350,,N,C,C,A,A,H,-,C,A,0,,,,,Y,,D,22,0,0,4,0,0,0,0,0,0,"- ","- ",36.109481811523438,-119.56477355957031,KINGS,CORCORAN,-119.5648193359375,36.109504699707031
9615110,2022,2023-09-07,1601,2022-10-08,1435,195,8,6,5,3,1601,0,0,0,,0,00N,"DAIRY AV","PATTERSON AV",0.00,,Y,A,-,N,,,,,,,,,,Y,3,0,2,2,A,-,09,21802,A,N,C,D,A,A,H,-,A,D,0,,,,,Y,,A,01,0,2,0,0,0,0,0,0,0,"- ","- ",36.101730346679688,-119.57205200195312,KINGS,CORCORAN,-119.57207489013672,36.101707458496094
9615117,2022,2023-09-07,1601,2022-10-10,1312,187,9,1,5,3,1601,0,0,0,,0,00N,"FLORY AV","OTIS AV",0.00,,Y,A,-,N,,,,,,,,,,N,4,0,1,2,A,-,06,21755,,M,B,C,A,A,H,-,A,D,0,,,,,Y,,A,01,0,0,1,0,0,0,0,0,0,"- ","- ",36.095939636230469,-119.55711364746094,KINGS,CORCORAN,-119.55715179443359,36.097759246826172
9615120,2022,2023-09-07,1601,2022-10-25,1539,196,10,2,5,3,1601,0,0,0,,0,00S,"SHERMAN AV","HALE AV",0.00,,Y,A,-,N,,,,,,,,,,N,4,0,1,2,A,-,04,21703,,N,C,C,A,A,H,-,A,D,0,,,,,Y,,A,07,0,0,1,0,0,0,0,0,0,"- ","- ",36.094451904296875,-119.56491088867188,KINGS,CORCORAN,-119.56534576416016,36.094444274902344
9615488,2023,2023-09-21,1601,2023-05-21,"614 ",199,3,7,5,3,1601,0,0,0,,0,00N,"PICKERELL AV","RT 43",0.00,,Y,A,-,Y,KIN,6,43,-,-,2.260,I,6,N,N,4,0,1,2,A,-,12,22450,,N,H,C,A,A,H,-,A,A,0,,,,,Y,,A,01,0,0,1,0,0,0,0,0,0,"- ","- ",36.043430328369141,-119.51624298095703,KINGS,CORCORAN,-119.55427551269531,36.106876373291016
9615522,2023,2023-10-05,1603,2023-08-22,"634 ",1821,LK2,2,5,3,1603,0,0,0,,0,0L2,"E SPRUCE AV","MARY ST",0.00,,Y,A,-,N,,,,,,,,,,N,3,0,2,3,A,-,09,21800,B,N,A,C,A,A,H,-,A,D,0,,,,,Y,,A,01,0,1,1,0,0,0,0,0,0,"- ","- ",36.319660186767578,-119.77571105957031,KINGS,LEMOORE,-119.77571105957031,36.319625854492188